248044
248045
248046
248047
248048
248049
248050
248051
248052
248053
248054
248055
248056
248057
248058
248059
248060
248061
248062
248063
248064
248065
248066
248067
248068
248069
248070
248071
248072
248073
248074
248075
248076
248077
248078
248079
248080
248081
248082
248083
248084
248085
248086
248087
248088
248089
248090
248091
248092
248093
248094
248095
248096
248097
248098
248099
248100
248101
248102
248103
248104
248105
248106
248107
248108
248109
248110
248111
248112
248113
248114
248115
248116
248117
248118
248119
248120
248121
248122
248123
248124
248125
248126
248127
248128
248129
248130
248131
248132
248133
248134
248135
248136
248137
248138
248139
248140
248141
248142
248143
248144
248145
248146
248147
248148
248149
248150
248151
248152
248153
248154
248155
248156
248157
248158
248159
248160
248161
248162
248163
248164
248165
248166
248167
248168
248169
248170
248171
248172
248173
248174
248175
248176
248177
248178
248179
248180
248181
248182
248183
248184
248185
248186
248187
248188
248189
248190
248191
248192
248193
248194
248195
248196
248197
248198
248199
248200
248201
248202
248203
248204
248205
248206
248207
248208
248209
248210
248211
248212
248213
248214
248215
248216
248217
248218
248219
248220
248221
248222
248223
248224
248225
248226
248227
248228
248229
248230
248231
248232
248233
248234
248235
248236
248237
248238
248239
248240
248241
248242
248243
248244
248245
248246
248247
248248
248249
248250
248251
248252
248253
248254
248255
248256
248257
248258
248259
248260
248261
248262
248263
248264
248265
248266
248267
248268
248269
248270
248271
248272
248273
248274
248275
248276
248277
248278
248279
248280
248281
248282
248283
248284
248285
248286
248287
248288
248289
248290
248291
248292
248293
248294
248295
248296
248297
248298
248299
248300
248301
248302
248303
248304
248305
248306
248307
248308
248309
248310
248311
248312
248313
248314
248315
248316
248317
248318
248319
198
11
13
220
15
328
262
16
271
17
487
25
285
279
283
735
313
18
19
8
21
20
12
321
264
23
309
1510
30
318
369
413
22
24
92
310
1
14
63
26
303
653
440
87
364
91
471
359
314
1970
579
524
256
388
460
14235
1174
28
1590
638
4055
381
7
6
1411
12654
980
6970
307
60
82
16018
383
67
498
763
363
257
424
421
476
333
4047
62
87011
77
681
348
1500
2972
478
494
71093
504
2069
874
21634
1921
1137
466
506
696
430
883
50285
1385
561
628
64
332
1558
1049
713
397
606
6982
539
615
493
10
1368
90448
513
33
1957
58
636
2581
516
694
727
28306
2
50
4965
2933
5868
44
7561
958
553
514
4071
16415
2736
4222
2830
69
1407
1102
687
2168
31708
42951
436
464
760
6707
434
1153
54802
548
1149
36840
1719
4241
42743
66
32
22916
29
19304
1132
791
22464
361
10673
1156
23958
593
999
30223
29292
594
1170
5915
2468
196669
411
1542
585
351
90
1064
745
449
65
76
1534
1870
1259
53
869
799
886
84
716
437
312
1144
1293
4087
89059
9802
406
660
68
1236
748
36974
1754
6533
1581
6518
54962
984
1118
7441
18912
3158
1179
1752
3950
913
70
578
11170
1120
79
5031
9251
9834
35
334
1429
803
1788
1103
591
9537
889
8806
1074
4523
281
3403
682
1189
1167
357
950
1608
1358
4906
13962
443
59730
42
2390
10885
27653
10617
33059
3689
871
14134
37
8125
1644
286
4471
1690
7563
9
2600
1238
5533
6613
3773
6185
1596
3683
12525
6000
550
5790
2423
85
9665
11012
47543
20460
54641
4691
4203
809
1165
10380
9764
36
1622
795
3129
709
4673
14832
274
5887
420
10229
4
34
3506
884
854
864
43
5604
2754
1331
1141
3817
7936
3687
7267
1352
1005
5272
470
6971
74645
1105
1438
2186
4145
535
55404
4051
976
6795
74
46018
646
1791
6558
56010
304
2424
4563
38
27718
26023
4277
668
1301
2020
16451
1387
867
327
1054
5945
17963
12305
10152
816
599
71483
1989
1463
24463
18601
5759
777
2061
4147
27
1133
1324
12756
35697
1396
49684
15411
4536
352
8213
3165
733
13985
3294
2801
1224
2072
5675
701
45
1083
1220
159029
48
1518
6526
2349
4546
290
88
64700
5513
20734
13769
7195
80
1210
86254
1061
914
234
13506
931
723
71
1344
72
426
1076
43143
906
1940
4625
28647
1787
189551
31735
25620
835
280
75
1562
17778
2136
877
75021
4406
491
1088
2276
888
1756
1576
2192
7968
837
592
488
3421
1472
992
3042
652
1151
2378
1040
942
557
1902
469
92137
4831
345
1892
3040
260
1548
13470
4129
1393
482
4616
52240
86
1316
1330
1117
10014
1345
948
27896
832
830
31276
1067
523
2163
1267
944
2526
462
5500
19671
5712
447
1056
2291
9341
3300
81
380
4692
2272
2107
51
567
1822
3059
272
331
1951
3676
1380
1048
21966
19159
84577
1328
1402
5653
1203
1679
2512
702
6136
1445
83
292
1217
5799
975
1089
2715
12237
11173
2663
2397
1288
429
6325
5148
3299
1414
2957
92306
13724
12102
2836
3525
866
2193
9640
5046
27110
390
1779
8484
39
287
1228
46
23619
625
8705
261
1640
93720
19913
5458
21628
49
60593
293
22903
635
59
4882
1271
2318
6761
5527
5081
3765
1483
7116
1142
7532
1503
1551
37999
417
5495
46571
4779
2100
4119
311
13427
13509
90563
2153
1092
2222
2716
2166
629
2083
5039
804
48791
89386
2343
834
68767
5530
1528
4028
46374
1453
6088
21563
8753
1715
3357
40049
847
52965
9566
4224
697
1879
27292
3983
4105
1373
284
3545
3443
3728
1866
1723
1122
5292
1469
10672
2717
15167
6297
47
11521
353
38681
3766
1716
8768
18583
3163
5722
11134
3595
32645
1021
2212
1362
1745
1676
4885
10333
29316
2400
730
4612
1568
4211
13514
387
2308
319
47128
508
1284
1063
8207
580
529
11765
1031
10630
9571
9253
785
3745
2064
44675
9705
3533
77068
3635
5098
14760
3608
1152
3759
1257
3431
853
3850
5878
957
1277
38718
670
1744
3286
808
12952
294
2822
2270
496
15015
3603
18046
3625
8606
7664
4100
92217
1248
1321
8015
320
2964
1401
7734
1724
632
11140
295
3704
6276
710
4003
2923
2519
4752
354
2048
5639
9909
3074
1204
60770
2958
343
12283
40229
9845
259
623
8240
7718
48818
3359
2450
30097
2880
2702
6843
1901
2195
641
736
1599
76938
2255
680
12880
7101
4125
248
4635
2582
1707
1865
326
1466
32052
1379
2123
27494
1000
673
1973
8532
2713
1761
1143
21621
1193
93868
362
2912
30394
1628
3764
41314
2406
19208
10738
1734
1765
31789
3992
5775
922
10553
4618
788
79091
1521
1683
9262
554
18890
8403
967
28217
989
8211
829
11390
1412
974
8097
6020
879
1066
11654
5511
38823
537
4265
3213
5224
4805
4876
36892
378
605
1332
5469
11125
1906
33831
1428
1844
391
3645
1698
4368
14953
54166
1990
11668
2706
517
5471
2844
1658
14159
16401
258
3108
442
2518
11988
1070
370
11734
2556
2850
1451
577
43997
1395
12316
3010
20668
11458
4152
4046
267
17067
291
7530
1603
8153
50615
2904
54338
8866
3000
10453
27325
3575
2387
833
20363
324
5165
1638
5515
1172
1727
907
839
4844
34098
2426
781
1845
32445
14071
4431
3051
400
1440
3274
1881
6711
13039
8796
9542
21746
382
2073
42749
2086
13808
9966
3079
41643
622
4874
2551
5617
427
1817
4370
15673
3808
336
88274
79016
13946
8436
925
685
36526
266
2243
35124
21901
7739
21472
2790
3577
1824
2233
1025
5097
2302
2200
4424
6256
1017
16075
3439
40
27327
2448
11256
9988
1630
6505
6507
6907
73
1130
2205
76192
1097
2267
1654
8647
8808
2564
4493
10185
6830
7374
4992
2654
1947
15417
14145
77244
12540
3827
2962
13540
78
13050
4319
11074
2251
8772
3520
951
16236
6304
12866
715
33700
93590
26300
8914
973
33732
9801
3842
80992
2984
31752
57
16908
56723
11198
5409
20889
21814
1032
7789
3425
2805
18295
5346
414
53092
1708
4581
2018
2708
2777
423
9167
4531
4058
10121
275
2171
6025
269
2234
836
40906
28782
25587
306
41748
4246
16159
784
6326
458
338
50910
69217
21094
8187
898
4011
3464
1918
9687
6381
8516
70338
17587
3895
7557
3445
1919
14980
1010
37036
30463
5689
1785
4566
56
6031
18685
37978
7324
3160
3333
69475
2294
273
4346
5111
1803
5245
24693
16947
6616
6572
2665
8978
1104
7515
2574
8545
17703
8955
2997
29594
2842
10838
16384
14944
2814
3449
2357
41973
1876
14586
35494
5787
1509
474
1655
4417
1540
1262
765
5715
691
34748
706
29397
14312
21004
3070
18922
52451
10845
33686
300
3278
13161
13914
12258
1544
16097
1043
9046
457
1042
52954
10318
52434
3034
21426
1665
16954
15153
4293
4479
2535
5208
1062
5904
11312
81726
3960
9714
2420
8976
7031
1925
4077
648
4138
253
25459
1669
1433
1987
8905
7800
31626
13026
94
5072
6681
0
276
793
936
37734
9200
2592
9191
67283
3480
27044
13201
503
16658
6009
13224
3112
37457
10033
9880
28602
4433
2942
4570
14705
1572
54
927
16561
9989
1954
938
2516
29169
6040
7947
6633
1266
57208
44646
2614
4285
1095
892
2911
35358
9584
1343
8160
7176
2204
54381
10675
4562
3336
3309
4162
2610
678
61369
12564
11319
3497
4021
7408
3376
2615
31838
6937
1911
14629
2250
55
703
13205
11064
4122
43765
2261
221265
31317
2034
2011
2336
2215
3889
3708
29456
587
7606
2381
6699
1857
7125
1856
2353
4560
4181
33893
3
17881
2002
18118
6217
7320
7021
4434
13597
4613
2075
1609
5817
7370
4598
4364
919
3315
2721
446
4161
5215
15397
3768
84209
2570
9397
46773
54514
7054
1532
5200
8159
1206
3019
3553
51520
11969
31144
4180
1079
6144
2739
6901
2559
12877
17374
2275
2496
53612
2695
2501
729
278
1439
841
1877
5789
50331
12204
17541
492
18347
2653
5150
2646
13992
642
23331
32698
9696
3654
4006
44521
15702
69892
3102
7308
5024
807
28320
14067
1926
2943
24102
6416
5298
3778
428
393
1814
5331
1250
7123
11346
850
61446
4220
11330
2682
7824
10134
4860
66506
73111
602
28371
16629
3184
1898
87438
35344
409
6560
3512
6862
5342
972
2213
20112
1012
4101
978
4244
7770
2258
2410
22741
5423
490
11837
13635
26444
8685
23317
762
1318
2969
1795
10052
7873
386
2117
12112
5313
52
1502
9221
19025
63008
3232
2857
35845
4376
3349
66169
588
44572
2741
58740
5436
7658
2488
4193
3579
1543
265
5972
12351
1436
7701
1354
29786
2629
1364
4084
5882
12836
4243
3623
4291
47848
91585
2430
6677
7392
12168
2484
41
5199
2470
445
13605
6163
3559
908
5099
7141
4947
7062
6645
8827
45510
5319
2022
32015
299
45210
1452
89
69665
4123
6126
5407
1771
14835
2144
4829
15339
85976
3052
24314
18648
3644
21473
1335
5435
7620
29371
7797
7980
48213
4680
6813
68022
533
4682
12609
10065
12261
2956
159034
1371
51046
2149
5497
12619
4990
4799
12929
6838
40852
12771
13478
2010
5449
19455
5861
2843
2577
3009
23221
2124
59429
3771
15606
15728
8602
10092
4671
15278
28091
15135
3835
1058
15250
9455
8313
4747
5016
23985
74451
813
374
263
14934
7825
1139
4108
2725
7815
63520
663
36066
4757
66336
4955
6250
6696
4482
3693
301
12765
5792
3204
3429
7225
6149
3369
57739
2774
528
30644
4213
8127
52953
5433
26555
35169
1243
53439
20269
43265
16984
2164
2321
13614
2231
24237
9176
4924
33782
2696
10005
402
83588
13262
60793
13139
1272
298
1194
5568
25170
4066
16122
19402
1292
1653
20564
5666
8268
4688
8217
2977
325
22007
50951
2493
1425
3054
42613
2477
6679
4345
9613
86746
6587
5893
6249
2590
288
3749
4821
3899
4009
94441
4400
296
45543
6385
4961
79573
49869
57081
1971
4178
1350
1159
559
3696
1053
1560
3433
6522
2785
1406
15449
31084
8931
1728
26587
2466
10534
43374
3082
998
305
21244
7025
10390
4528
5927
3388
14619
1381
572
1146
25856
3921
54227
5365
39242
2021
81814
2557
18144
2797
2007
18904
8033
17835
33702
2759
11540
13596
39737
4206
4072
10289
13943
2980
26565
14565
4911
10339
13067
4886
7450
5955
10029
34347
3962
1740
2119
4185
1455
2572
2099
698
4221
2961
25147
12309
42695
1965
14116
52145
42204
53269
2571
9495
3340
7869
1732
2428
10562
2691
14596
3972
9082
11836
3586
31530
4252
4763
3140
10804
574
10930
13004
20627
3361
25756
40121
1148
67234
1245
996
8913
5069
3521
371
3008
18034
28985
815
6744
549
31097
4868
36712
10640
9981
2548
8198
16761
32675
988
2129
1992
1680
1495
18779
2121
62590
1946
4534
1459
11768
5774
26564
289
4808
10116
485
5020
20884
1030
2538
9703
880
1968
54265
851
5484
19139
23535
40922
4182
13042
5642
1726
4520
621
11069
13766
3150
461
3181
1575
6900
565
1290
1809
6064
6129
20409
2612
32313
1825
3328
20413
18948
59348
28763
3095
7937
920
2467
18029
15308
3906
30237
3725
5555
3092
6516
3109
42418
2127
19567
1265
6891
61499
12513
6700
21030
40128
45496
88675
2506
4609
316
30151
7920
5917
2444
1891
20257
18615
61
5920
7167
38460
8699
10906
7072
1441
6643
1667
7380
83876
614
473
8032
2374
2483
1623
38004
51392
25241
90048
1818
5996
819
1423
1467
365
34065
5128
586
42181
2821
1340
2315
5978
767
22556
38344
24894
1691
10612
3712
72860
42602
2394
1319
2583
27365
26200
4478
1287
3050
1611
29785
31036
510
1201
2047
10993
2534
80490
33196
3753
45369
13715
1617
23129
18053
216007
659
19652
9155
3350
9369
11118
33673
19290
10270
6282
4946
28180
4207
3935
14580
17659
36988
35409
42903
17574
6592
33191
15604
2640
18336
5019
6214
24154
8341
12055
4336
74927
7545
7694
4276
3750
10916
1004
2945
23967
20728
51401
10474
2892
69441
6018
3568
5375
14107
5015
8060
21941
20394
15804
1733
13573
1113
27430
887
11690
8798
6157
52390
13933
2235
2220
2818
91938
1783
38197
4350
5732
9586
12423
5404
24401
17479
6513
2523
5986
11071
1960
3743
3496
9325
3301
7708
268
13053
13640
1442
4516
4587
33902
68914
28998
7077
6701
8924
9726
38127
4916
902
3555
2645
57589
2208
3018
10297
1471
53396
11378
15796
29642
37220
23233
3187
1110
11072
4273
21564
1846
11484
3955
11253
3337
5119
4535
5902
5780
6614
22076
11906
22009
14707
1302
7056
1650
3378
9197
1300
4139
6418
4603
8597
8839
3668
3134
38049
38256
9463
32822
5368
13928
4689
11155
13558
3510
2746
14845
2421
2159
12726
35126
8871
7249
1657
14548
4787
8618
25875
20362
14894
9767
6948
5406
13996
42712
40701
38766
5721
16853
13458
3428
375
7255
64498
65826
3381
21400
4880
69687
5084
30101
55665
41179
16874
23437
4775
14855
72569
993
1214
3798
3655
18842
79608
2416
6881
35900
36249
43804
6323
47371
15930
346
669
3802
7744
6816
1730
1852
7048
9476
4283
2528
75740
2361
45573
2297
6435
15905
1511
40951
2772
3382
7154
37448
1607
31
5129
1767
11436
9011
34491
5737
14280
8387
2604
4727
32769
418
4722
6649
5508
3631
939
6450
2902
49512
6817
620
21405
76017
81578
2435
725
783
10220
2599
5306
50450
776
1742
11861
5480
19900
2809
2407
25705
8896
5285
8010
64538
2905
1697
18630
3069
2953
35232
3175
1831
8478
1090
27366
4040
2673
2441
949
721
2617
16753
5743
1830
3919
5222
95566
2913
2798
35178
5875
2380
8556
2507
9969
58574
85152
11361
79213
2491
7478
794
10736
64973
20365
1982
7333
66320
14905
19463
4418
5324
11870
10926
4884
4661
35497
7434
2078
13746
1404
25629
704
5853
74656
65446
19331
12103
639
2985
35090
1009
18253
1673
3667
32439
2937
36182
4744
1304
3524
8428
495
12996
9398
7302
78322
6961
18155
1928
5813
16238
20541
56814
56991
7650
13282
40420
1484
39017
50949
10893
15795
64504
7594
22846
5281
15992
22440
728
24868
7260
6942
3697
11147
10218
2542
1910
9954
4748
3481
9386
18383
4282
3669
4851
4131
1240
3542
4325
26388
14791
4343
6692
8823
7376
5158
54102
2429
9186
6343
9754
1323
7289
4490
961
2070
12317
3288
779
26750
667
2705
6398
48592
23814
6187
2949
6199
2074
5008
4653
59761
1966
1557
29202
93193
3573
44116
6223
193964
16184
746
8102
14813
18004
9345
3462
12954
6747
5536
36268
58469
2594
5132
1602
6321
8044
54304
759
2000
13725
1736
54302
2813
26157
47452
2723
1059
11222
21003
26569
4891
23135
27285
5186
10895
18008
724
1420
541
1782
52105
53916
15144
1212
4381
6486
1496
59489
11411
5922
10263
35302
4713
1977
7368
85027
55864
564
17555
23576
39626
9529
4448
6511
6320
33905
17167
58883
13761
54084
19573
2993
3354
3536
2532
2670
1932
2560
13973
7786
68406
3661
34077
3203
13181
82377
23636
6687
4559
2473
7402
5010
1315
50094
7552
3977
3404
8007
31686
6182
32804
18987
34422
26900
20025
1905
5587
16551
29812
5335
39983
38138
13652
6195
7335
9633
9599
2475
1370
1209
11258
5854
344
10743
37972
11223
22015
24918
27165
28314
177025
10746
900
3772
23705
10123
1994
11039
16971
3614
5658
11176
67194
10592
9512
4439
22703
4037
15016
9964
30040
10310
1718
3989
8255
51891
2332
6566
15662
25168
20508
9066
92692
4956
4502
20895
3578
5752
32773
2876
20335
8746
29017
34663
21736
10836
2508
11542
3716
4619
65593
624
28739
846
20167
15734
64297
5646
3505
5303
3026
21851
12961
5070
4004
5117
18054
12180
15376
9209
7321
2472
7290
4307
2135
14545
61476
8253
12366
1060
3442
30038
35821
13270
28094
3741
4202
11121
7683
23214
1784
9039
7449
1307
3186
2348
45943
4888
613
43770
895
16520
9813
1786
44283
3924
1889
4786
1077
4920
6964
9478
5987
3659
25710
512
22651
27130
15049
1757
1799
12321
7230
7087
26014
75809
7298
4237
5058
14289
55441
61485
18588
10024
6892
6725
15824
6632
13797
10973
5029
14883
23329
1410
14783
350
1923
30231
9283
842
3265
7528
19447
3254
3563
13038
89795
16793
22258
4165
1535
3289
48804
11505
4188
3436
3127
4841
2184
33218
10515
90174
6697
18612
36397
14992
7423
1334
3892
32288
997
1283
2781
6487
6947
23402
44776
2329
1652
31358
12164
19572
10816
33341
27817
401
2373
1848
12243
17535
75600
4416
6951
5894
7156
22327
11961
17120
61815
2487
2305
15301
29691
1643
923
27360
14733
277
36176
2089
11781
7199
36314
38643
18261
8469
24092
2503
7155
4000
4304
30624
16653
21595
408
10132
38157
9697
81787
13083
86064
15688
4275
33389
1253
5226
25034
3710
3515
52339
10766
16161
18448
20204
40025
8145
24297
12182
6198
43494
11347
86891
4253
5135
16298
2849
4314
26817
55671
29918
2878
6925
14392
32160
32879
11325
1762
35719
10279
28336
5946
34282
5216
4238
778
2742
24850
14252
1366
2480
6966
11665
24797
29828
6463
11641
1394
28857
10362
7014
2829
8439
712
48699
7415
6177
2737
36879
19794
13965
1804
18191
7827
38012
9222
7407
5491
3923
21103
1163
11439
71715
3136
12584
11406
4774
45388
78537
19396
6241
22958
14773
26849
7624
47789
2388
7912
5175
27467
3845
4890
18458
7842
75136
13319
72115
2543
5728
5048
11846
329
5865
6829
10966
19470
9830
37799
6080
13412
49471
73174
9048
2552
10281
2697
41641
9363
8472
3131
7875
24703
7598
42123
8042
2454
5252
26602
6355
3702
981
1634
6564
87930
9417
4393
11135
61861
17642
11414
5576
12633
15365
2515
821
8519
1538
1647
39141
6608
3648
3682
41180
1360
3662
27712
9184
2939
15217
8222
40199
4472
2733
77470
10853
35073
4881
6060
51422
3122
7033
7833
4338
61444
23287
15400
9284
7322
1375
5350
18920
1258
14803
4075
5121
90718
714
34558
2094
79852
1327
1801
5122
8404
2952
5164
5531
5327
28755
2027
6483
11993
3222
340
37119
54694
11127
18937
4989
8959
1942
68354
1619
16870
2354
1294
13553
2597
1662
30705
1627
23663
5394
52295
11960
11469
14387
19212
5206
3437
13980
63731
5488
6298
6411
15464
5022
3281
2313
197
12219
7629
5187
14932
4177
31995
8791
26669
13102
23314
26156
53559
20302
805
17867
3636
15632
2931
2238
1353
18091
13167
3813
5
6397
4497
6983
13254
11093
7258
20619
12333
1704
25557
30456
8482
1306
14452
8038
20567
7210
6851
13082
2009
5373
71296
6121
28136
12244
21579
19942
502
18100
22188
3620
13280
903
34895
64423
15234
17313
30576
7042
337
1325
5529
761
6631
8152
3043
2573
4106
19095
11240
85111
4334
19776
15330
12849
806
13359
2784
22627
29587
29832
631
3392
51319
3101
16591
977
1864
7424
6820
44564
1485
13211
5609
9609
4380
5038
341
4054
4621
1479
10027
4120
2536
2446
4499
19226
5284
20104
32354
3679
5364
35464
3377
24938
6354
9427
61987
11393
9679
14560
20615
18311
66324
18356
3470
3938
4952
20951
1748
24276
10598
5073
7294
9797
1029
9471
33667
5725
75724
2226
17872
11452
36546
2926
3162
67929
57190
14861
1897
6702
640
9868
396
3733
8795
459
27861
3790
1202
2554
28308
849
35690
26657
7944
94589
11662
3166
53863
1749
6634
2914
1780
17830
18826
911
10593
28185
55288
23014
19783
13258
15009
8760
13252
13984
13804
13779
15698
1200
9367
18420
5956
6454
11396
5267
1696
4873
6057
2492
77517
3848
3618
58377
4156
13475
2014
5599
6452
3574
18772
31088
16508
1855
11847
789
37754
4702
21452
8553
22562
36962
4862
19314
20308
4425
88194
4650
3833
856
17583
419
2342
5055
6596
6784
451
11255
11116
5255
32524
24004
8132
37935
692
76342
11767
6523
4034
8962
6047
12558
28000
37958
35414
8307
9159
6090
28049
8427
1080
241
5434
74988
10884
42396
9461
9141
50543
3511
4710
37208
48184
8689
17150
10779
45416
13902
7926
9428
10545
44829
28302
13661
27608
70221
10298
15491
31085
61911
1764
9163
3730
17645
51648
8090
23029
2307
19874
5251
45542
395
20861
29114
37962
54211
94518
58496
4667
2885
7941
75463
22419
26920
5793
1473
7179
2845
1593
3394
16338
4754
50578
14587
22052
31062
39129
7776
1646
2787
4694
1050
4288
10434
10764
33501
3138
27502
9376
9301
24566
8027
1002
8953
38408
7542
1234
14322
6676
2198
7960
7170
8020
3928
57542
515
5601
2794
47533
6647
52838
477
34237
6220
7904
11835
5621
84494
4341
6929
7863
5275
5326
13290
10631
17708
3874
33153
5734
6742
22759
79596
10904
3242
7481
13867
25257
2464
9907
42598
12702
40657
91137
58412
13595
10480
5578
3564
5499
10324
1138
63393
37794
58276
4480
11543
467
23946
15625
17655
5954
40335
3855
25137
2377
29149
2879
34593
3191
3172
48093
1119
2156
2675
8892
24668
8389
65427
2143
7122
8455
11266
30224
63600
65001
5951
26502
37667
3246
32907
8019
38593
13391
27174
33387
415
4557
45374
7461
5077
6922
53708
14456
12076
11425
5067
23285
2334
16010
25283
23825
4922
1310
16757
8030
3456
2109
6646
39210
1670
4081
4272
4941
16077
12082
1106
9663
2038
185038
2545
11878
27084
10851
671
3622
2031
8845
9738
5982
10832
27406
17933
26404
995
8997
82637
9712
49675
4022
4599
19873
13963
38489
10942
51831
68163
10275
12490
6302
3024
5645
3412
5183
13171
4918
581
8722
9530
8492
8733
17384
1773
7047
12606
3370
6027
69764
7075
40504
57108
60547
69648
36794
2376
8144
3055
14251
3307
1675
7222
5876
3238
29012
5860
15705
18235
4036
9150
519
2081
4494
4268
1700
7008
25171
53405
10968
4980
875
1985
4950
23464
6669
23310
10379
4023
8646
6625
7371
627
4249
12910
376
7144
56205
14641
13995
14367
24225
25200
26705
37026
46776
51300
55698
59754
64166
64489
68072
76284
85295
92858
8298
1020
4216
17550
52141
2303
3447
10392
42236
3756
89879
10302
6552
16759
9947
3915
3681
5447
8610
11570
47861
2971
41968
27738
6280
49927
24603
2639
14373
5062
4109
7379
4289
403
1887
11684
25322
7088
51031
4351
2621
1927
1595
20730
7019
2206
43153
82160
2677
13259
28476
52000
4025
10365
11491
1085
3371
5059
657
36022
20572
6333
8635
24785
2631
6133
23181
6406
3387
787
7146
4662
5064
12058
4191
5076
10830
22267
33204
9239
56905
7465
604
60612
14863
34589
16912
3482
6175
674
50656
34228
5427
26259
6253
12515
22581
88247
11747
5534
6447
68463
88463
13441
10811
8678
1660
15199
58405
48611
56511
61610
12931
3847
708
4778
1777
39108
4716
18351
1678
23075
982
6160
20826
12152
7752
10287
17241
4362
10535
5816
2703
62441
8058
8670
7250
31354
18207
30746
5448
16921
41502
4637
7731
3090
85365
1802
7551
19315
39356
9302
7949
4524
9979
2379
14097
4045
6576
1446
355
11510
1494
24420
26177
27107
90242
10269
6575
4537
10898
72805
36834
940
11250
32449
44424
33593
29840
11205
31800
35139
35991
39896
41526
55287
64868
75440
92225
689
1506
56485
10415
4010
17673
19174
52146
2994
3729
13868
4759
34157
30096
738
3502
11918
5188
9956
73455
14535
18280
751
38892
39226
4796
18562
78601
15294
2998
16979
753
25903
7813
10077
6762
349
24223
32516
4309
33241
1314
431
23095
1178
3318
5157
17861
78034
4225
3296
27245
10976
1457
12146
20195
3035
9242
18492
1027
38658
8214
3584
10485
12782
18811
5305
1908
6550
8591
64810
37041
79604
840
14152
43298
13455
4016
412
3678
51515
8239
13754
56559
12671
23238
722
12088
38710
12480
12594
21604
6995
69402
1770
17268
7191
2586
65585
11535
7638
17593
10970
21145
2873
2929
4945
8445
5696
6821
15275
69211
24217
8882
4543
12306
335
40336
4842
34024
25617
34868
563
8106
4732
15933
8006
800
12492
10497
10837
19032
6825
31589
33633
1981
49219
7899
5106
6768
2896
10583
878
1687
15623
2384
73709
5170
9411
4390
6353
9572
22247
40208
59015
92566
17062
14525
22713
5983
4487
7890
18184
20952
4697
5553
13983
79649
5822
13329
6096
22599
3757
4019
6007
4438
7117
750
10524
2456
8956
51595
5144
52250
5979
6434
2278
475
45175
2870
14611
86479
29478
13372
1834
7559
25045
8395
1626
18162
1007
5781
24508
22756
2940
2500
542
11957
11087
31483
7854
76939
30521
12740
13909
40698
6549
34451
36536
10502
14485
9328
23417
5467
6283
2224
2372
9125
13094
10747
2738
9310
6473
19087
35165
29542
5171
47310
5428
3105
22671
11284
6582
13428
3677
21038
17051
9307
8433
732
24837
5037
10095
27787
8442
8710
93
22838
15891
11823
8379
7059
14717
63471
44697
42229
2359
26690
21119
1181
17606
2624
33579
339
2662
6289
13504
3145
4168
19768
873
2257
6469
3758
11190
13753
9585
15574
26488
4456
176217
87378
44669
17437
90010
2279
2197
34707
31509
25456
44298
4912
6043
2414
8977
16884
29997
1515
1686
49352
8154
19081
35575
42174
41378
25053
14658
1899
1684
9496
6974
201
15675
8476
1226
22085
27736
38783
22887
8028
16674
505
5903
558
29567
1591
29273
1820
12889
3838
14431
11000
18394
12338
1580
31086
2846
12425
51442
3025
13525
2060
15096
12105
68964
7525
75058
28342
35935
90381
2246
22031
4258
2404
10442
16350
18661
16247
9727
1546
6763
7120
17965
13011
7698
8557
9419
4396
4088
3459
13911
562
10923
1052
14473
3440
18036
77393
88308
10383
15865
89934
21780
6078
12089
6103
18078
5668
19680
84008
25083
55274
36934
51058
20796
2141
8474
20182
12817
8457
24358
2044
35959
6774
21001
10000
4936
8794
10582
9357
1702
17161
2445
3638
7645
13646
3947
11442
55917
48575
3269
15248
31230
3715
9351
1211
18971
10951
4284
6811
25499
7692
12500
33635
5246
31788
8043
2623
7697
7678
6158
17831
26162
11721
924
9707
1882
14233
4530
45759
552
2967
52877
9238
658
1685
12655
10466
1014
9546
695
8588
37653
26084
10206
6599
1361
4501
17448
24919
3976
43141
385
12443
245875
3946
14012
11481
3489
13322
15029
9646
5242
25062
5741
5707
965
36376
4937
483
1851
11013
5138
6481
3132
14970
26184
2731
739
6607
4473
3727
772
1849
48604
22579
8969
6644
8385
8242
9575
20877
23547
19251
29635
2368
20607
22462
9770
8928
9858
13086
5976
17445
5637
6688
547
18983
27666
11007
28338
188912
7359
16794
10184
33413
5176
13162
14870
6260
1501
38764
4540
13967
12876
5486
15078
9097
9087
2032
12160
8074
11683
15418
17471
23927
31693
68366
34880
30812
10403
4175
25918
5265
5461
54789
20759
3658
9405
10049
8016
5794
6568
11898
26653
2447
61932
15480
10877
8454
15243
2482
25864
3231
10578
7956
89097
6743
7345
5095
34131
8029
49097
13089
26355
7724
3113
5627
59267
20243
28562
3642
26079
6396
23791
26889
3840
11618
322
12300
82207
6532
17955
10102
21873
11595
3721
3886
82602
4093
37700
499
35920
9468
15889
29464
1931
32237
9146
28109
2576
15550
7782
3284
13200
52197
20467
1996
6146
23891
9485
63266
7262
890
8119
14802
4257
19318
6999
3133
23036
8355
71320
4031
1860
84686
77987
56552
49134
3476
8783
16681
32425
13990
21399
58499
82899
22512
4060
7793
21610
5757
29625
11180
6618
7918
12650
10311
25730
1896
3152
13611
10125
379
5417
12184
8386
3063
245
8337
12268
47719
1566
18030
15215
10055
6534
46570
12092
57267
1175
2324
7318
28906
30901
452
95079
225505
13685
38645
16575
2823
14988
8265
9730
49325
8410
4801
1829
9603
4996
11982
39571
18564
49287
330
6405
54210
25243
655
69002
72959
1536
15489
1128
8162
14746
11909
782
7900
16805
92031
60100
8754
82816
4041
3314
26370
19055
3085
83056
686
16803
83757
3313
15408
534
15273
27016
4255
63020
11427
19842
39240
81779
22578
23683
15299
3905
5302
22569
2253
68283
32303
1833
824
23826
25827
10304
2172
8809
26235
8543
1421
13064
17758
2059
21360
10313
3703
2569
7935
10552
31318
38465
39853
44699
13365
15622
3032
28715
19260
23674
1478
37707
74537
7469
25766
5459
8054
10158
11023
14448
16902
23341
28783
32122
36595
40110
43683
44545
46188
47470
48639
51675
56416
58615
59212
59605
70676
73263
82340
94042
4777
188
82251
22927
23290
10374
41816
15384
29512
3719
9093
3430
11688
13637
70490
89321
405
2763
6489
17044
1797
10713
47681
15594
36180
9352
32205
81369
10481
63670
2012
7506
5610
53038
94029
13884
14003
14419
7628
25543
1094
15952
4565
6311
9212
2133
43774
10695
6849
14082
19912
16563
3061
19954
6150
24095
29933
37441
1806
3544
18910
9110
802
30551
826
22634
569
3081
3272
5036
4790
2068
1890
7843
20888
9116
11639
9522
38187
11106
25016
4574
7581
32496
31850
4505
2433
13402
5758
31520
12162
8315
8064
23424
9831
59669
16327
2793
509
901
35716
7428
3856
5607
7334
11525
13185
27472
16510
59824
2330
10806
881
7547
46120
47241
2001
29589
1449
1295
19123
18716
19398
27041
39044
12938
5169
44716
2469
6151
23044
1447
6804
51976
22491
21108
15060
22283
1693
23580
10272
7202
726
10115
7166
42757
37066
23283
18169
24354
1525
1958
12370
9215
26993
6105
63130
11743
50178
1944
4429
8908
18950
4133
12348
1850
8873
47675
35140
5981
6436
5356
33652
16691
11194
25771
10213
12906
19872
17462
10897
10459
12340
45091
17076
13927
1158
2806
18892
63558
8636
20480
38449
5134
24502
8059
15318
23507
5923
65209
12083
38175
5615
6745
5786
87160
70534
5626
17756
2661
39180
19335
7677
9526
40139
11693
463
21126
72444
44780
10194
11811
5146
3107
17534
93964
10634
2720
13809
5602
6536
9009
21155
15866
918
52340
5413
55856
60122
47493
568
40699
10658
3282
88907
11158
20629
66536
6082
13301
17768
6521
7189
3944
1487
2944
392
89303
9787
15006
1188
28618
8771
22524
717
2674
14505
19722
4128
7898
3375
50921
3494
32039
19401
1093
24228
17636
7903
86829
40253
12977
19658
68312
4437
13674
13246
2128
8906
2392
11096
13103
14623
6322
10849
26317
56690
74880
80985
93365
29508
10825
4660
5426
4900
20072
3492
24708
80560
5478
5378
45397
15840
323
20266
13266
3491
33822
5173
11949
4699
10984
30021
497
4928
52933
13310
34322
3154
36369
70381
5307
20791
12639
9500
4589
25994
11541
16302
7044
16456
5673
13550
14344
20069
9370
27690
26141
42103
5149
5748
13780
9264
20427
44007
17549
317
11249
20752
2180
12132
31092
14208
4435
15628
2080
12669
23819
25591
7346
36967
3956
5042
2924
2046
29866
2894
13732
10708
31255
84728
14993
1065
31338
71520
16866
5620
1916
20477
9343
23592
64358
18342
11413
8434
4620
12994
7834
5053
32462
54955
16721
34210
7455
63192
12278
17030
1171
20834
17083
1648
9261
3911
8523
66420
16465
8001
17340
8529
20653
12663
2497
13690
17994
27841
24053
53993
366
14519
30885
8598
12439
41275
13069
49878
6973
797
26350
13617
28258
10615
11691
23185
18082
9583
5362
1367
27600
3665
8319
17600
46129
24755
27734
7102
7265
7832
2113
11498
12626
44788
5354
8934
13044
53557
36211
6803
1721
89945
12618
560
6952
10431
6392
15402
27403
282
12389
8311
1223
4833
29296
41832
43317
69938
16221
16253
30508
11048
80086
2432
11857
3384
12631
4852
7655
771
14420
6014
3088
571
51556
14465
70515
13279
7888
8318
26946
2712
6363
29031
14436
12604
46671
26805
55046
16271
12391
5839
7995
5372
596
28496
55769
1482
10504
2263
7297
43065
17397
47096
5268
10580
23859
9885
64635
7660
7385
73234
12955
4556
77518
4324
14856
84550
2719
8901
91514
11302
21050
848
26012
57491
8761
4091
308
6653
21482
8053
38251
25716
9192
14552
35289
76768
35468
53848
3147
77450
48659
7049
87330
18209
25905
49143
4711
7635
41114
29823
3374
12445
12997
94307
9020
27129
2935
3135
17257
61178
56397
2643
17761
31766
10979
15207
25949
3395
4670
8205
1261
4413
12749
6642
6112
8082
8405
10180
13132
13159
14842
29134
39107
43195
49473
57943
79204
87430
3799
25503
10931
12505
8742
4761
14026
60936
7807
7714
8366
82756
13453
20105
65059
13684
16501
3535
15644
14728
23912
24720
489
18569
70665
49124
78183
15213
7634
21849
7438
5802
4274
3356
5283
51372
4094
5438
6166
2680
27437
38147
2182
3566
8259
5238
38351
20871
3882
76471
435
10329
43303
33464
3072
65250
25371
11937
7353
13948
29157
13382
3075
3501
75352
46369
57469
25686
41445
2671
15727
55786
15999
1948
25681
3949
1720
40352
56879
7187
38663
50251
73873
78361
18466
33640
13468
13081
8984
7641
14683
6734
5304
39968
5259
10094
1008
6206
29346
70203
4486
11036
2440
24627
37309
7463
15072
6611
5586
33259
23959
21848
8521
21264
25901
18173
36162
3310
6108
19482
27682
13267
65403
684
9326
44139
40770
4173
5078
1461
15697
1173
10457
32114
11673
42275
8055
28530
367
4451
10424
5190
15615
12080
2996
13049
347
315
24987
7911
3528
8615
1015
18065
22728
23271
21853
24596
4234
14304
2442
16815
4310
30226
34523
11930
26033
14573
4602
23557
2091
73113
14836
22242
11179
11763
19352
12215
916
88205
6391
11434
12732
13460
14161
24959
8626
10467
87567
5192
7883
4794
11040
74593
4973
9930
27462
56148
59273
67190
13120
27396
55588
12867
29174
3495
26019
2190
14441
9536
3572
10300
13213
1231
37641
22882
2299
9416
19464
8662
25658
3858
23358
57550
3106
3235
6114
74649
26930
4800
11883
2306
10912
10540
956
5044
6044
14103
68967
31058
20122
4981
9614
33146
38906
9384
53007
28770
2309
28142
43673
42339
8046
1057
25690
7080
6905
4290
5953
2533
4687
40481
10472
11959
20671
91342
41575
5603
39309
43867
47692
66926
22449
71570
1100
8114
5995
8303
3291
16829
5074
7526
12217
3362
64258
32388
50310
11002
5213
15720
3672
5909
5236
7350
42416
10642
3244
8412
5444
20046
2743
6107
81520
10490
16442
46714
8156
8582
20836
27470
47964
46899
5702
8661
16104
64913
10322
86711
2333
1006
70556
55101
4430
22779
74455
2887
5910
5210
10182
9635
10801
13697
69093
75988
13131
5339
43716
19310
53977
8398
8996
15759
14354
4062
7354
50296
7715
8677
88449
7592
39520
51139
70971
2649
7391
12825
13180
24096
7716
1763
15094
44005
4254
63367
5457
21498
62755
14048
7691
9467
22026
28599
34717
43247
54681
55136
76901
83345
89644
15818
23064
34733
13269
6281
2331
9919
45850
9987
24512
5443
455
17119
7730
25331
14271
19441
17523
5141
3438
55559
32603
8471
9412
16867
38442
12548
14789
10800
84529
737
7440
76991
31600
10205
31479
520
7241
3990
20351
5803
15973
4322
23092
47013
67375
80817
16809
23690
26873
63346
18880
20357
3929
1422
7096
3058
12485
12932
15700
14458
2344
25857
49743
1247
7969
25286
26539
30364
33803
35426
36889
53326
68291
78365
7749
650
905
15964
22131
22433
9023
2700
15882
16545
8566
1520
21766
12000
6202
17856
23495
8645
9976
2134
18006
23371
73516
24101
12718
5985
13325
62771
2058
68277
5358
12091
11313
75330
7689
6902
6083
16871
40527
11778
4441
22013
66217
633
2114
20974
4608
22513
5328
66522
1068
5353
1199
19468
66690
3167
2126
13248
12017
683
1218
29178
37029
6364
1577
3461
21239
16347
35780
3233
1569
5686
21076
8422
7148
16705
17472
30236
4942
9543
31663
42151
73555
68868
1195
12041
10283
22956
17172
3580
30974
7439
18141
2530
11028
2458
484
3980
9667
3752
25866
50346
6667
3604
3796
6477
15596
39247
52176
73723
90415
11910
21112
1126
1349
19541
2050
8136
17580
17883
10999
24551
23835
56373
9740
1689
2504
13316
11326
1242
5611
9669
7503
7872
15057
10223
18211
11352
13048
51012
34132
1035
15399
2855
65690
25958
33993
25791
486
24991
9259
29140
34305
41439
52204
4979
5768
12692
8378
5608
4749
63278
18464
27289
29617
11331
5871
15452
45701
77227
36055
766
20507
18417
8574
59865
19881
1001
24752
68632
37463
1308
3276
6173
29868
14893
8843
38325
15570
5258
30867
50622
25516
18112
6663
64915
4518
4507
3805
4306
3157
16218
34543
39748
32680
15019
5970
6287
95686
21019
11927
44157
14892
62024
15843
28392
15089
3405
6751
7848
52323
91360
9205
35603
14589
7570
29064
741
3860
13631
4582
12482
18373
183641
13001
26334
2434
4696
22257
5730
22166
10255
56761
13773
24801
43389
55157
18959
41882
3348
10835
525
9089
25434
31128
9722
32335
14650
79987
1311
18989
25549
5291
40838
71571
20068
29796
42705
44192
26534
14910
11626
11197
18011
11963
18657
29222
33488
823
3067
3927
33110
58742
2918
5227
12400
13036
36751
8306
6728
64550
20036
25890
33901
37033
51797
67649
93843
8600
7905
1666
356
43946
9247
917
8926
73801
10478
36076
14751
33887
3598
29584
46904
8875
15579
7699
8741
20751
4229
7615
5025
7729
611
12150
9538
30695
75336
651
18442
19887
23823
46930
50361
3099
6878
44127
63180
64901
14090
64910
1796
8409
10020
10002
17970
1661
1873
39046
68069
2852
3125
3110
22698
28151
3828
20093
34902
9153
4780
5235
19043
2282
9410
10684
20374
27160
12665
9070
5706
342
6209
16022
15377
7041
18844
17843
29229
4997
14157
3240
8223
9548
20021
28175
35750
36515
19366
30122
15609
6186
4771
17592
91689
12054
3444
18521
13852
6979
3331
38999
68639
1659
16201
3914
5518
8285
8716
9171
10726
11593
12458
13058
14513
15617
15681
16088
16831
17193
18767
19162
23802
28124
31040
32374
33935
35091
37347
37412
39817
43837
43850
48210
53328
67166
68548
69797
73844
75174
90575
180842
216869
15511
5225
68405
31118
6347
6780
5836
8838
24334
4332
6348
11211
11421
9362
30912
10793
29748
14687
9816
17450
22230
5374
10222
20382
87413
398
2704
6019
25216
72221
1022
54133
5832
10503
12452
13704
25148
6472
10341
39358
6805
10660
1249
67524
8570
6258
2160
6360
19612
27632
41490
53998
82363
82405
12616
7945
26543
3234
29085
6844
1091
10460
41846
10232
21541
29089
27222
41479
4887
9311
1743
15313
7644
3065
24245
30863
7063
9828
43240
10866
18488
20980
27025
65971
79045
5231
70901
3343
51586
394
29014
55968
77299
20984
985
7252
302
25927
30407
52696
930
53995
11244
1888
55552
10042
24407
9637
3518
18479
62695
10277
24025
3804
9460
38754
43166
47338
10817
4695
11049
5638
7733
6113
8107
23485
23410
773
20327
7398
4219
13092
22841
84309
5090
5228
8262
13061
22826
24124
57890
1984
16045
1847
8263
50247
8778
4792
77089
11227
2355
39302
8732
7652
26793
45465
3888
56481
7621
14385
4117
17238
13273
1618
19152
49995
9959
3769
8397
79446
13745
6334
29392
58439
65580
79222
88824
93805
20238
47111
22405
57536
22157
24667
26338
24230
3256
21592
12263
19674
6617
27596
87323
6365
4199
58755
2666
42753
84069
16484
12192
37107
14081
18834
27869
65119
2036
2176
12097
5418
25689
9109
62020
1432
7612
7544
4838
4522
25825
11241
6339
30300
32251
70153
28627
23007
22966
5384
15693
4179
17484
22330
9781
58629
23173
5808
3322
37088
28726
75140
4056
6992
17034
48753
57513
3325
5829
19028
2803
8169
11450
23191
34537
62137
10548
1251
32157
93606
35602
13834
2960
538
6994
25428
47733
49765
1953
9626
11188
35393
25284
570
8390
18221
4639
10156
8075
8949
3979
1039
9660
16703
52958
79658
896
7489
1264
23211
42996
10089
5834
18907
9172
25833
3779
24266
24559
2987
14423
21152
45246
46505
47524
7593
2966
3738
15572
4610
9400
9477
3776
6420
11592
12473
67635
6306
29609
34586
47634
9949
1235
20923
20641
38587
6985
38708
48010
49300
58646
87609
170286
18555
9372
9267
1883
8659
23917
31812
3414
1475
7917
6277
4102
11280
43874
82721
2019
24047
1794
30337
33030
757
40057
9033
5296
14122
9501
76548
21124
6211
17648
53969
2686
2341
33984
5456
11886
33791
15618
23022
30390
14147
39845
55956
1674
24127
3736
9974
10315
18195
27867
24337
16850
23111
19810
8499
13385
44219
4834
44020
25423
17818
3639
75674
19133
3118
23776
6807
5125
21408
52160
5667
39223
19193
7098
35231
39010
58979
93803
4549
14166
17399
29650
37263
34298
8018
14653
36630
66708
8727
15771
25718
26288
30561
10487
656
5450
17967
15686
35678
50080
220497
24992
4024
20979
83554
24460
5147
3637
5282
29869
51959
7246
14526
88461
3488
38136
3463
36915
39103
18236
34325
6184
2992
28073
7234
28095
58721
71446
3363
18385
22430
24956
33776
68689
13654
6419
1959
11091
4462
26453
11300
25105
893
18800
22234
1303
8068
4854
7198
13917
26336
30951
33723
46611
84892
93187
26731
3434
10458
25902
9257
10649
14923
46608
3022
27293
23163
85497
7139
7462
7987
26735
30979
34774
43543
8098
8642
41750
22629
84212
12755
5137
13857
77869
88367
2864
6686
11518
13709
15884
36025
32881
8837
16243
7193
25223
17006
6183
10790
14429
39072
17272
6498
13535
22843
27723
31130
31940
38771
40912
77051
969
25162
133
10154
11723
16290
16911
22557
22689
36091
43619
48011
49722
55504
61224
61226
73574
75340
77574
83944
88624
90058
94865
213112
51204
81349
3795
24009
59036
21500
3588
17084
20894
68143
84130
20094
11440
12678
43007
40084
6515
38562
1347
6424
47532
16838
10978
14482
24330
8151
17919
19591
37993
14176
20063
45978
6609
40819
30917
17515
19902
7943
16961
40923
60856
9273
65269
18364
1140
26624
1081
11046
11192
8172
27424
24546
8363
13218
13587
4577
17410
3810
30697
2088
17066
49051
8833
1760
86725
2959
51790
4595
6941
9970
6041
24459
8177
12851
6171
20973
25050
3060
23304
4005
1828
16798
28365
62991
6488
22171
38135
39167
5344
5405
17038
5167
41173
59700
79388
37537
27477
5810
17404
7247
19186
17011
22476
4409
7227
5323
10573
33154
4623
8245
10039
13904
22982
17096
38016
7723
8750
9237
10499
20049
53824
2791
10236
6319
7104
6542
5348
2874
35195
32631
9118
10288
13095
1541
19214
24010
21282
5112
11218
25708
14703
7720
14416
3958
15741
36098
38425
89830
91203
3017
3023
4292
20512
39125
2053
24207
4987
53167
4111
3720
5746
41834
6943
33094
8952
2085
6787
21614
6557
14762
9766
37879
9409
6781
8767
20781
12269
536
10190
5710
10808
18626
20343
23893
56232
63307
64808
25064
894
8129
12358
19551
70307
8563
20769
8751
29890
30520
4939
6232
33208
3996
9504
26208
12043
48812
24315
35790
10451
7095
30909
25312
82035
38729
10758
14960
19517
3885
9711
8483
9933
3507
12571
25885
7484
19039
25101
48401
9293
15731
16026
89423
20442
25181
6212
3723
8720
2965
24030
77237
5075
5921
19729
22116
32387
6915
8481
20499
30125
1430
44272
26209
801
1938
35704
4386
6061
12496
12581
18545
24094
26755
62329
947
7147
22542
3311
43645
4030
4738
22458
5198
7878
15137
17118
5886
22760
8804
3829
20050
36598
2860
16183
7110
32153
5003
52520
9920
15175
18739
29715
4496
21220
7278
11863
17482
12904
19129
33303
28450
10009
15846
4677
8373
11551
86830
238180
3049
2683
3814
59187
72063
13422
7426
36944
9077
17529
70514
6662
7794
20827
12943
15264
68672
69501
13822
17795
25460
6178
40138
48647
72473
86372
3953
1692
2311
11798
4666
19239
77573
3841
43540
731
42967
45426
23098
65590
4736
21792
22905
39972
20624
4927
25546
13264
8221
23834
47163
25204
32286
33877
41105
52417
67608
79569
92644
176308
12224
828
12133
7188
19844
55340
87342
36602
38402
34929
46982
16758
2301
28340
1034
5351
6109
29302
24624
65244
5396
16901
2413
1498
49703
24197
3290
5751
654
7584
18376
3606
28964
1979
3228
8462
8825
21740
2356
30047
3335
29429
8554
28847
15704
12736
43381
10639
56147
28921
959
26324
20455
4384
29643
8649
37683
5142
12760
18353
647
7131
16713
15132
56150
3954
15985
28692
30776
30874
80946
11504
12234
6525
18689
68434
37539
36725
55921
1988
10377
18652
6052
59612
2173
16516
26123
6386
10400
11787
20171
9393
17788
1639
2566
22320
13668
5674
74151
6563
9037
72710
17978
15977
25152
2827
40588
79632
21322
61794
94411
54335
22266
4236
2824
18681
73797
17102
59056
10378
6750
3285
1121
4460
9744
21670
23360
46792
2148
6863
6570
1044
2895
23922
960
2748
66473
88138
2202
12013
29768
13866
2626
24634
2319
7383
5289
71458
3153
3529
2017
18770
27510
18408
3420
16928
19229
19974
11519
15342
15815
18577
583
76753
9680
30143
49788
63280
82397
1589
7145
11246
5565
9516
62414
20306
36703
51177
21894
54331
2006
9645
11967
13415
18119
27633
177884
2236
92550
48508
8507
1610
14598
7988
21921
45690
15802
20633
25508
27179
31173
32930
32975
55275
74661
77802
85776
88987
179403
189816
24138
5685
26401
6491
6759
48372
1816
1082
5738
14475
1871
481
3680
4466
6640
3223
28738
49077
8232
15087
5089
6227
5202
68948
76696
7690
3740
26763
55020
6037
8415
9045
21703
37024
22235
11132
9971
13387
16890
5376
4089
5634
7859
4590
4791
27102
13165
51623
16397
22372
24802
30756
3670
10839
20379
3047
13007
58751
3478
4944
2364
2995
13854
1631
10250
17884
18410
10647
13672
14787
23274
25715
52594
60396
79372
81448
83422
91339
92743
9521
15814
8614
13699
35550
93615
33093
2244
24733
747
15743
19000
5989
2817
11508
27976
28276
48982
85639
12051
13556
43318
74055
2194
61620
5315
11513
46438
8599
22602
62236
13066
41915
63961
28434
7038
9028
3451
21226
83849
5698
6006
31428
28454
6957
48360
59811
7780
8712
32579
44290
78795
4807
8530
29712
18913
22291
4259
78258
8874
44674
4444
58581
1741
13232
9446
11559
69351
5332
12459
18513
17566
66683
6095
4475
23615
10494
58616
22281
14453
1533
13000
3124
6142
7135
7153
33611
52960
54111
57724
7811
3988
14037
27625
16432
20270
12448
1365
33462
15162
31346
47248
7419
10505
43441
11553
4391
15184
65363
26760
5136
25924
16782
6713
675
51317
54088
68937
8280
16981
16417
53057
13998
24983
11264
8346
53236
8021
7268
33761
19278
8679
1597
37363
41270
5460
5454
27701
29612
12193
17190
1527
25131
12167
73093
61574
11304
41054
1853
85840
8339
4481
10749
86813
11209
14087
20473
26613
45065
67017
82732
95328
207180
2756
2789
83233
1537
4706
6601
7654
368
11670
54778
945
50222
16923
10711
3558
14086
22294
25880
14244
20377
76366
2950
4977
8418
37356
88842
14213
17675
69088
76433
31637
12018
88870
9493
26754
49825
21433
16351
13657
14170
38079
15983
22062
2932
6338
19120
9657
66591
11958
19678
22371
28068
31930
38832
4483
10846
20875
5392
13188
19478
44301
17657
44896
1003
10551
24963
3843
8611
10843
72396
78913
51493
22666
872
5750
6228
9069
29551
41403
11946
1346
4217
11822
9226
16162
27346
43900
9861
32969
39566
46192
60854
2174
9788
27446
17289
19448
18960
215
31489
52182
79011
3820
10694
31057
4002
47573
3130
6903
1114
19387
3913
10512
18673
432
14118
3364
5883
10786
7907
13087
19586
24427
26808
6673
9889
10903
21989
35378
3714
3602
46093
31337
3701
3527
7288
8359
19135
41760
3214
22054
31209
12768
2438
8957
29239
1219
11461
5612
7261
9973
17114
16366
20589
23658
42427
46806
54379
58130
12985
4592
15501
18934
86631
4551
16000
13432
2861
8850
32344
44852
3826
7587
1134
13513
17612
6842
13473
5772
5340
16177
61228
10938
31010
52275
4144
13870
43250
25244
17602
1046
45843
8660
24807
37435
9040
9064
10486
13017
20819
33286
50322
64756
1187
11648
12695
18326
19355
29926
56127
3033
13613
7948
48855
52562
6561
10386
13749
8948
450
11272
15262
15967
82898
68659
5337
14523
4097
8251
9888
69692
6519
4968
7263
8369
8958
4766
64203
4532
11202
13783
15635
20271
25518
28188
41814
58986
61036
65081
66424
72154
80330
14943
50970
5483
11291
2660
531
14069
15488
31047
35104
50415
11555
15124
42714
12061
27642
55150
3418
18864
15483
91480
3818
3549
12275
7418
18009
22319
1943
1145
1409
2922
16492
1625
1936
74995
11827
19670
34822
21252
6717
11349
14696
18638
19089
38368
39668
56788
58058
10662
11018
78869
34685
5600
7696
21116
21427
84234
24586
12104
18941
26299
46957
17572
16100
29041
770
1547
4050
80692
3925
17320
19197
22431
24863
28920
29531
1196
22373
12811
50901
27175
26642
7892
20505
626
11873
16168
22113
24001
28066
18101
11789
14242
18536
40355
17887
11901
46529
18485
91630
60467
9121
11799
34468
3004
5359
9240
13483
22470
34045
15816
62314
78838
18212
22005
73470
77318
12524
16515
64850
67257
10530
11652
3198
40397
53483
48282
7361
27140
58423
2425
868
9749
2189
4804
44504
7673
65319
33301
60565
4935
3202
4146
8099
26327
46680
83201
12527
43016
3875
5695
156532
51774
1574
7276
95224
2098
16687
35473
40598
58400
7601
70577
24794
34890
46668
10646
24277
532
18618
26516
33356
53709
22565
19255
3397
24201
810
21144
22910
80316
2782
4802
12719
32003
3863
8680
9943
13787
16593
21721
23336
23396
23775
29045
30379
54572
61685
3589
14469
10108
31430
45299
57728
95567
9290
11900
13457
15349
19287
21059
10242
10661
17775
24323
73405
41954
27664
5479
23311
54607
7497
19667
33120
10083
4082
33753
9178
11609
44782
23796
1606
14294
3514
85354
40007
24170
42629
70755
21096
9236
58651
16963
18390
18773
20778
22580
29105
52761
71862
3816
13594
10193
6203
9272
15473
15547
38002
20934
28873
39294
53650
65245
71875
79460
88622
93324
3319
15347
16546
7060
360
13942
7499
389
13394
1386
11189
1835
6581
3999
1435
13199
21107
3500
25300
29875
31324
3926
6857
14610
20800
242
10723
11363
37147
7896
15645
82555
27427
7245
14933
37169
36535
4701
35931
20908
5778
20688
22993
19427
24690
8851
11292
11533
13016
15784
31098
45691
6081
21928
3208
6666
8731
9098
10705
26091
39215
65867
72108
23977
3179
12008
55135
14040
1086
1333
6295
28565
13031
1448
67230
811
6577
7136
36809
2858
20539
45852
10159
18284
23587
43243
44125
58477
63113
66983
92019
19739
15227
2362
21761
35647
8855
15808
3930
3078
23718
24497
31526
40628
41584
71139
72978
91704
35061
24332
11008
73982
3408
7596
57610
30470
6176
24625
25472
19868
63908
15773
16086
19662
26289
68165
5788
11514
76858
1769
5852
69454
9008
31314
52213
8687
1123
21562
30150
43927
92299
1885
13141
2854
7534
8008
8792
9518
13245
16132
16731
18764
19371
19877
19970
21128
23738
25005
27917
28509
29164
29985
32382
34812
36253
37663
40312
45861
46877
50981
53021
57260
65372
66205
66638
70162
70173
70277
73855
75334
76709
81151
81586
83429
85866
91968
8852
13405
46170
13442
1183
51274
12250
15790
6008
1588
16643
3627
17679
36924
61846
2820
87740
410
17210
62143
10741
4611
6741
1317
21618
23470
59930
521
754
6378
40161
43660
57571
73068
78503
21568
31781
6504
8805
11386
13707
17991
25600
36348
202201
3212
45559
221
12140
10768
47029
27742
64606
1038
2054
6257
29106
22687
2452
4443
29762
33924
28161
10345
15427
1722
18182
15569
600
2179
15196
19820
20340
80792
47451
27028
5575
9610
10112
16305
21102
23744
34693
50074
50340
85608
15120
88600
3945
11079
22121
4426
7285
7728
22028
29618
40693
9104
12495
14726
8017
16158
21571
57035
2260
71653
8047
10636
11160
52514
4064
608
12680
8844
11383
16905
46303
4313
12953
24679
10429
12173
18069
23590
30397
34718
38093
40937
40988
50422
51969
52682
53454
55838
59294
70915
84201
89540
3839
13974
21962
61946
7990
29221
43460
44484
32328
358
2316
3902
50333
5514
5004
8725
13969
39539
11092
58317
1464
16095
30854
64561
78379
22502
46956
8340
8728
17932
13714
26167
39040
4814
6866
12832
30406
1776
3347
3831
7681
9995
21527
24555
29155
70267
21487
13390
4826
13142
71247
6314
9761
589
1699
2796
43339
3920
84481
35226
4644
7111
14378
5517
10789
16496
71196
11821
28712
1313
4463
7496
14890
33829
5013
29369
912
1993
4038
10650
71878
4378
1419
33324
5264
6969
11426
14440
18958
30519
31696
39965
49416
49877
72067
7081
53064
77340
3593
88193
16568
41663
94345
16772
8451
35037
31984
40751
28931
6042
11128
6022
20134
37232
26067
53211
8284
30246
15171
10727
65405
4262
17759
16799
943
10358
14637
38606
75051
13183
16056
22613
26139
35137
935
3161
34086
18597
4938
73596
14725
5582
9366
3176
26545
43006
7066
8014
40748
2131
14165
15797
44111
47476
54251
2203
4866
15236
44459
21025
22856
14512
9032
4327
7520
11171
12722
18541
29471
8580
26778
34380
19044
10822
14860
22091
27965
29699
38266
84433
94268
6635
18509
21325
15781
7494
13263
25780
54195
10691
12855
20635
17209
19869
49291
63576
5096
13398
23697
10616
11287
13752
65406
85597
13317
9623
55221
84810
39049
14143
15390
29696
16252
20714
7642
13976
1389
1975
2897
20245
24570
25018
25449
29355
35615
47288
50147
55551
56392
78016
15593
16899
219
707
1246
14785
16690
11871
12965
14212
26733
32088
42988
60055
70975
15080
21243
8581
672
3367
4898
8189
24763
3611
12516
14053
10464
16134
37140
48956
89392
8487
10128
3036
12967
39160
48794
85957
5468
11712
16480
5684
11746
45918
51390
2833
9373
48810
47900
31207
73977
6278
29591
4457
7788
18290
28742
26098
9720
9832
10037
15131
20236
26063
35988
64121
9304
27840
2298
21902
2634
14343
87247
5964
6164
33010
62639
1289
14606
19654
3591
39248
47993
5934
7016
47732
5975
1937
8166
9017
9202
22025
33625
5628
7211
8364
10990
11003
13496
15848
20372
26054
29649
35547
53893
54633
56858
58980
75555
81382
83167
16049
36353
4190
11174
15123
7916
21066
25429
41793
11248
11676
46499
93856
9170
31265
10920
14332
32410
10006
22684
5614
23443
44212
58183
70921
1268
12777
21929
16744
26407
28370
78865
598
1162
35604
444
20961
3718
25930
10473
24112
25004
27953
1098
2786
3806
27212
230904
31972
3787
5085
75530
75851
5961
13755
15290
24151
46383
50129
51719
59055
87175
1753
6246
12545
81873
23521
84134
13560
13864
18539
24927
25944
32412
53843
83871
5197
16522
28610
1493
2605
10796
7174
44712
62807
36497
7472
8821
15478
21419
544
40565
3499
5314
17158
35027
14588
18677
27121
57609
79636
5968
9952
15431
42288
9321
49465
4415
2185
4883
29103
30324
33005
40715
43161
43585
61325
18264
104
1705
2632
3038
6004
7365
12640
16683
20003
56671
6248
1299
16910
13813
30656
2688
6130
13863
58769
78685
17824
22597
1073
16352
2910
1124
47440
36119
14109
15947
6641
11607
17294
35451
1827
17565
20509
26679
74849
13849
3717
10574
26812
51047
60995
6826
2312
18733
27433
32958
37374
41769
48973
65417
71018
79751
7142
9423
15214
10729
13899
19019
25353
28428
70883
71516
74814
175762
42614
34877
66203
843
11782
3056
53146
955
10761
11694
17878
23716
16531
6269
56267
6125
74159
2561
11606
49724
6694
10292
26527
1222
2544
40486
53298
4373
3360
29019
43215
54556
87326
643
235190
5558
26080
29525
32956
37190
45816
14971
2664
5181
16682
56248
11748
15316
18516
25117
10964
1280
9327
26008
35778
17717
90765
4001
40758
2256
94231
8860
6980
69695
5736
24016
31547
38068
76954
1109
9559
13957
5726
10975
12310
29465
91430
10342
12960
31270
72181
10299
10665
19474
24747
28214
49873
60789
60939
75115
91284
8869
12748
4515
5999
15893
5211
4555
9103
14136
21520
28604
32848
34100
36593
40372
46193
59673
190632
5399
4114
9333
14050
14764
16439
22987
30832
41928
42767
42780
49037
59686
60018
86007
31153
1808
50318
67220
3258
4803
12563
30663
94860
8115
12613
18788
19072
1413
14830
21998
9643
10521
4360
20155
22149
39277
42763
12207
15739
51070
6656
4512
12646
30596
47217
86118
31959
10813
18549
11603
11728
11889
13756
16386
20750
26202
28879
32283
32971
47774
92535
56768
25141
23024
14872
48569
3263
6848
10357
11661
12775
14192
17656
19403
22424
26384
27370
28708
29096
32646
32814
34032
40872
48245
52919
59444
59736
59769
59782
59786
60282
70206
72577
74903
89408
89647
41042
44839
2540
45938
81837
665
1150
20610
37673
10031
13068
19114
27119
17503
2978
33490
40624
5691
13908
17972
3398
12807
50110
1620
7844
85615
31404
456
7984
10327
11407
6402
13981
14199
14983
24098
28210
37056
58410
79036
81284
1798
28867
14064
22977
11941
24443
14311
21324
13879
19293
19833
17987
23709
29958
2800
22109
42673
14078
1917
10312
14035
32148
36654
61240
21061
3965
72550
3477
18357
19583
19745
27363
30036
49733
56141
63660
63749
67668
71699
78200
94286
94614
94946
24862
8652
5317
38490
5947
4967
9997
10028
31439
4442
10807
15174
46417
23156
52287
2481
11306
20077
20181
86851
236370
28592
3287
7387
8979
26804
6267
9691
14372
15156
40188
14714
3959
3993
3994
16996
1465
67940
1559
13575
15932
47974
64595
135
2052
3156
9810
16069
19811
21947
25473
42476
55899
4212
10814
29440
41997
2486
10012
12743
13204
15441
25640
55333
58173
81296
2877
4879
8155
13511
28253
3523
8848
10883
18484
21354
40516
4729
5369
5821
20770
4895
16141
18301
45487
1190
14371
1269
4985
9882
34105
13533
15286
38190
51905
2585
15559
22253
6383
9375
19718
36277
53598
73118
14098
103
2875
4593
13312
24962
26649
39716
41974
63788
18830
42481
2211
8820
10165
25884
32346
36629
42023
49560
54952
88655
95157
2602
8196
8220
24575
31997
1759
13609
8779
14978
11733
693
10103
8173
35007
9915
9923
24093
34030
92844
40823
6110
11185
18002
11293
21327
29975
14376
21537
87206
5193
21824
22505
49875
67981
4450
6154
31833
34005
1338
2832
5940
6371
6714
15142
15190
16536
16989
18232
19575
22060
22594
23305
25245
25717
26734
33756
33922
40098
44880
58925
77555
87465
92005
19537
14129
214
7315
7501
10309
31286
32949
36393
40203
60800
61450
73331
78991
221653
18020
7251
8868
11112
15674
19916
20863
36588
15546
7566
12986
20692
21181
25814
21139
28001
29648
81167
15433
15708
18149
18175
20323
38690
55549
92155
5223
13764
17720
6865
4342
6239
9628
24469
15650
2871
5253
11031
13024
15328
18499
21681
24644
31713
45338
66691
69515
80313
49282
734
6503
9819
1746
3737
4286
5711
6106
6595
6987
7336
7817
7841
8394
8799
9523
9839
12449
13071
13219
13687
14527
15225
16742
18627
19053
20941
22187
22358
22503
22550
23082
23166
23237
27056
27082
27425
27931
28442
31571
31936
32668
32888
33666
34246
34370
35312
36152
36351
37097
38044
39190
39759
42384
42568
45555
47398
47641
48565
49859
50369
51098
52811
53571
53717
53769
54310
54585
54705
54964
55876
56360
57720
58246
59735
61693
64281
64329
66663
70489
71146
71449
71744
72315
72658
72722
72758
73695
75962
76700
78969
79440
80543
81892
83069
86582
90022
91104
91721
92069
93696
95643
235469
5203
41320
4917
8560
8737
8759
11076
12607
17710
30351
31462
71422
75458
5274
8327
13216
14282
31351
35475
42727
32396
35542
10588
20843
11832
17218
24725
25044
3466
3601
58621
2625
14345
17864
23895
34420
36495
38066
41298
46633
80350
25941
3007
5028
416
7556
9668
10248
12611
41108
45347
8937
12912
19723
44375
34775
10932
16213
16475
19108
21745
29960
35875
36774
50802
54072
60277
61696
62626
63445
81293
85789
177838
188460
2775
57496
2699
190
3137
11238
17483
19424
25096
25883
29850
37595
40061
49863
54114
64024
65878
71766
79277
84048
84163
8057
9042
15353
30146
7474
3908
5733
65975
77646
8281
13019
27203
1519
26802
8167
10960
11196
11650
14435
44812
60730
72921
84298
48806
6527
3621
9235
23997
28288
1772
7030
24903
191
2513
3216
17098
17696
17940
19364
24870
26666
29075
30185
43750
60630
62538
3571
5588
3155
4356
12208
18533
19024
28239
49845
7233
13332
23856
19175
44718
66923
84040
16196
41163
9019
14059
21864
14834
16058
12502
54841
19989
3467
9425
20792
22946
45900
47264
9592
12792
43314
13923
15845
68126
5182
4012
10450
17284
21073
23451
28485
29139
29534
35338
45649
46567
54953
64697
595
6093
8616
12597
21415
30064
65909
6972
9951
85023
20864
59326
7643
39042
80870
22093
24317
15756
16110
42642
67752
72185
6889
2439
17254
31136
20017
94338
7560
9884
25822
3044
3490
12090
10061
22151
2393
2884
9896
9986
57818
6066
157
2145
7213
8078
31025
34293
43424
55857
76647
34512
2752
8362
56320
12806
551
5579
35812
9699
37775
12566
15767
798
16754
30686
5439
5844
10633
18763
24638
28513
29100
29381
41267
46100
60327
6310
6629
14292
3878
8324
30057
2138
4303
16336
20161
24622
4750
4958
20348
5842
4719
6660
9012
24522
29867
30451
37676
73350
77785
79126
6180
26547
7511
8024
10862
16240
35718
66394
71387
72906
13875
19088
59944
1524
7736
3295
11316
8286
13878
20139
30668
58922
2622
5386
6457
7073
13281
68741
4160
11496
29378
29965
74358
223
5503
8300
36831
8334
38641
23975
31494
14306
17839
18377
49205
17247
82526
1714
13673
22753
23735
384
6975
13559
194
1490
4768
6593
8096
17263
17880
24563
28586
32045
37458
62919
17312
26472
12225
17852
44183
46361
70141
8655
71492
664
15825
19258
19755
5840
2216
7099
13771
17086
17458
22295
37986
42171
70410
77506
80088
21700
28662
17730
14989
25402
38523
38591
69843
4098
9358
11646
15069
64313
1874
9659
31172
34051
16602
17311
25781
3330
25682
189
195
196
619
8228
13396
18462
24535
30435
34116
36016
36038
36937
54998
67268
71285
82164
2678
19409
43697
10759
14973
6704
12023
5110
12195
14648
53851
67334
6357
7162
32726
61758
10419
11807
12397
15321
16315
18810
19835
20032
20733
21018
21320
21377
22365
25535
30086
33655
41497
42228
42310
43555
44329
57024
57590
60493
62844
66153
66975
67307
69987
72599
76074
81189
83513
86695
88718
89781
92184
58136
24028
8826
26372
79957
7884
15048
33779
40457
47149
9823
15581
16015
42718
25025
12829
5676
14664
36965
852
11163
93704
610
206
3783
7284
10294
10614
16949
34915
43204
62096
64528
64904
4558
425
2158
6746
6791
15752
20378
69744
71592
8158
39202
62196
21513
26211
3870
5219
42529
5040
11855
14046
13784
21132
40453
44644
53678
76512
77991
6724
14880
25522
26782
6077
57011
9842
65473
6001
10539
23677
27392
19465
28625
971
6131
16067
23194
61501
2155
5991
20531
26436
53720
192
8123
11565
13307
14031
14347
14794
18535
20115
39153
46291
52214
53533
81718
2730
7810
10643
11602
12287
13030
25663
27226
29588
15092
2521
17046
37063
7799
24254
3964
49534
7172
10492
19577
38619
372
45704
45933
18205
22815
3854
9265
3372
16138
30263
3380
5636
16493
24806
35335
61646
65489
85870
7082
7636
8749
11261
13826
18981
29436
7386
12529
23394
5221
7663
7862
7994
8348
9731
11616
11638
13444
17745
19948
20764
26512
32370
46537
54484
59171
88055
90446
14561
5262
7010
8708
19726
39345
39761
40759
46755
3722
36496
39105
21359
78885
5320
7700
15853
10181
19708
19846
5889
15748
21261
8989
21072
39249
57475
617
404
3742
10107
472
7982
11882
10168
17466
3936
6530
6778
7830
12784
22716
23065
24724
24828
25950
35141
3045
3273
6361
11740
19296
25513
5605
21278
19268
786
3224
4076
4561
49801
50078
24006
199
200
3435
3650
3967
13802
17359
18644
19959
30758
34620
54116
158819
6859
26667
45398
61689
71309
73705
23197
2132
23848
8243
73756
812
87363
4068
7396
8904
74808
80058
1967
2323
12436
61209
3317
4816
2490
55824
73682
19201
49718
5807
15679
18895
37003
39846
1826
14503
193
526
3812
6934
12843
17156
36166
40507
62364
67022
21241
3089
7578
12675
12935
22738
32597
34112
42209
46676
47410
59929
2408
37115
575
11591
24123
31562
37416
9906
53818
2167
12131
10536
9252
58305
12402
20364
27724
33256
36737
43015
61925
75446
15827
31621
26482
24050
47283
6602
7787
22516
22912
55249
202
203
204
208
216
217
218
5104
12621
18894
21649
21976
22626
23737
26344
27484
39437
40895
52053
59744
26049
904
9312
11252
11817
12709
14135
14471
22284
23377
33915
36429
39557
41930
53601
58957
59386
62971
69355
71405
6858
20581
86511
4035
31233
7435
16673
3493
9129
15969
16775
18405
78417
93142
59514
18525
71062
8092
8757
11671
50199
20366
31063
31985
16636
17731
25311
29887
31874
9319
11086
14334
20392
22090
28274
36221
37052
9101
1929
15484
34053
1322
15164
20453
22339
38394
68925
16036
83698
12757
15902
30775
5357
205
207
209
210
211
212
213
16321
23896
24510
29839
40846
47959
77975
2264
3005
4665
5212
6117
8376
25969
29322
30140
32071
45366
48601
49469
50579
52934
55955
56395
57296
59933
61837
62327
62982
63001
78935
79594
79659
81482
91070
245449
60610
17122
31498
35680
9581
23344
1047
1711
36297
48407
48507
13683
18857
25339
35247
1112
30412
4184
16661
21835
32471
61576
64798
49259
63821
88478
2764
5545
29752
35145
35701
76443
9189
14274
18705
76498
72198
33424
36465
11784
69295
3407
7460
12240
12431
12578
16529
16955
17307
25493
26065
26880
37179
56067
62316
5214
14906
30564
54185
3599
11881
4281
5453
10686
21189
21299
10046
10079
11474
16999
19481
34217
57172
3646
8416
8735
20209
29435
71053
15205
24715
41244
8526
91145
13464
13791
3141
4344
8085
13226
18468
22553
25344
42668
44670
58118
68252
71495
79635
203709
13166
16408
36610
27443
1578
15050
27379
63561
40506
8639
2898
5371
10625
13186
17891
23023
25762
25976
26326
34531
37529
48945
55138
75305
16624
25487
84228
10886
12037
18132
18554
21532
31410
33271
47363
62910
69777
5071
12412
15578
16359
18887
22570
24830
33801
66580
3539
4308
27188
29033
10744
14840
1681
7605
8747
26911
171381
11573
18483
27059
54797
6237
9194
9437
12805
12937
14246
17199
17938
19834
23298
48570
49625
83974
2694
6046
6455
7011
7192
28218
7792
25693
9758
13153
24734
48689
48975
75166
3446
9688
16156
23477
42824
764
5682
8707
13172
14178
16956
17490
20576
25258
26253
28295
29925
30029
40927
42773
55170
57551
62727
77620
78349
5823
4104
16836
51275
72735
44734
46451
5671
10677
17854
4267
21666
27864
53310
61161
71376
12974
20253
26661
45972
52496
52901
81910
17971
2648
6823
18675
79221
2191
2768
10330
19927
6703
25721
31343
32261
41784
230
14810
68308
80427
11774
14330
16743
22805
24342
27692
42711
52823
54056
55771
79482
60180
987
10901
14119
43920
53810
12846
3041
14449
42417
49558
946
3200
9390
10198
14204
14908
15146
16699
30982
44673
4394
6847
11853
12153
12975
14210
14781
17512
23556
24271
25210
25408
25599
26182
27533
34283
47062
48292
49496
63845
2029
7993
15936
47688
29860
4545
25738
29422
43967
44665
47095
25966
54315
2951
6054
94912
377
9057
20852
29234
11480
16615
32256
16739
21701
24836
34860
36883
2989
9219
9317
16288
17661
20678
25250
25379
27011
31816
52211
54004
88278
89079
90687
199348
5652
8206
9710
15269
19111
78489
7703
70703
18165
45138
2531
10709
26137
47953
76698
82698
2808
4143
5824
11856
16823
40429
62843
63261
85759
87667
10724
7745
6409
6749
14603
29166
43568
5941
10240
23472
32282
33931
52397
52476
1972
9721
12875
13323
25841
32939
35657
55943
34736
6327
14827
21142
25041
9840
33358
5045
11399
12830
23107
43910
8877
9990
10896
65584
92428
4485
12178
20554
26015
29552
30276
35239
42750
50379
62579
73421
79476
85679
3513
42880
41720
42793
5943
21186
34134
58222
7190
7836
15493
28718
37431
11429
4158
10219
12143
13777
14039
24821
38314
48913
51476
62728
77874
79077
5564
24973
5154
55409
64941
46988
6299
7757
13190
18990
28497
51989
79752
14720
33023
63605
82049
39588
37336
51062
3173
16526
25530
2209
5938
26010
61703
79057
1810
4331
6591
7338
10875
11342
20319
22415
23932
25217
25702
27686
27796
28729
28758
30011
31414
32451
34538
36059
37849
39475
41943
42013
42769
43733
43906
45440
47758
47785
48553
49939
51901
54455
54554
59239
65455
68207
70538
71017
72285
81280
163212
175941
201252
2587
3868
6336
7106
8872
13105
16016
20683
5091
1252
4247
11931
12084
15197
15507
16150
18859
20536
23875
23903
24721
29081
35463
43342
46761
46855
58257
23070
79790
11026
12294
16371
10778
20981
28072
37451
47455
59177
91779
3267
3531
8230
18757
19086
39021
57844
21384
994
2077
6920
19565
39150
45697
75593
15896
2792
15648
29554
194449
4712
9479
11569
13108
13921
14543
15506
18152
18717
24365
26677
31119
31335
31551
33850
34343
34460
36274
38947
39740
41508
43633
45389
47885
48591
49002
51032
54684
55160
58856
60006
65334
68234
69710
74131
74855
79623
182475
3221
6356
12377
15401
67976
453
3583
18656
3402
6012
8146
26189
36354
44744
73406
86037
6063
7966
10618
12491
17319
20320
31899
39073
39988
56376
82275
88943
1552
9602
26878
12331
18445
19231
74042
244288
10195
11614
14542
14886
16066
18313
20385
21631
24167
34521
43388
45771
47366
91046
743
814
1116
12556
13276
42694
42881
10073
29851
1286
3498
11851
35218
6238
20226
3508
8846
24979
42898
1244
1135
5474
9774
12185
14928
18186
27929
34711
10016
39364
9502
10146
31267
38855
54907
83711
1192
6119
7442
8834
9255
9431
10613
11838
14335
24426
25078
32191
32832
38538
39095
39268
49835
69812
73172
83191
87115
88764
68600
52172
1999
8180
54350
1221
2899
39811
73117
5492
8915
18307
20447
20543
29007
50509
77528
441
11428
18503
28894
33869
14865
44984
1341
3114
4389
11800
15862
20735
26308
26952
6266
9344
12948
14265
40729
41547
46142
65335
72963
1274
14625
9962
8625
17548
8200
11839
11995
18349
19221
22324
23944
91868
93531
238
15836
3190
3215
11467
12815
13107
14654
15653
15971
18837
19747
19946
24453
31360
32715
34395
35434
48551
50651
51465
57465
61074
63985
63990
65861
76536
91445
3457
5791
11893
16275
21733
7164
8225
8613
9134
15924
18776
26463
3126
8388
13140
22898
28263
35047
37779
45276
59327
69976
70157
70290
72249
86499
60322
1497
2152
10739
11149
14963
24948
41944
61671
10597
89681
65941
16245
24285
26907
33671
56253
63734
3225
7459
13954
16859
17882
40387
44102
55079
65393
45328
2320
2744
18106
46439
1924
21716
7795
12539
15715
17494
18164
19321
20100
35538
63723
2684
4371
4631
7573
8658
9798
12822
15345
19598
21295
27556
27667
38061
40197
41571
42165
43327
55375
89818
206129
662
7865
10261
14220
20569
22740
23833
37715
84027
48482
511
7976
10286
28750
32897
37488
78161
91028
93181
4240
11181
3039
3255
3797
7915
10053
10699
19816
19943
21463
25914
28104
35971
61569
75237
77544
91841
93460
26548
44418
55120
34635
6569
53532
65804
5408
8524
9111
17196
39121
3619
5629
15803
22885
31074
32428
38930
40904
2079
11653
62462
1363
10525
8103
10876
11637
12119
79420
2990
6292
14567
16360
23530
28528
28962
37288
41836
5523
9590
10238
10410
12201
15312
17663
20184
22305
27693
50113
55213
79657
82939
90502
14577
3219
16676
54622
83272
9497
14673
16171
20344
25075
30914
34494
4615
79478
5475
6600
13343
20744
23755
32224
41728
45361
55175
56212
59624
62293
84250
85163
85881
42328
1635
5018
13734
31942
3793
9475
14196
15011
15300
15373
35099
85267
1018
2609
7838
8644
11164
21811
34773
35728
2196
8488
17762
18389
27915
57360
10911
11656
24475
16769
31661
89063
5681
5971
11879
12882
14095
21251
35467
38433
38807
42648
48308
57409
64013
69335
1408
2479
2908
5263
9737
9817
11483
17619
18743
18769
20179
24713
25770
27089
28219
33269
33996
36702
42045
46554
49238
50715
51380
58722
67345
75317
79940
88963
92527
11488
5740
1781
12296
17917
19018
21730
27335
77516
18486
68641
1880
5591
5606
6765
8441
8547
8828
9308
13700
14014
14486
16198
17959
19878
20849
23200
24091
25177
25306
25971
26323
26606
28958
29003
35742
36554
37428
38176
43992
44214
46598
47334
49120
51573
58875
60052
60893
65625
72883
75420
77754
82644
171454
20135
1671
3260
16490
82454
2652
11340
13741
17298
17461
20729
51470
56293
28328
58256
88877
35629
49422
2358
12264
12850
14868
1688
3663
4245
5767
8040
12405
20762
22953
25848
40365
46819
51010
68777
87759
4983
5177
6918
8888
11760
14308
16378
16590
17108
20173
20472
22761
28312
33011
45022
45221
47460
51448
57534
84714
92962
17812
18092
83617
4261
4541
28853
42983
1026
1565
2681
6637
16764
26723
29283
209010
8130
35956
11318
22017
39774
55581
1405
6263
12802
16846
42359
5699
10522
13716
16249
16523
22743
41805
84419
3692
14807
26124
37417
12232
1456
4374
9084
11820
14352
20359
2082
5933
7586
21986
25574
29485
30941
31699
45447
48215
67499
4420
9779
9808
16006
17492
17596
19685
20004
22063
22585
22928
30764
36346
37346
39949
50288
58267
72967
80037
7427
27389
30562
71508
3316
6368
12753
17128
22238
55687
8299
49310
3253
13901
1326
3504
8933
10394
69945
84817
1182
6976
7709
17068
18443
25609
36733
5370
7812
9434
15206
18172
26540
27536
54703
80815
12339
9071
12536
37827
18055
5598
9675
50056
8744
9698
23956
28121
31355
35125
35635
35970
44967
50348
80524
5189
6011
9381
10060
11327
11612
12126
12216
12325
14997
18299
19119
19181
21692
21917
22996
23722
25114
26955
28044
29725
31541
31725
35157
35577
35832
41132
43413
55080
55628
59124
62744
64053
64879
74939
2218
14327
9067
16583
21895
22749
27757
34243
5888
19797
23202
26832
5562
7767
17454
22245
50201
58095
15211
32555
33989
36760
50359
74197
31000
5400
11172
13059
25474
31826
38958
80838
82279
1237
8985
89077
156716
3609
4904
6337
7505
8495
11081
12573
13600
14590
15354
19213
33254
40338
45597
45608
48409
90274
2495
9596
17961
35894
48680
6375
8347
8535
8921
14281
32508
48632
52014
4550
5065
8079
19041
19958
21206
25876
28092
32049
33550
38508
66425
67775
80986
95530
10899
7934
8473
12110
15466
15656
18362
23049
30251
32988
36347
37845
38075
38214
45203
55755
56547
66537
73472
75297
76201
77758
79622
87687
89146
6898
9378
13747
17748
4052
8856
16254
28675
36118
36320
49991
80331
81354
22983
58040
8785
21531
30742
31311
37125
3884
6305
37844
1737
2056
4830
14410
20918
22475
25968
28621
38155
45032
46107
55616
719
2249
7783
11776
13340
20169
39850
40071
48113
87547
11117
14142
27572
36246
69917
9149
9509
17840
33340
36667
43254
3277
3782
4465
6438
11788
13968
14520
16548
17261
17439
21620
28286
28301
28928
30496
35400
35908
40769
42132
45061
48162
65201
69400
72632
74153
77717
79757
83081
86124
92926
4963
26678
27224
1766
4069
5162
5345
7675
8023
14721
19727
20960
24523
27938
29631
32835
33644
40933
45371
45901
55342
60794
72873
74152
87593
2973
14477
24065
4375
11862
20089
8900
12567
13537
16876
17220
18919
33289
65205
78724
576
21640
860
8423
8991
13655
34600
36616
37152
70069
899
6440
12477
15000
39470
60897
5000
9768
12624
20185
89708
2325
5659
5670
11394
15327
18942
20738
21650
27166
29560
32895
37631
38203
39328
42465
73074
13505
30603
1637
15291
19720
9231
12410
16779
34802
16188
37915
47711
55778
62095
89109
92164
630
2229
2520
3393
3401
3594
3985
6170
7035
11585
14016
15949
19556
21002
21578
22481
23435
25387
27007
27935
33447
35590
37832
38798
46389
52354
52857
55209
56341
66532
69831
70433
71408
73165
73693
73879
75422
77750
80165
83652
93133
93848
211614
34601
5391
6373
11355
11547
16034
17885
18017
18879
18902
22259
23259
34755
38170
43527
46699
53865
57354
76217
76697
77432
82554
3561
5254
16693
21402
26190
35746
3146
7343
8163
9734
10074
15218
18710
20213
22985
27228
40889
41372
51812
2627
3091
7946
34419
10757
11560
13076
13497
27623
28705
39335
56745
20028
20218
23596
43736
1254
15872
24188
34647
56202
12934
12942
18854
41755
94090
94190
33066
4154
5727
18704
24425
50186
93132
12533
16044
8788
11783
48396
56986
63403
87606
1523
3569
4422
5701
7820
9214
9540
13351
14665
15821
15879
15911
17845
18953
19542
19621
19764
20387
23950
24290
26591
28098
29193
30120
31038
32666
32751
33645
35159
35904
36571
37460
38915
39506
40967
43415
45993
46751
47866
48957
51922
53041
53065
53276
53574
56040
57043
57078
57834
61939
63506
64187
64604
66276
66289
66376
66447
68144
69243
72986
74598
74794
75625
77036
78062
80439
81080
83551
85116
85238
88749
88838
89306
91648
92551
94497
221719
17382
4703
5288
6962
9513
9743
10953
12759
14411
16626
17010
18323
18713
19991
20488
23764
23915
25889
26777
29951
32766
35765
37467
39644
44752
46212
51234
63661
75848
76303
78187
80352
85601
10859
22897
5948
16499
19505
28260
62073
63871
68034
8775
13598
36414
4741
5880
8138
15567
45975
89155
10384
20224
921
2502
2799
4166
4820
11545
12717
17639
24382
2199
8335
9138
16025
18193
21753
22142
38661
43274
71164
88064
1550
10160
1071
6021
9274
24542
40503
25343
36576
82189
5347
7821
30779
55451
90785
34475
4137
5567
6036
8294
9147
9339
12789
13012
15382
15472
20604
20708
21344
25214
30250
34557
34628
40459
42414
43764
45722
48354
48524
51503
59878
63551
69619
69798
70278
74488
76714
77586
81093
82151
82272
82505
83609
86662
92984
175967
8338
24501
26921
31100
59214
4196
5243
8509
14092
18022
23280
25749
35883
51292
56900
89002
218784
61005
30399
40284
40523
68066
7161
12086
48063
5012
7444
16001
16219
17497
18160
49882
71761
5524
7633
10382
10917
10988
11311
12218
20022
24147
26909
27376
29006
31349
37954
72384
11409
17469
17526
50098
91291
7922
15689
45448
76068
29611
57479
63815
68887
11432
21988
22484
44586
52920
59739
3455
4195
4909
6612
9233
10621
11210
13429
13765
16418
16518
17809
22098
26022
26766
28254
31435
31919
31945
32135
32924
35419
37813
39282
39289
40013
53482
57242
58024
66576
68764
69800
70838
74599
75324
75468
77882
78878
78982
79810
80835
83455
84464
85437
86292
86641
89376
1037
13534
22746
50731
4278
5312
16941
32447
32530
45391
54878
55558
65885
76225
4164
4651
5506
25146
4126
10635
35326
37238
37685
38205
66426
70735
93933
4440
4856
16296
16420
22988
23251
41900
54624
5891
24572
24993
32001
33260
35838
39582
50402
52300
52640
59946
75626
80807
94450
9859
19561
15332
17457
24218
53577
4773
34767
35032
36012
50213
50891
57018
62366
64804
68251
8714
12003
23726
25961
31824
71633
51273
1530
5717
11077
11126
12973
20422
22274
22699
22701
23588
23857
24746
33787
39914
40683
47632
50803
67265
74932
76310
77278
78950
79502
82497
20479
20970
32107
39834
2575
11055
12461
15314
21213
23571
32717
38795
42338
71923
83743
12277
19892
34970
4205
8739
16163
17440
24242
42284
249
14562
18868
29203
42329
46000
88098
5559
6030
14554
74492
250
769
2288
6308
7314
7604
7929
11217
11354
13235
17999
22721
23777
26785
28803
31647
34358
37761
47756
60712
61659
72553
91170
23359
20483
21442
26026
27193
32129
78290
2921
7610
10162
10399
14384
22386
29211
35088
37705
43117
84576
2187
5382
5594
15975
16987
17369
19283
19651
21990
22040
22643
23409
23573
30684
31517
37429
37943
41009
44072
58336
60887
63619
68017
72464
9085
12945
20307
24141
27702
35282
46216
70728
3565
4923
6916
7695
9053
9469
17610
19248
25160
30003
30494
52351
57402
90390
32290
8533
13341
13481
29259
31168
43938
44258
52680
63669
11617
12454
24002
69052
4017
6196
8765
16819
21852
22637
28919
35692
45189
2252
3417
5812
6914
7831
8026
8276
9809
13518
17576
17637
17784
17921
18413
21804
22221
25252
27560
28856
31881
33273
35260
41632
44218
51883
55436
57154
57689
63727
64133
65358
69315
71072
71590
71946
81281
81491
84828
92794
18411
4626
17697
24090
53825
1774
6301
15198
15395
20899
28899
44868
83519
607
1811
6738
7295
10254
13155
15324
18709
20648
29889
66269
73171
5618
7876
25605
1426
2841
3409
5261
9494
10026
12648
14727
15221
17623
19646
19766
20644
21878
22747
22847
27218
27799
30453
32639
34248
37508
39996
43761
49388
50635
51680
53152
55293
56243
56860
62491
73673
76274
79490
94150
2248
5697
8938
17476
21127
30074
42429
68094
1443
2732
12399
32184
58921
76147
49407
5548
28864
29208
4810
5855
11722
14051
17344
20006
6775
13975
15957
19787
20296
24573
27923
29984
36435
38213
57393
62262
7902
13238
13545
26003
28430
32673
42431
3978
4270
5651
7451
8199
8932
8981
10331
11225
11956
12179
12588
13660
13736
14269
16964
18955
19367
21134
22177
23936
24481
27586
30744
35087
36940
38417
41224
48057
48786
60363
74956
82054
94337
230908
3690
6698
8930
9927
11544
22032
34164
36642
2968
4299
5257
14261
18805
19194
21629
24751
53079
68578
10542
1945
2547
2869
7791
10710
11987
16174
16572
17112
19280
20529
21160
22355
23446
24921
28685
29999
31629
33343
34387
38584
42281
42326
50206
51269
53281
55403
55482
59632
61964
62198
88935
240826
6790
11159
19580
28541
52993
84381
4320
5959
7495
10752
21808
23428
24199
24869
26320
26554
28568
41040
42532
42728
49314
50986
51268
66848
71219
94447
25613
56374
62259
14663
19536
27747
32979
2427
11568
13662
18194
20874
40181
55047
11816
20513
26044
30808
30972
39674
51588
53344
57878
61144
63653
7310
13679
18520
24385
24660
26756
30359
49133
62266
68803
87470
4767
4964
5403
8396
9158
9704
10172
10258
11021
11030
12121
13434
15676
16471
18040
18853
18893
19710
20667
21051
22219
22285
22764
23086
25907
26291
27296
31705
31821
33388
34608
35094
37345
37506
37825
38870
39100
39852
42088
43532
46925
47392
50461
51085
53845
56380
57173
58426
59419
59687
60640
60922
63447
64295
64479
64696
65757
65993
66171
69583
70513
71428
73033
73589
75328
75654
75884
77013
77143
77714
78620
79648
92533
93715
230331
3151
3334
5952
17806
19458
20465
27251
27405
71528
254
6316
8288
9162
9187
13632
15005
15406
15718
16335
24507
44732
9780
123
4573
5455
7649
9430
10199
10730
10847
12958
15512
16939
18306
19949
20713
20742
21000
21842
24109
24791
26161
26715
27737
28461
31259
31671
34201
39446
41878
48713
49054
50865
54883
56497
60564
61188
69466
76040
78273
79898
88502
2217
7679
7839
42136
47906
1369
3982
5570
6718
11177
11511
17047
19363
20969
33733
34337
37852
38495
39067
44247
47739
50492
53566
66230
74872
47962
54430
11493
70884
8972
16211
27900
39361
64319
10482
13320
20026
25407
30272
38166
88091
644
2112
6708
8577
10351
10754
28014
29913
33129
1778
8668
14238
15119
19126
47890
55492
2658
6501
11615
13750
14386
42815
47438
78026
94332
439
48233
5247
8357
14793
14975
15605
16469
17667
19693
20326
22930
24351
24812
26094
27782
27927
31723
32802
33333
39463
41046
43958
47479
48895
49591
51785
55531
241488
17652
30725
49064
1642
7445
7860
7887
8122
10174
11663
12570
12863
14965
15378
15946
17425
17973
18639
19867
24600
28043
33555
34672
38192
42105
42332
43311
44916
48055
60108
88378
94834
240647
5402
46139
15288
27823
35479
48114
50640
6221
6622
7647
7891
8736
14541
18924
23033
36438
36597
52883
1492
2517
10385
11457
17828
20175
20649
20905
25618
27309
31341
33367
37157
40055
41304
44022
44145
48950
57925
64589
78656
86429
89176
1605
6379
10278
24302
32102
37514
47548
55411
5672
6102
10177
10755
13079
14809
22487
24664
25289
27755
52865
59785
5218
5308
6639
9658
12572
13818
21684
21910
22998
23085
23180
61368
90859
1019
22825
47696
1563
6330
6428
6819
8065
9472
9980
11372
11495
11829
11966
15259
17562
22066
24274
24854
25675
32327
36931
37658
39064
41559
43801
43911
43982
44550
48481
50120
50812
52975
58916
60832
66979
68457
74634
76793
77782
83952
85917
87986
88377
88392
7609
10426
14826
18180
32793
35242
37172
86779
93098
2565
12688
12852
15355
15523
17039
17401
18559
20723
23475
24865
26729
26982
28372
30372
41153
41412
45750
53609
61544
63350
65637
81347
85557
85806
92838
609
8121
54796
90069
10728
941
1176
3391
5052
5911
27435
32321
33229
35076
42495
46657
49620
1108
1131
6350
6437
9421
10140
10607
11556
12468
12878
12968
13360
13376
13947
14015
15526
16140
19829
20210
20425
21422
21587
22460
22834
22979
23113
23996
25397
25490
25832
25855
26582
27137
27155
27491
27555
29824
30613
31777
32323
33177
33206
34346
34548
35097
35351
35600
35622
39456
40095
40362
40408
41636
43883
44385
46954
53961
56465
56835
58648
59453
59521
59981
62180
62407
62421
63305
66765
67759
67883
68734
70378
75767
77549
78573
79088
81134
81475
84243
84331
85531
91965
94360
94466
95133
208711
6169
6470
10977
14011
14556
15031
15270
16412
17554
18084
22446
22973
25804
25891
27273
36990
47181
540
1792
4553
7466
12752
14032
15114
24952
25654
29058
29182
30474
38088
39397
43727
48622
4459
9144
9297
10191
11622
22812
26863
29261
34952
35885
36377
53782
64512
5143
5174
637
796
825
1904
2366
2881
3012
3711
4151
5160
5338
8358
9958
10681
10734
11497
11686
16773
17405
17590
17698
18218
19635
20880
22963
23296
27758
31034
34126
36904
37364
37518
43702
45686
45935
49382
52825
53346
54154
54699
55689
60026
63464
64673
83077
87870
91788
4377
4379
6799
9872
11985
13426
17373
28156
2369
8458
8634
11336
13207
17249
19716
21945
23414
25118
26321
31792
31988
36222
36381
38171
42024
47894
57524
60545
64375
65384
68476
70042
70558
78450
85993
86045
92361
236927
5877
22869
23846
2865
8721
20097
20868
34429
59506
86335
2816
8657
11329
12115
14926
19292
25632
28404
31294
38627
40982
42369
54052
54866
69961
70573
85403
31392
2459
2510
5749
6879
13618
16042
16191
18526
21477
27860
54383
66615
6737
6758
7244
9201
17191
33687
36793
39698
41443
65316
80681
83750
2619
7722
34167
5544
9453
13088
15065
15115
17701
20831
22287
22435
25084
29116
30245
30642
31505
33810
36441
36853
39565
40276
42643
45345
51338
52150
61405
62640
63718
66337
69232
72172
75132
79881
80900
94246
522
4848
5925
6794
14816
19789
21535
44672
49839
55692
89684
780
3302
4312
6936
7092
18166
19564
21358
21425
22382
23038
23241
24609
26147
27248
27852
31013
33091
37361
40064
43048
46478
47722
48927
61643
71577
72885
76802
78249
82359
84071
93182
171446
208632
41489
16390
47563
64686
65252
2826
3423
11897
14128
16778
29879
35386
4896
7183
9223
9671
14708
15222
18140
22587
25082
30875
45617
52256
3342
22134
57559
3653
4758
5895
6069
7500
9464
11605
14318
15232
15619
16875
17028
17040
17174
18000
18614
25997
29976
90521
1154
6369
7070
11229
12052
12165
14156
16248
19143
21708
29749
31243
37456
40718
44337
72046
5872
7151
7732
20684
36584
49264
1454
3358
3641
5318
7819
9332
13960
15387
15854
17755
18247
18265
19373
19486
19498
21253
21979
22310
23822
26068
31770
34376
35034
36493
36982
39244
40278
42116
43939
45547
46997
78315
83434
84532
85950
88816
991
3984
10066
13335
19740
21365
28028
33963
50472
966
1998
7514
7627
8049
11022
12785
14991
16973
17171
17538
17743
19413
21362
24485
27047
28341
28622
31103
35438
40039
41416
42166
44287
45660
48889
54030
59178
59493
59716
61920
67704
68742
73220
77255
78951
79703
84839
21813
26934
51703
80960
6134
8393
8922
9937
11611
13027
14084
15440
16748
21293
25395
25470
26363
36906
65491
2982
5908
13522
14833
15910
17389
17607
17786
18047
18997
21561
25643
31228
33974
53315
9912
1275
4583
9553
14531
15043
16622
16756
17121
20312
22631
32468
39330
55045
64042
2271
2287
2463
3016
10356
13236
21950
31665
33436
34074
41662
49858
64234
66793
68208
70714
71188
5501
13634
40275
57316
63142
986
1508
4192
4468
5270
7001
8013
8077
9490
13462
14258
15002
16065
16752
17336
19102
19336
22335
23919
24173
24541
25023
27124
27135
27966
31182
31943
34551
35543
38993
39034
39886
45760
46208
47856
48265
49393
51215
51343
51875
55635
62689
65711
65761
67072
78407
81396
85517
88027
89832
1531
2499
5330
10118
12484
16079
18683
20621
23890
29454
32689
43854
51492
53309
58333
1555
2947
3809
4632
5918
6590
6812
6834
7079
9175
9653
10733
10869
11719
12189
14468
15663
15666
16050
16144
16237
16603
19110
19256
19449
20002
20285
21049
21131
21883
22200
22797
23849
23873
24191
24411
24674
24826
25291
26093
26246
26346
26389
26622
26717
27837
28393
28684
31413
32016
33807
34130
34840
35864
36614
37028
37054
37116
40305
40682
41010
42540
43417
43481
44791
44887
45344
45881
46227
46867
46950
47887
47975
47985
48397
49175
50360
50405
50877
52726
52790
52973
54361
54853
55110
59422
59680
60528
61571
62117
62686
62758
64448
65710
66405
66469
67407
67639
71339
71989
73493
73557
73784
73944
75630
76208
76659
77217
77719
77945
78279
80722
81294
82112
83593
85539
86344
87030
87572
88568
91094
92150
92861
93553
94257
169286
173976
181429
181842
25218
27167
438
8702
14260
14852
15548
28126
33768
33900
53959
65771
71144
3237
6380
14293
19832
25502
29755
36634
40119
67016
75419
80602
8142
43070
3366
7538
14688
17649
20851
21078
23257
46041
52140
52733
2122
9694
18543
18944
20260
23144
24851
25786
27699
33261
39691
41647
45157
47124
50882
56291
70446
16724
42370
47640
51948
407
500
952
1738
3876
5502
5949
9742
10702
11267
11644
12767
18747
22206
22657
22939
24122
24527
25081
25644
26403
26585
37304
38610
39382
40737
41813
43353
44456
45037
53759
55129
55465
65085
69039
69265
69606
71316
78177
82042
85029
85721
87960
90737
91349
192325
3087
9060
11290
12462
13554
19349
20334
20361
25215
26884
30787
31244
45811
51952
53582
71052
85728
54533
1129
1807
2277
5161
8561
8723
9424
11655
18233
21756
27018
44698
48217
65465
71015
3468
8218
8973
11590
26605
29321
41877
42962
49061
60608
70641
93399
5838
6328
34094
41019
46474
60736
65151
9709
17805
21414
29287
32872
82000
92679
2116
3605
4954
9073
12253
12682
12949
13885
14680
14885
17763
17785
20052
21068
24393
27820
28133
30730
34082
37655
57532
59144
64046
66005
66264
2915
16856
740
865
1505
3271
3830
6517
7410
8990
9666
9803
11236
13054
13123
13145
13184
15116
16112
16154
17132
17314
19490
20189
20940
21539
22942
23282
24386
24967
24968
26406
27108
27263
27313
28013
32061
37381
39951
42597
43394
43719
44103
48185
49365
56144
58837
59341
63954
67284
67536
68727
69239
69473
69496
76223
78990
4514
16654
17360
57745
58435
62643
14301
36195
44148
74731
6387
7028
12583
13366
15540
18546
20090
22172
28410
29413
42676
60403
73114
73531
1208
4861
6594
8704
9266
9689
15736
25910
26931
29533
35435
51967
62404
78130
82115
36213
8190
15770
23581
27833
34261
40832
45640
47755
66636
2893
10958
11320
12379
12844
18168
18176
22338
24304
29449
34163
36367
36908
39188
39587
41365
47193
48043
50297
50606
57838
57956
61103
62183
66052
71142
72694
75465
75509
79750
20500
26241
28945
56074
2039
2162
5566
7057
7537
8034
10872
11762
12538
12745
13163
13503
14006
14444
15041
15052
15586
15943
15972
16148
16562
16579
17069
17145
17164
19639
21458
22195
22807
24377
24905
26140
26526
26546
27281
27948
28327
28805
31575
33880
36816
37887
41652
43375
43679
43983
44334
45208
45823
46881
48734
50636
54192
54288
60343
61284
65618
67681
69958
72571
75583
77004
77231
77403
82004
84466
3001
3562
3746
7640
12891
14264
17573
18791
21685
23087
30918
31619
34493
43208
58446
12098
2900
6264
11680
14408
14459
15297
21572
21994
40575
53354
71141
73486
1821
4026
5032
5590
6051
8755
11299
14617
17585
18553
21113
23836
24772
27362
31226
33041
37819
41522
43347
25611
30108
33105
61386
5445
6548
7602
8157
11263
14950
20537
38343
38788
38953
42216
57171
67729
5535
7309
8594
9356
9790
11296
14121
15451
15470
16547
17283
17464
17571
19852
19933
21503
22902
23201
23342
26108
29636
30054
32332
33793
37158
37359
38989
40328
41096
43409
44047
47639
49913
50845
57068
60197
62238
67418
67920
75693
25899
32373
33297
35880
1160
1282
1694
3546
4329
4704
4863
5693
6207
6261
7924
9190
9739
10226
11065
12101
12786
13440
13572
14045
14747
14798
14822
16477
17153
18573
19259
19638
20776
20822
21106
21833
22064
22254
22318
22523
25294
25386
26838
27352
27538
27980
28427
29112
30810
31572
33185
36594
40104
40198
40513
40885
42845
48577
48754
49766
50292
52938
56553
58855
61108
62770
63330
64642
70818
73219
75608
86133
87172
91993
94453
95560
229169
2642
7130
7666
10098
10579
10653
14333
17930
24231
24272
25722
42809
15305
16813
21558
45349
79141
1147
4970
5687
10381
12498
12659
17385
17769
21080
30152
45066
52966
60738
1390
5316
5593
6032
6072
6197
7533
8400
10435
14226
14661
15899
17591
21954
26820
27930
30523
31548
42377
52305
75150
81555
20321
6627
8381
9676
16424
22773
24366
25544
29689
30299
30637
30745
37207
39405
39773
69267
70282
3196
3550
6038
10036
11667
12238
12262
13034
15129
15141
16099
16952
17177
17509
18957
20489
20630
20971
21118
21460
24701
26170
26926
37011
38279
40179
43244
46727
47614
50572
52371
64173
69707
77353
89578
2339
9457
11501
33917
45326
55163
66443
74041
77154
1357
1956
3556
4200
5994
6670
8497
9402
10601
11024
12559
13345
13612
13816
14669
18650
20475
21800
22092
23732
23899
25221
25561
26128
26411
26570
29677
30049
30816
32005
34377
34464
34816
36876
37730
40008
49135
49999
50841
52779
54539
54603
55158
61387
61913
62534
64044
67167
74135
74163
74464
75335
75789
84934
6497
7457
7784
8135
11455
12025
12211
13717
14061
17015
18415
23966
29246
31032
53390
58449
59557
87579
7429
8297
15462
32961
33159
81123
2232
2847
7477
8960
10518
15263
29745
67200
2043
4013
5414
7108
7772
10332
11107
13283
14951
20886
23299
24056
25602
27795
35166
35585
35819
52742
56538
64872
90406
92869
2418
13987
45279
50725
1186
6832
7090
8425
8919
11550
13665
31192
33126
35134
43871
87709
229660
845
1682
2657
3853
4204
5647
5879
6792
6949
8673
10179
11990
12282
12347
12636
15352
15561
17561
17622
17877
19150
20470
21250
21333
21381
21612
21613
25393
28463
30452
31996
32572
33763
36948
39673
42912
45006
47160
49198
51886
52688
52749
53470
55979
58655
59860
60012
60306
69031
77216
82428
84109
85811
87546
88013
93121
95013
95322
2685
4859
5916
8344
8669
8988
9441
11167
11825
12430
15035
15776
18589
22802
23832
24606
24675
26549
26641
26862
27894
29046
30220
31992
32006
32852
32915
35138
35568
35751
36311
36981
42534
46602
47987
48081
50971
54934
57774
60101
61556
68300
69078
75472
83568
84074
89190
91752
700
4723
15444
20495
20818
26398
29797
34078
44549
52405
62197
69788
71214
89124
89862
222
507
8431
9112
10678
12788
13929
17260
17537
19130
20771
21777
23756
31105
37618
37681
40310
56385
65581
77862
88200
252
1383
2948
3427
5490
5896
9168
12463
15453
15783
18035
18203
18425
22527
23116
25317
29526
32480
39927
40909
42349
43020
49876
61079
70664
75959
83080
94408
9940
29784
52576
75354
573
3943
6716
8534
8764
10231
10346
10570
12239
15150
16672
17277
17742
20967
23508
32690
32713
33848
34042
39255
41554
48928
50049
60735
65229
68710
81987
91750
2338
2402
3083
3615
3763
3807
5613
5776
6578
8734
9038
9115
9555
10204
10325
10416
10433
11402
11689
11888
13580
13666
14713
15998
16091
17002
17176
17225
17750
17865
18018
18177
18633
18900
19013
19056
19141
20114
24024
25310
25938
26566
26818
26953
27158
27340
27751
28639
29503
30098
31287
32767
32827
33313
33731
33862
33955
34577
36917
37155
38076
38894
38913
41052
41139
41426
43366
44477
45227
45875
46158
46683
46977
47699
48038
48489
48707
48929
50345
50669
52502
52652
52903
53365
54452
55619
56167
56383
57785
58659
59542
60346
61601
61872
64196
64379
64748
64927
65666
67571
67708
68043
68707
69612
70092
70692
72281
72413
73930
74755
75907
76530
77006
77115
78142
80278
82105
84139
84452
86334
88164
88259
88396
91337
91703
92961
93832
95146
95215
216387
1912
2934
3406
4354
4427
4818
4889
6222
7064
8256
12475
12936
13217
13284
14224
14228
14380
15118
15842
16461
17764
18130
18552
18751
19325
20966
21657
21985
23186
23676
23884
24974
25537
26185
26996
27094
27907
28412
31875
32770
32857
33142
35116
35867
36683
41143
41458
42758
45047
45289
51113
53613
57139
57717
61352
65667
66706
70097
73102
75372
76123
76232
1893
3283
4232
6735
11704
12582
13653
16826
18865
20428
27974
33539
37890
38472
47389
48820
77150
13215
29903
35668
51878
77107
4672
4933
5560
6615
9241
12796
13628
20804
21256
30069
31169
33601
35156
38625
39355
43105
47132
55112
78891
95347
3666
4962
8139
9851
10296
14979
15529
15696
16092
17455
20810
21192
27735
28060
30800
31028
33662
35288
35546
37747
39308
53345
56460
59301
67044
84186
88631
91817
86120
2848
3390
6926
9848
11875
12304
14337
15003
18113
22021
23812
26843
36810
73602
2367
2795
3585
4337
4568
5355
6039
6233
6290
8296
8489
9674
10840
11872
12288
12649
12656
13354
14395
15407
15474
15810
17130
17782
18170
19189
19277
22530
22590
22845
23119
23397
25917
30719
30837
32820
33238
34114
34764
35205
36123
36660
38959
40784
42266
43949
46913
48795
50507
52935
53380
53829
58923
62345
62569
62980
64952
66313
68313
70340
70542
71998
73743
77114
89434
91216
91540
92664
94321
2903
10202
19210
20682
22598
25806
28707
29492
31961
33220
4136
20721
31660
77881
270
448
4489
4746
9213
19100
19298
23935
24368
28360
28973
33752
35183
39552
42678
43000
44573
44844
53045
1950
2659
4300
5800
6279
6284
11914
12255
13178
13418
15103
16300
17345
18335
18502
19524
20152
23104
26343
27545
29910
33720
37234
37352
40576
43746
44900
45569
50188
51666
70190
77463
94858
10913
17185
58607
2108
3297
5764
8443
12450
19405
28009
31662
35000
40569
40746
44587
83592
1213
3903
5487
6218
6421
8419
8898
9634
9945
10483
12901
13844
15584
16192
17426
17664
18777
19115
20441
20454
21747
22711
22872
23801
26237
26294
26954
27072
27445
27604
27999
29700
29953
30977
32788
33342
33639
34329
34923
35286
36464
36628
36648
36765
36836
38238
39809
40726
41984
42000
43644
43844
46255
46459
49513
50030
50726
55503
56108
60350
60497
61613
61928
62078
63118
65141
65870
73661
82714
82928
91978
93631
1859
8116
8623
12197
12427
15851
15906
21149
21369
23748
24864
25164
27522
31654
43853
44932
56165
63320
72280
31266
38447
48834
70649
1028
1260
11955
12071
12134
13744
21769
23425
24219
24367
25471
25712
26887
31584
33742
37094
37744
42929
43260
47857
51642
54397
64706
1164
1949
5818
6084
8117
9128
9621
10355
11321
14995
16400
16786
18668
20066
21159
21663
23661
25367
25523
26380
26681
29310
29491
31212
35975
38631
41103
41933
44159
44773
46108
46210
54150
54374
62697
65529
68769
69897
73078
73533
74945
77691
82323
86265
87266
95305
9450
12249
24719
27101
40619
81859
90410
3262
5310
9021
9724
12026
17510
18816
25720
26062
29582
33111
34872
34912
41615
43408
43835
44491
44884
45605
46793
50233
57112
63276
64723
86715
87500
94170
110
1489
1592
2259
3168
4197
5572
5692
6189
6720
8612
9211
10111
11710
11790
12557
12593
16436
19603
20056
20227
21158
21183
22250
22306
24727
25380
25420
26204
27153
28470
29527
31198
31403
31436
31521
31737
32467
32781
33777
36706
40493
40802
41150
41868
43280
44578
46521
47988
49714
51347
52059
53349
54751
56421
62595
64682
68218
74781
74922
77311
84271
88008
216623
245580
1305
4233
6531
7127
8312
11105
14206
18528
18740
18991
19515
25224
28459
32009
35808
43792
51833
60073
82485
95558
4678
5540
5755
12672
15812
19104
44474
46518
58347
2322
5271
7685
8072
11447
12917
20590
21731
28416
29457
31951
38628
74734
3339
4263
4845
7341
7589
7711
9013
10141
10732
10856
12272
16345
16741
18730
22070
22731
23046
23638
26974
27384
28384
31285
32563
32655
33268
34547
34942
35914
36416
36939
40252
40645
41553
42876
46936
47501
48393
50465
55432
58384
61383
61797
62124
71274
72310
73355
75461
76035
86664
91035
218940
2096
10207
14645
22273
24439
28488
41015
43098
46441
53238
56542
89901
688
4361
4575
4929
7979
8887
11880
13555
14572
14738
15571
16634
22167
28103
32147
33580
43082
43188
43929
47305
50062
51087
57000
58717
76787
78157
90130
758
1517
3400
3503
3726
4048
4846
5937
7390
9638
11842
12662
12691
14266
14297
15588
15758
16299
17543
17899
18296
18874
18946
19410
21436
23057
23531
23762
24033
24781
25468
25736
27191
31418
31516
31606
32608
32748
33344
34176
36406
37331
38112
38518
39281
40830
42012
42683
44923
45306
45965
46366
47424
49651
52232
54874
56066
56180
56439
56933
60481
61037
61835
63781
67504
67821
67950
69298
71290
72072
72645
79118
92204
198980
3252
6604
10306
12380
14400
15170
20748
22541
23016
23378
23540
34459
36953
46848
49211
54476
86055
87991
89563
94394
8052
12464
17800
33939
37194
46135
46288
2835
4847
7726
12242
12858
16261
17900
22778
23664
24960
26101
50057
51266
58345
59500
62501
65604
66074
74946
77769
566
891
2286
3251
3305
3581
3671
3789
4899
5152
5363
7458
7778
7840
8070
8549
9218
9772
10812
10969
11516
13002
13324
15745
19827
20206
21214
22071
22957
23951
25256
25977
25998
26205
27050
27419
28025
28397
28477
30230
31925
32145
32490
32918
38365
40659
41468
42909
44095
44457
45309
46617
49531
50580
51441
51730
52907
54360
54509
55728
55812
55867
56250
57530
59181
62751
63606
65297
66862
69344
71328
72631
76828
79506
85943
86072
196829
2150
2579
4594
4897
13820
14952
18369
21518
22114
28215
31519
31580
41187
55682
67518
73635
76453
83076
857
2201
5846
5939
7381
7571
10369
13688
15394
15707
16295
17290
20368
21042
21343
21464
26126
31617
34093
34932
37787
40568
43476
43763
44182
50716
53441
76932
81845
84497
87502
1962
4605
4925
5009
7978
8380
9336
9822
10997
11451
11632
12171
13268
13805
14692
14702
14981
16008
16270
16800
17092
17111
17393
17693
19632
21773
22184
24403
24462
24824
24932
26902
27260
27630
28946
29407
29738
32010
32076
32331
32550
33089
33718
34136
34406
34734
36333
37593
38420
38488
39148
42615
43615
45003
45896
48002
52611
53666
56193
57357
60106
60294
61269
65623
68041
69921
70271
71940
72731
74243
76500
79933
83241
84239
84426
86196
87117
89853
92216
94252
1184
1701
3057
3940
5411
5924
8552
9444
15272
15542
15600
15762
16606
21512
22392
31968
34624
35895
41204
48279
49618
59229
68935
79538
83290
87656
95449
1312
7759
11232
14622
24037
32815
35923
39149
49918
59970
67619
2254
4508
11206
14194
14215
15233
17380
19659
20446
28457
40485
42227
48219
50912
64661
78019
91247
768
1191
1382
2033
3111
3883
4811
5385
6545
6835
7185
7421
8883
9079
9268
9550
9799
10700
12528
13375
13538
15192
15337
16880
16943
17353
17617
18453
18738
19264
19275
20618
21033
21330
21549
21772
21820
23326
25506
25645
26588
27614
27719
27743
28571
29309
30869
32818
33119
34651
35306
35617
37281
37998
38013
39074
40293
41339
41774
42884
43190
43741
45128
46239
47772
49406
51197
52220
53579
54051
54378
56940
56974
57042
57441
57576
58282
60173
60840
60876
61153
61303
64811
65669
66300
68981
69577
73504
74319
75771
76706
77218
78574
80317
82047
82316
82515
83902
84969
222957
246389
1583
1805
3634
3811
5380
7304
9655
12547
18778
20250
20439
26699
27410
27628
27730
29190
32995
34797
42364
45553
57250
61889
68701
69226
69231
73250
78242
92625
162987
1612
1842
3197
3791
3881
4059
5801
7805
8272
9095
9683
10076
10321
11119
11157
11531
12147
13794
14715
15603
16668
16924
18275
18322
19960
21340
22140
22848
25412
26331
26528
29637
30371
33306
36867
37566
37637
38512
38618
38715
39805
40570
41261
44205
48908
51265
52144
52718
54457
56133
56597
56623
57086
58073
59141
66768
68328
68901
69255
70376
70391
73197
76957
82355
83947
86261
89069
89117
89826
90363
91071
91636
92278
1339
2177
4210
8224
8229
8583
10981
11090
11395
12019
13197
14105
14737
17080
17957
18436
18824
20040
20095
22437
24054
26427
26477
26816
28257
33928
36370
39412
45351
49131
55415
60662
72141
82800
86379
90581
92413
3385
11156
14186
24038
32096
46194
47279
55598
58075
65399
82525
92963
645
915
979
1584
2382
3879
5619
6243
8282
9420
11858
12727
15612
17829
22112
28125
30262
30320
36093
44083
44469
46279
49545
52487
55281
57195
58017
59307
79394
88186
89676
91251
1359
2015
2154
2169
2525
2765
2999
3837
4469
4578
4681
4817
5230
5466
5926
6059
6274
6729
6789
6846
6895
7580
7595
8120
8770
9094
9392
9843
10163
10211
10445
11220
11524
11572
11810
12123
13015
13037
13047
13500
13624
13718
13876
13918
13961
13964
14077
14162
14563
15058
15169
15201
15471
15589
15611
15699
15900
16169
16377
16549
16646
16760
16776
16985
17094
17227
17625
17723
18457
18470
18974
19606
19821
19860
19865
20311
20485
20785
20858
20887
21079
21254
21712
21794
22041
22668
22860
24296
24303
24312
24350
25265
25383
25725
25779
25838
25851
26227
26857
27530
27566
27573
27602
27780
28546
29541
29545
29674
30027
30173
30218
30261
31005
31273
31552
33314
33362
34241
34438
34626
34646
34766
35081
35727
35937
36056
36734
36749
37306
37780
37969
38200
38222
38227
38477
38655
39797
40712
40797
40947
41014
41050
41369
41998
42436
42744
43032
43083
43187
43442
44037
44199
45260
45343
45848
46143
46466
46609
46931
47285
47436
47617
47721
47841
48118
48470
49006
49215
50151
50220
50427
51086
51866
51888
52195
52464
52473
52783
53304
53569
53733
53908
54279
54391
54738
54965
55036
56014
56316
56430
56695
57954
58191
58278
58617
58762
58849
59531
59808
59905
60333
62782
62837
63065
63789
64331
65765
65886
66275
66539
66544
67484
67605
68957
69726
69947
70383
70440
70839
71334
71963
72540
73017
73158
73892
74399
74533
74735
75130
75329
77043
77383
78001
78013
78081
79046
79066
79464
81057
81274
82061
82912
82922
83374
83655
84572
85061
85183
85338
85416
86384
86514
87351
87359
87522
87716
88325
88337
90371
90691
91443
92076
92151
92696
92811
93347
94931
150106
168556
184085
191107
192398
199189
208745
215495
222266
226699
229337
234872
242332
2976
4679
4693
5437
5827
8858
10864
10878
12312
12908
13706
15665
17456
17789
18154
18695
18725
18939
25007
25773
27280
27996
29482
34771
45438
56262
84642
479
1225
2327
3192
3587
5419
5837
6153
8150
8212
9277
10737
10891
11477
11666
11785
12388
13738
13945
14398
14685
15838
15916
16346
18059
19969
20390
21378
26468
28255
28354
28924
30358
30821
33740
34966
35002
35726
37980
38637
40887
41089
41454
43039
44091
45038
47347
47500
50426
51822
52665
53691
54033
54817
56885
58716
59626
59763
61570
61678
62250
63974
64069
64558
66045
66729
68369
68775
71896
73598
73643
73846
74525
77064
77632
77791
80321
80433
81684
82334
84744
84843
87322
88110
88725
92610
94969
95677
1101
2280
5473
5742
9826
11433
11771
14377
14407
16932
17431
20073
20694
22863
24742
25504
27382
27868
28097
28471
30319
32260
34858
38838
48142
48485
55606
55792
74082
8231
12794
15279
16933
29479
32343
35313
46284
56598
59231
62151
64541
65982
75853
78358
90118
3264
7762
11143
11806
13160
13606
15240
15724
16164
18183
19079
19145
20555
22016
22342
26048
26490
27043
28190
31769
32954
37212
43771
45252
47838
57867
64146
71501
88086
2770
5201
5557
6475
7479
14314
14445
16833
17533
17724
18126
20220
23295
24336
24773
25074
30857
33371
33660
34810
46664
50714
50763
51093
58671
59529
63069
71452
76736
79381
83113
208489
228051
2304
3931
5850
5900
6073
6689
7382
7637
7861
8084
8168
8279
8351
9001
9399
9474
9582
10034
10093
10762
11604
12187
12416
12690
12705
13055
13242
14214
16379
16855
17594
18105
18310
18886
19473
19650
19795
19893
20314
21215
21782
22141
23379
23605
23642
23648
23685
25583
26571
26612
26841
27266
27307
27350
27616
27806
28048
28399
28578
29153
30346
30499
30640
30915
31610
34181
35036
35949
36521
38378
38755
39998
40124
41237
41286
42438
42911
43522
43921
45329
47540
48271
51092
53207
56455
57178
58120
58504
59106
63070
63898
64816
64883
65042
66322
67625
69813
70807
71634
72105
72933
78000
78154
79193
79268
80310
81582
82643
85446
87619
89018
91077
91125
93230
95521
95620
159156
162863
241066
97
251
1488
1514
3537
4092
4686
5420
5745
6648
6651
6874
6946
7344
8086
8238
8269
9052
10018
11136
12194
12780
13982
15672
15749
16011
17375
18838
19492
19962
20160
21328
23066
24876
26558
27086
27567
27750
28767
30211
32391
34016
37201
40474
41451
42389
45830
45867
45912
47214
56546
57020
64958
68954
82459
93141
176067
12368
17147
36372
41535
47597
49992
56757
56911
57353
65409
85377
5677
7625
9391
9789
13667
15487
17100
17977
18544
22232
24083
28535
31692
32749
51880
61468
62446
77823
88295
1964
2241
2676
5057
7763
8511
9895
10253
11896
11976
11983
15007
16821
17366
19276
24370
25304
28701
28898
30688
31012
31971
32944
34519
34532
37437
41437
42169
58725
59689
66508
72783
73280
93393
2063
2689
3312
4617
5549
6229
6403
6978
7710
8927
9881
9928
10985
11757
11804
12034
14796
15044
15421
15616
17322
17362
17424
18085
19136
20126
20282
20815
20838
21516
21544
22302
23073
23118
23405
23474
23641
23954
24754
25209
25731
25970
27432
28356
29274
29400
29480
29858
29992
30650
31471
31588
32137
32998
33310
33406
33407
34447
35560
36662
36844
37072
37121
39286
41055
41282
41718
41939
42154
42161
42616
43169
43393
44530
47399
47588
47717
48851
49245
52591
53237
53822
55744
56997
57149
58350
58623
58918
59234
60865
62720
63880
65794
67008
70629
71647
73728
74328
88423
88437
90694
95349
209011
235181
3552
3975
3991
7182
8589
9651
10776
11045
11195
11438
14255
14636
15710
16988
17239
19173
19435
20125
24676
24726
25830
28191
30107
33060
35044
35571
35893
38000
38734
39771
40271
40468
40799
43150
44555
45924
51695
51741
53379
56764
67528
71679
73595
95272
171588
2838
5633
11078
12922
15309
16115
16648
27194
37741
38706
40803
44096
44140
48204
48440
50821
50857
51161
61442
65705
1416
5510
6836
7687
12865
16376
16468
17857
18120
21024
32320
35695
44023
44794
51018
56024
58522
59460
64455
64557
93167
158
582
2562
3180
3199
4149
5708
6268
6478
7107
7618
8147
8343
9075
9568
9751
10372
12311
15504
17915
19417
19489
20110
20711
21439
21759
24186
27764
27903
29108
31941
33898
36501
42618
48608
52622
55804
72781
84644
590
1793
3613
5431
5657
7389
8112
8571
8713
8829
9900
11084
11539
12349
12813
13143
13272
14427
14712
15412
15430
15925
16368
17638
17844
18274
18325
19305
19346
20897
21200
21706
22344
23109
25033
25166
25539
26002
26501
26561
26637
27421
28617
28649
28717
30437
30568
31251
31841
31931
32144
32488
32798
32880
35299
35452
36040
36154
37284
37526
38236
38445
39078
39634
39741
39924
40314
40518
40681
41034
41086
41259
41848
43189
43268
44297
44746
44934
48275
49639
50176
50304
50480
51379
51644
52060
52288
52408
54656
57308
57488
57768
58679
58723
59641
60275
61670
65217
68620
72322
73840
76506
76888
81350
84391
85503
90609
91332
95362
1573
2783
4404
4839
5425
7867
7910
8429
10187
11698
13542
13838
14532
17133
17413
18089
19936
20459
20878
21575
21748
22125
23639
25621
26352
27700
29763
31559
33170
33265
34826
37170
40835
41960
45030
45392
46040
47731
48588
53074
60003
62332
63636
66349
68550
69964
73442
73477
82170
89413
92226
679
6213
8252
8550
9123
10262
10928
14496
14829
15280
16414
16585
21178
22670
23790
30894
33724
35433
39844
43511
44254
47743
59600
64406
65759
69443
72567
75538
81010
82455
82944
84396
84643
89637
90411
91456
91748
744
2644
4657
5532
5777
6539
8719
9227
10782
11932
16241
21907
24528
25054
25113
28238
30927
31114
33586
33609
34085
36748
43138
48675
49237
49617
52494
52565
53376
68802
72346
86377
928
2668
8541
8836
9487
13101
13648
14698
15361
16435
17162
17545
19660
20338
28305
30475
35853
37759
38390
38775
40399
41657
42078
43618
46689
50143
52456
54867
56495
57599
60162
62116
64298
79201
84273
1554
2563
2751
3981
5140
6085
7897
7955
8907
9234
9415
9690
10173
10276
11631
12254
12610
12899
13104
13397
13651
13798
13814
13891
13971
14340
15229
15409
15639
16487
17099
17123
17316
19666
19703
19859
20476
20549
20955
21489
21971
22304
23258
23491
23665
24440
24730
24939
25020
26322
26464
26473
28348
28435
28561
29370
29386
30155
30196
32740
34510
35643
35667
35691
35786
36159
36524
38247
38570
38581
38598
40443
40723
41028
42099
42360
42850
42989
43176
43922
44149
44602
44713
46128
46625
46790
48232
49405
49664
49776
50155
51089
52189
52191
52357
54241
55802
56438
56518
56532
57038
58042
58699
59653
60491
60584
61309
62836
63575
64006
65063
68197
68876
69033
69832
72075
72479
73054
73441
74335
74648
75054
75452
76081
77303
80285
80823
81264
83728
84247
84591
84637
87314
91613
93243
93750
172064
187931
1197
3974
5383
5828
6359
6429
6886
9757
9870
10436
11400
11431
11717
12404
12489
13177
13331
14030
14739
15895
16594
17049
17690
18305
19581
19899
20166
20170
20657
22453
23740
24579
27183
27380
28544
28723
29353
29686
30181
30373
30488
30675
31151
32856
33544
37154
37574
38321
40961
41538
42199
42451
44341
44846
45259
46423
46705
49096
49419
49516
49669
50938
56004
56009
57707
58768
58938
60239
60480
61934
62475
63682
66351
67677
71552
71802
73681
75007
77944
79404
83359
83639
85596
89562
93034
94085
1291
4877
5130
6168
6376
7853
8812
9380
9507
9825
10151
10717
10751
11060
11245
12930
13569
14205
14331
15191
15363
16165
16525
16638
17027
17082
17432
17477
18052
18061
18382
18542
19388
19686
20946
21892
22469
23178
23388
24804
24838
25485
25794
25932
26052
26309
26914
27892
28267
28473
29262
29418
29647
29667
31656
32315
32411
33214
33363
33378
34022
34060
34925
34930
35311
35382
35459
35758
35980
36086
36295
36331
37922
38505
38664
38776
38896
38976
39350
39758
40052
40720
42100
43478
45342
45400
46253
46325
46927
47956
49163
49296
49374
50128
50239
51899
52098
52151
52310
52748
52924
53753
53938
54513
55582
56548
56826
57127
58196
59688
60699
60947
61299
62529
62546
62671
63155
63717
63987
64707
64792
65230
66905
67011
67374
67657
67828
68111
68343
68552
68903
70120
71194
71821
72472
72499
75145
76435
77046
78325
78973
79237
79522
79770
80516
80725
82298
82612
84023
85181
85418
86343
86412
88374
88929
89123
89600
90639
91271
93692
95297
167479
184006
187888
210338
211178
229363
231442
233511
1549
1672
2975
4169
7157
7351
8275
8295
8663
10209
11150
11465
13452
13837
14272
14691
15813
16566
16957
21272
25175
27803
28943
33336
33508
34397
37531
45277
45919
46490
47404
47781
53140
54318
62959
69017
70518
71522
78119
87033
89542
90181
1632
1841
2974
5477
5678
7417
7575
7806
8193
8672
9735
9857
12361
12630
12834
12995
13063
13862
14189
16228
17787
18308
18722
19636
21136
23522
27662
28168
28241
29806
30511
31456
33583
33971
35541
36196
37984
38712
39776
40290
42080
42272
42812
47709
48831
54712
58371
68390
68962
70266
74270
74701
83758
86926
243343
113
166
1198
1273
1378
2437
3907
6465
6620
7272
7301
8264
9034
9263
9745
10795
11348
11630
11735
11986
12645
13239
13636
13840
13859
15165
15176
15792
16733
17376
18010
18843
20225
20461
20766
20957
21027
21916
21922
22296
22447
22592
22981
23544
23909
23986
24289
24295
24344
24360
24536
24787
26037
26143
27321
28235
28382
28706
29845
29872
30017
30104
30738
31024
31720
32656
32712
33970
34570
34833
36925
37517
39109
39840
40730
41884
42279
42852
43882
44147
44154
44702
46032
46048
47833
48636
48932
49671
50226
53016
53596
54109
56236
57241
58593
60176
60255
60518
63281
63489
64312
64357
64422
66821
67845
71448
74565
75462
77033
79666
80032
81116
82558
83205
83808
83841
84152
84635
87423
88183
88300
88512
92266
92434
93517
94640
3071
4044
4410
5047
5997
6351
6672
7023
7977
8101
8185
8446
8548
9612
10484
10861
11362
14283
15246
15626
15732
15742
15918
17175
17752
17943
18014
18252
18381
18794
18869
19222
19604
21260
21559
21617
22445
23169
24060
24531
24580
25128
26486
26507
27845
28468
28731
28887
29286
29581
29854
30269
30672
30852
31377
31445
31911
32925
33750
35901
36783
37250
38786
39334
39390
39923
44052
44543
45783
46808
47090
47622
47954
48064
48218
49170
49305
49324
51005
52789
53261
54713
55823
56279
56627
57538
59802
60132
60291
60894
64285
66828
68829
69193
69725
69876
70160
72613
73610
74183
75177
76138
76431
77322
79774
80100
81944
82015
85037
86018
87098
87828
88571
88905
91260
93090
93148
95386
211342
2907
3864
5381
6757
7682
8210
10944
10957
11009
14660
15030
19307
22702
27114
27593
28815
31918
33744
35407
37877
42177
42760
49769
54667
63011
64836
66239
81021
235
543
1055
5561
8884
9061
9481
10041
11215
11324
12205
12460
12642
13043
14021
15446
16539
16694
16714
17640
17811
18330
18927
19963
20559
20655
22676
23400
23618
25936
29523
30052
30784
34413
34780
35121
39441
40099
46577
46870
47092
53070
54771
59966
60831
63157
63702
64381
70454
74444
75528
86047
86236
92975
228744
149
1136
1348
4405
4730
5969
6068
7024
7055
8083
8420
8498
8569
8878
8947
9298
9867
10361
10620
10624
11534
11579
11753
12920
14007
14163
14381
14711
16787
17229
17334
17420
17487
18028
18395
18610
18708
19559
20256
20424
21323
22096
22246
23408
24079
24376
24947
25351
26222
26651
29549
29753
30182
31727
31820
31871
32168
32293
33299
33401
33932
34879
35308
35374
36074
36114
36976
37130
37205
37727
39874
40413
40608
41279
41438
42173
43130
44043
44625
44898
45271
45610
46277
47065
48116
48453
49153
49520
49945
50009
50957
51454
51514
53182
53654
55658
60020
61639
61698
62138
64425
64781
64891
65313
67360
68459
68502
68586
68890
69724
70312
70349
71511
72803
72916
74256
74757
75454
75649
76582
80047
80740
83275
83929
84387
85140
85475
87454
88452
88884
92675
93122
186779
2328
2335
2405
2630
3030
3248
3320
4339
4539
4643
4751
5804
6086
6493
6678
6680
7005
7112
7493
7510
7608
7761
8328
8330
8365
8440
8817
8831
8992
9100
9180
9331
9361
9931
10104
10192
10307
10393
10408
10927
11041
11044
11057
11271
11385
11441
11454
11942
12077
12674
12689
12720
13080
13091
13403
13912
14368
14784
15194
15374
15499
15544
15661
16068
16381
16410
16570
16644
16891
17043
17058
17310
17481
17674
18388
18392
18687
18999
19274
20038
20430
20444
20664
20670
20685
20722
20736
20797
20943
20963
21567
21639
21660
21817
21870
22082
22176
22624
22632
22830
22967
22980
23288
23497
23591
23600
23851
23926
24204
24568
24662
24886
25430
25455
25801
25816
25868
26215
26234
26242
26273
26284
26608
26769
26898
27597
27672
28402
28671
28713
28880
29094
29337
29404
29472
29652
30135
30537
30632
31007
31508
31625
31946
32364
32650
33152
33302
33632
33634
33837
33946
34066
34483
34636
34668
34951
35118
35234
35614
35978
35985
36165
36506
36781
37057
37139
37640
38362
38540
38778
39444
39487
39604
40186
40215
40557
40890
41294
41824
41863
42371
42653
42872
43001
43168
43472
43725
43828
44026
44414
44628
45127
45266
45460
46134
46137
46181
46348
46356
46373
46580
47433
47446
47626
47656
47914
48357
48894
48917
49169
49187
49403
49533
49836
50500
50693
50702
51230
51241
52100
53037
53114
53429
53442
54759
55350
55363
56394
56613
56700
57261
57265
57415
57423
58188
58219
58304
58524
58860
58972
60367
60404
60782
61010
61400
61801
61906
62109
62261
63299
63412
63492
64132
64881
65819
67290
67445
67486
68042
68236
68282
68298
68359
68926
68998
69024
69112
69785
70942
71073
71101
71660
72357
72454
72782
73316
74027
74190
74863
76514
77019
77028
77165
77207
77330
78872
79971
81307
81406
81992
82996
83186
83421
83445
83708
84176
84441
85510
87178
87980
89180
89274
89583
89848
90594
91605
92049
92974
94205
95071
95153
163380
168891
184843
211405
215260
233173
242333
122
2537
3986
4387
11939
12887
15463
16640
21170
23130
24209
25030
27857
27950
28837
39920
43120
43365
43552
46408
46781
49550
50358
55124
58364
58987
68891
92649
200205
518
1320
1840
3422
3762
3922
4542
5851
6674
7555
9403
11359
11415
12561
14472
16063
16070
16613
16717
18044
18346
19348
19504
19584
19655
20640
20654
21257
21475
22384
22921
23837
24656
24689
25719
27205
28041
29016
29709
29732
29754
32254
32633
33431
35983
36677
36884
37168
38194
41710
41883
42367
42739
46261
50534
51859
52332
52931
54294
54488
54816
56445
59666
59733
60907
61669
61772
67463
68574
72244
73401
74179
80017
80483
81066
81269
88036
89432
93687
818
1356
2137
2337
2395
2589
2616
4209
4892
5116
5126
5654
6208
6773
7591
9035
9433
9620
11936
12546
13151
13223
13392
13775
13823
13979
14056
14060
14144
14579
14630
14907
14976
15178
16212
16260
16500
16946
18459
18873
20579
20987
20990
21125
21435
21661
22030
22067
22876
23277
23713
25255
25664
26042
27650
27781
28173
28446
28631
30883
30960
31082
31640
32381
33113
33272
33553
34563
35787
36142
36970
38613
39675
40430
40684
40948
41231
41534
44175
44524
45035
45097
45288
45871
46914
47072
47580
47919
48529
48870
48905
49068
49941
50317
50508
50644
50913
52695
53177
53573
54044
55530
55832
56037
57396
59487
59924
61759
63927
63983
66396
66444
66870
67857
68194
69251
69865
71147
71750
73425
73875
74225
74646
77267
77391
78583
79035
79761
80224
80557
81188
81444
81645
81761
83562
83714
84436
84541
84833
86090
89255
89506
91907
94140
2383
3217
4782
5661
5770
5869
6254
6259
7622
7665
8209
11351
11830
12062
12270
12976
13057
14074
14895
15513
15575
18115
21104
21121
22152
22207
22441
28999
32570
33767
37395
48020
48361
49172
51983
54247
64914
66254
80527
236
859
1437
2084
2225
3015
3460
3832
4503
5041
5830
6415
7134
8368
9984
10135
10252
10468
10533
10557
11587
12506
12964
14185
14390
15393
16307
18270
18574
19178
19306
19389
20412
20484
21054
21138
23117
23941
25835
27559
27756
27891
27971
28024
28495
30370
31291
31989
32239
32341
32641
34885
35072
35296
38703
39291
41606
42530
46133
46522
46839
47558
48637
48743
49069
49126
53283
54065
58387
58658
59364
67210
67710
68323
70564
76289
76729
80025
80440
81085
82073
82431
86325
86508
95410
238616
1934
2030
2656
4446
4629
5007
5237
5496
5826
6244
6456
7006
8314
8466
8475
9043
9148
9815
10243
10692
11124
11571
12235
12774
13521
13552
14651
14695
15928
16108
16343
16528
16598
16783
16839
17117
17918
17939
18215
18460
18801
19011
19568
19610
19713
20662
20687
20814
21258
21337
21826
22019
22456
22889
23263
23971
24732
24887
24937
25232
25299
25571
26056
26762
28032
28080
29088
29964
30826
31184
32074
32257
34441
34584
35399
35404
35995
37591
38474
39135
40154
40190
40522
40717
42506
44330
44823
45294
45307
45308
46230
47421
47685
48564
49107
49701
50817
50885
52070
52320
52525
53749
53832
53897
54562
56276
56558
56791
58124
60453
61802
61971
62059
62219
62285
62406
62815
64893
65721
66577
66654
69109
69635
70238
72960
73767
74075
74958
75260
77081
78297
81585
84384
84748
85832
86004
86376
89500
89755
90147
90907
91314
91601
92332
95298
3957
5248
6988
7121
9563
10130
11233
13874
15647
18071
18975
20663
21398
21453
21637
21898
23979
27159
28689
29420
29458
36303
43675
44952
48119
48796
49897
52618
59042
60477
63117
65496
69305
73289
75323
81253
83553
88351
90616
91850
2580
2647
3516
4294
5864
6148
6446
6453
6754
7032
7539
9785
9911
9948
9978
10344
10596
10641
10791
10934
12138
13425
15518
16040
16738
17406
17722
17751
18402
18748
19521
20054
20078
20290
20341
21081
22006
22709
23226
23343
23734
24183
24200
24305
25228
26214
26271
26519
26709
26961
27420
27423
27571
27960
29313
29844
30851
33503
34099
34499
35551
35633
36529
39084
39399
40302
41355
42109
42458
42583
44255
44485
44629
46306
47587
47646
47726
47927
50589
50757
51119
52992
57807
57872
58190
58351
58391
62244
63073
63656
66029
68279
69702
72390
75579
82206
83398
87317
89454
90002
90051
91493
92188
93234
175267
634
1579
2093
2867
2925
3744
3995
4176
4228
4601
4720
5352
5462
6705
6796
7527
8748
8917
9280
9466
9852
11305
12040
12128
12307
12569
12900
13485
13642
14190
14267
14504
14701
14823
15145
15381
15403
15525
15737
16037
16085
16128
18396
18700
18781
18932
19673
19725
19735
19815
20124
20397
20999
21710
22377
22517
22986
23578
23815
24084
24564
25073
25626
26218
26834
26903
27113
27355
28164
28519
29026
31101
31367
32591
32883
33861
34327
34559
34674
36482
37742
37848
38743
39261
39868
40051
40106
40741
40767
40874
40932
41326
41380
42489
42771
43179
43502
43613
45161
46027
46095
46351
46517
47165
47567
47976
48021
49288
49353
49456
49581
49657
49713
49748
49860
49982
50559
51657
51796
52797
53044
53184
54094
54638
54726
55289
55818
56594
56703
57003
57474
59710
59718
60265
60462
61195
62912
63548
64754
64882
65150
65495
66546
66978
67209
67575
71003
71039
71180
71942
72000
72361
73141
75489
75495
75541
78263
78289
81016
83098
83372
84194
85232
88146
89898
90117
92473
93030
94379
226
2346
2595
4674
4993
5088
6553
6556
6779
6802
7768
9944
10266
10772
12048
12741
13112
17269
17628
18702
20956
21521
21694
22000
24275
24649
29109
29297
29993
32198
33295
34015
37183
38944
42802
43831
45902
46703
47064
47930
56366
61336
62304
63099
63603
63673
66007
66854
72364
73173
74120
75652
75751
80234
83073
89759
94724
95260
1837
2476
2603
2831
3952
4042
4638
4707
4770
5309
5489
5493
6132
6179
6234
7279
7326
7436
7541
7543
7576
7751
8219
8920
9119
9615
9672
10956
11100
11317
11490
11715
12334
12395
12725
12737
13531
14172
14285
15467
16038
16111
16229
16239
17077
17140
17155
17560
18258
18434
19337
19390
19668
20933
21219
21603
21711
22270
22674
23900
24470
24571
24799
25573
25798
26035
27221
29216
29463
29783
30280
30546
30593
30733
30956
31950
32792
33112
33283
33472
33565
34873
35679
35944
38094
38333
38563
39744
39770
41120
41565
42932
43219
46455
46607
47126
47164
47383
47419
47471
48352
48971
50245
50319
50569
51285
51498
52736
52847
53385
53739
55914
56415
56578
57079
57814
59176
59890
59977
60182
61473
61507
63738
66592
68005
68508
68565
68831
69325
69505
70013
70254
76892
77031
77947
79342
80018
80344
80466
86806
87506
87749
88670
90419
91925
93622
228753
139
1477
1564
3308
5079
5990
6427
6579
6766
7393
7448
7735
7879
8326
8336
8430
8786
9385
9389
9577
9579
9886
10050
10169
10257
10842
12394
12793
12984
13939
14434
14649
14877
15344
15495
15640
16160
16268
16873
16967
17430
17962
18560
18827
19012
19046
19187
19592
19600
19944
20533
21306
21506
21600
21828
22024
22965
23032
23302
23429
23564
23937
24163
24930
24976
25828
25913
26442
26532
27127
29115
29502
29574
29723
30906
31199
31205
31443
32623
32692
32889
33067
33351
33567
33694
34050
34426
34473
34569
34753
35318
36014
36891
36979
38148
39300
39476
39499
39637
39648
39721
39821
40148
40337
41213
41266
42106
43071
43337
43493
43561
43564
44486
44534
45112
45174
45217
45544
45991
46341
46595
47010
47272
47997
49989
50012
50029
50075
50564
51202
51765
51929
52754
52922
52961
53523
54851
55008
55108
55195
55573
57106
57913
58142
59080
59502
61816
62256
62984
63056
63196
64403
64818
64987
65234
65582
65654
66282
66658
67185
67235
67654
68259
71939
72707
72838
72965
72998
74011
74117
74931
75048
75496
75549
76531
76982
77742
77971
78490
79577
79624
80365
81303
83229
83546
84510
85222
85252
85519
86824
86916
88251
91526
93447
222436
247
1545
1790
2106
7430
7632
7964
8161
9282
10701
12779
13077
13393
13539
14443
16936
16940
17197
17982
18222
18814
24293
24364
25264
27223
27247
27345
27995
28953
30529
30724
30755
31515
32929
34125
34133
35672
36901
37447
37740
38207
38372
39881
40548
40551
41162
41815
41902
44462
45173
45616
46660
48906
54529
60601
63854
67503
70204
71903
79724
81486
84160
84282
87110
87416
89497
92607
225352
1342
1526
1867
2028
2389
2651
3201
3250
3355
3379
4242
4585
4809
4850
4903
5550
6167
6675
6873
7093
7274
7790
7913
8181
9063
9414
9515
9535
9835
10078
10564
10703
10865
11004
11350
11756
12009
12096
12868
13014
13812
14125
14132
14169
14221
15296
15636
15766
15953
15955
15968
16035
16107
16137
16145
17234
17532
17629
17958
18003
18066
18690
18729
18871
19457
19814
19995
20353
21070
21209
21342
21798
21948
22073
22241
22471
23255
23693
23818
24308
24398
24544
24700
25019
25469
26261
26684
27022
27204
27208
27482
27709
28661
29303
29431
29505
29683
29697
29781
30174
30278
30401
30623
30835
31179
31420
32170
32433
32674
33233
33764
34765
34874
35794
35865
37198
37824
37956
38114
38672
39051
39211
39343
39943
39961
41031
41587
41959
42473
42789
43523
43617
43664
44492
44683
44926
45191
45231
45403
45899
45964
46446
46484
46933
47499
47807
48136
48326
48887
49485
49868
50581
51072
51501
51505
51673
52117
52657
52778
53017
53270
54099
54275
54938
55435
55438
55557
55657
55950
56856
57297
58589
58844
59671
59926
60025
60484
62065
63396
63792
64028
64491
64886
65054
67039
70022
70342
71838
72470
72812
72909
73356
73391
75122
75131
76360
76717
76916
77316
77370
79513
80837
81194
81810
81898
83784
86272
87644
88803
89266
89324
89331
91053
94542
480
584
932
937
964
1072
1391
2292
2443
2714
3164
3241
3351
3761
4186
4588
5509
5583
6065
6466
6551
6839
6991
7523
7565
8191
8453
8479
9484
9569
9849
9853
10268
10301
10610
11273
11295
11448
11594
11980
12343
13286
13336
13449
13548
13568
14341
14566
15010
15595
15982
16117
17303
17603
17608
17948
18107
18643
18930
19185
19209
19411
19452
19809
20030
20172
20216
21279
21647
22147
22213
22421
23001
23548
23559
23637
23703
23907
24842
24904
25153
26150
26574
26596
26628
26685
26824
28292
28481
28833
28881
30928
30942
31162
31180
31219
31543
31753
32190
32271
32787
32821
33815
35025
35851
35977
35996
36724
37079
38652
39082
39200
39619
39870
40125
40950
41509
42082
42517
42723
42828
43004
43253
45395
45765
45785
45877
45904
46185
46976
47654
47773
48167
48205
48359
49017
50956
52569
52759
54419
55463
55846
56092
56246
57898
58308
58559
58636
58724
61210
62820
63297
63824
65275
65876
66973
67868
69001
69574
70051
70385
72012
72410
72671
73307
73335
73658
73833
74387
74604
76579
77689
78487
79173
79739
80872
80993
84101
84478
84941
85476
85571
85901
86523
86622
87006
87150
87826
88629
89088
89187
91416
93128
93616
94472
186721
222446
238692
1434
2004
2747
3268
3293
3706
4455
4840
5118
5366
5649
5936
6224
6554
7029
7535
8076
8621
9685
10234
10260
10561
10921
11219
11279
11489
12335
14490
14553
15391
15497
15962
16651
16722
16747
18125
18267
18461
20034
20142
21129
21303
22558
24472
24504
24893
25068
25095
25678
26908
27413
29765
29921
33075
33797
35221
35688
36067
36479
37586
37691
38329
39500
39581
40476
41499
44475
47596
48455
50352
51272
51672
52516
52615
53294
53435
54588
60004
60690
63452
68822
69768
72677
78257
81246
81250
86844
88919
93467
185440
231
433
1285
2568
2588
2655
2766
2955
3243
3694
3713
3788
3890
3997
4449
4452
4764
5194
6426
6928
7002
7065
7132
7328
7409
7662
7972
8081
8195
8686
8944
9195
9597
9686
9733
9967
10057
10143
10336
11294
11315
11834
11925
11984
11992
12161
12222
12408
12576
12661
12697
12854
13193
13295
13955
14055
14300
14328
14730
14987
16021
16093
16385
16995
17009
17024
17291
17740
17834
18131
18465
18804
18936
19027
19271
19633
20420
20580
20612
20680
21246
21459
21844
21850
22038
22208
22793
22821
22824
22933
23513
23913
24300
24346
24484
24530
25167
25320
25559
25624
26963
27080
27271
27540
27584
27587
27670
27807
27906
27984
28663
28746
28862
28923
29044
29412
29517
29535
29672
29809
29934
29945
30284
32002
32117
32248
32368
32544
32556
32671
32783
32866
33042
33088
33449
33805
33991
34012
34150
34169
34311
34319
34445
34463
34719
35580
35767
35811
35943
36171
36412
36618
36773
36960
37405
38403
38453
38595
38836
38851
39545
39754
39801
40212
40878
41080
41289
41292
41332
41409
41642
41697
41888
41956
42057
42531
42960
42994
43210
43471
43935
45070
45132
45207
45551
46259
46275
46317
46508
46637
46962
47353
47665
47944
48039
48296
48408
48483
49147
49975
50252
50275
50657
50943
52166
52304
52655
52730
54254
54582
54659
56075
56912
57949
58172
58236
58261
59230
59243
59457
59622
59780
60099
60681
61416
61471
62043
62550
62966
63878
64963
65753
66783
67095
67368
68397
68853
68918
69458
69977
70058
70617
70996
71432
73802
73972
74110
74216
74724
75180
75605
75860
75911
76108
76803
78284
78370
78588
79816
80187
80361
81984
82243
82892
83548
84076
84681
84926
85056
85470
86115
86671
86717
87419
87600
88656
89257
89494
89792
91240
92048
92304
92368
93409
94908
95088
95372
95637
157526
161530
172
612
897
1539
2076
2095
2505
2872
3104
3218
3557
3707
3770
4063
4586
4762
5401
5683
6188
6190
6377
7705
8273
8696
8980
9827
10203
10674
10925
10947
11034
11478
11794
11962
12007
12044
12107
12518
12927
13052
13114
13118
13230
13547
13641
14024
14164
14316
14356
14682
14788
14838
15130
16631
16642
17110
17201
17205
17868
18318
18440
18651
18746
18867
18977
19279
20279
20332
20547
20731
21088
21704
21858
21869
22467
22806
23012
23566
23866
23973
24085
24591
24628
25093
25145
25528
25584
25865
26040
26192
26724
27021
27055
27150
27386
27731
27926
28105
28368
28810
29473
29487
29607
30148
30154
30368
30986
31470
31878
32236
32483
32619
32667
32759
32923
33192
33524
33535
33608
34313
34507
34936
35015
35041
35849
36605
36895
37323
37388
37536
37745
37944
38406
38484
38506
38572
38830
39270
39678
39693
39932
40295
40304
40403
40419
40581
40593
41295
42685
42836
43207
43735
44501
44944
45084
45563
45606
46730
47051
47464
48673
49256
49394
49649
50692
50752
50944
51118
51541
51635
51671
52015
53277
53583
53899
54157
54218
55526
56343
56678
56946
57028
57964
57980
58542
59841
60737
60998
61527
62076
62111
62700
62750
63359
63630
63852
64416
64434
64591
64928
65257
65507
65655
65787
66555
66756
68099
68403
68656
69180
69631
69966
70244
70309
70770
70780
70918
71066
71411
71548
73120
76370
77209
77281
77320
78334
78595
79139
79182
80481
80842
83495
84755
85514
85676
86039
87554
89923
90222
90619
92237
92650
95124
185671
187525
228326
742
752
831
1836
3086
4315
5546
5935
6546
6864
7027
7738
8039
8890
8910
10308
11038
11791
12435
12530
12721
13157
13173
13936
14250
15062
15614
16282
16421
16662
17390
17650
17770
17923
18260
18676
20978
21143
21201
21301
21307
22236
22367
22518
23700
23870
24848
25325
25628
26328
26621
26790
30807
35483
36802
37516
38318
39219
39393
39757
42849
43038
43782
44920
44978
46015
46132
48242
51105
51997
52078
52519
52712
59996
60296
61768
64726
65560
66976
68297
70116
70320
73956
75008
76674
85986
88341
89546
89616
90004
91037
92496
93655
749
1444
1481
1522
2293
2461
2485
2598
2679
2856
3226
3247
3257
3345
3458
3471
3472
3519
3548
3610
3785
3910
3969
4352
4392
4421
4447
4474
4649
4849
4871
4931
4957
5127
5229
5416
5622
5723
5756
6092
6155
6510
6664
6770
6837
6869
6945
6997
7152
7281
7287
7437
7470
7522
7667
7669
8003
8109
8202
8216
8352
8437
8504
8513
8525
8604
8637
8738
8891
8902
9007
9250
9254
9447
9558
9560
9593
9624
9775
9824
9833
9862
9865
9922
10011
10015
10133
10188
10200
10267
10338
10412
10465
10491
10527
10594
10602
10632
10765
10774
10810
10834
10857
10890
10894
11129
11131
11146
11345
11377
11387
11494
11751
11766
11814
11971
12006
12068
12135
12156
12271
12279
12319
12396
12499
12622
12628
12819
12845
12905
12998
13022
13045
13168
13313
13328
13395
13520
13557
13708
13726
13727
13770
13839
13926
14094
14124
14177
14180
14193
14399
14418
14446
14454
14501
14547
14642
14671
14744
14749
14858
14955
14996
15109
15208
15450
15494
15537
15549
15713
15769
15958
16055
16262
16279
16291
16318
16326
16329
16447
16560
16607
16655
16863
16970
17018
17061
17071
17169
17270
17296
17328
17332
17402
17528
17575
17688
17733
17771
17832
17869
18038
18163
18206
18327
18331
18532
18537
18641
18715
18822
18839
18863
18982
19020
19097
19163
19172
19190
19195
19354
19460
19471
19509
19522
19731
19767
19796
19863
19965
19967
20000
20123
20212
20235
20259
20622
20632
20665
20689
20701
20846
21101
21123
21156
21286
21297
21390
21397
21538
21645
21648
21815
21861
22047
22168
22190
22244
22418
22455
22461
22636
22656
22675
22708
22739
22763
22792
22864
22929
22948
23017
23027
23157
23228
23269
23276
23695
23699
23728
23778
23786
23799
23964
24081
24298
24325
24408
24434
24438
24517
24562
24954
25006
25067
25115
25187
25211
25237
25249
25292
25315
25419
25688
25692
25823
25939
25989
26153
26260
26379
26437
26457
26462
26492
26579
26801
26886
26894
27320
27324
27416
27499
27654
27882
27895
28051
28067
28101
28148
28154
28193
28216
28223
28279
28358
28432
28859
28868
28889
28956
29060
29123
29192
29270
29469
29507
29550
29653
29707
29831
29846
29855
29877
29900
29969
29986
30058
30239
30240
30252
30289
30344
30411
30473
30498
30594
30615
30691
30713
30769
30799
30876
31104
31201
31342
31347
31528
31602
31778
31814
31835
31947
31978
32195
32311
32369
32457
32595
32615
32634
32741
32873
32921
33165
33226
33376
33377
33382
33418
33443
33495
33889
33936
34242
34263
34489
34653
34675
34745
34962
35339
35562
35621
35869
35878
36125
36194
36292
36445
36519
36676
36707
36822
36928
37266
37276
37301
37370
37380
37476
37485
37523
37613
37688
37796
37853
37923
37968
38172
38294
38320
38391
38429
38501
38577
38731
39155
39233
39360
39449
39477
39492
39672
39692
39700
39843
39878
39938
40056
40136
40263
40367
40378
40479
40702
40793
40818
41039
41182
41246
41440
41586
41787
41895
42096
42249
42463
42487
42606
42726
42837
42889
42979
43042
43095
43320
43324
43402
43419
43505
43630
43640
43680
43899
43902
43957
44038
44066
44211
44295
44300
44305
44340
44349
44397
44404
44487
44546
44601
44606
44615
44722
44753
44771
44843
44925
45031
45048
45059
45124
45253
45287
45339
45462
45507
45537
45557
45594
45595
45615
45625
45667
45802
45928
46001
46299
46472
46568
46569
46723
46724
46883
47045
47290
47300
47312
47602
47620
47821
47913
47978
48140
48188
48398
48413
48424
48671
48693
48825
48904
49011
49139
49261
49273
49307
49644
49741
49924
49959
49963
50087
50683
50734
50776
50804
50977
51135
51155
51179
51205
51394
51451
51590
51663
51792
51860
51958
52041
52175
52199
52254
52299
52369
52400
52517
52638
52709
52711
52738
52752
52830
52949
53080
53121
53245
53293
53306
53591
53611
53630
53677
53683
53761
53881
54066
54170
54250
54262
54403
54591
54616
54706
54782
54835
54869
55054
55148
55190
55267
55338
55408
55713
55947
55981
56091
56468
56539
56593
56705
56862
57199
57555
57668
57704
57710
57779
57791
57933
57994
57998
58013
58360
58433
58637
58946
59070
59328
59376
59440
59463
59469
59509
59537
59794
59855
59859
59951
60478
60482
60526
60552
60943
61143
61312
61410
61557
61752
61979
61995
62050
62061
62068
62086
62134
62139
62305
62398
62507
62525
62611
62778
62833
62885
62929
62985
63204
63248
63262
63585
63726
63728
63733
63840
63851
63868
63881
64144
64174
64310
64371
64633
64646
64919
64985
65111
65174
65184
65199
65277
65305
65486
65510
65552
65571
65964
66028
66073
66256
66352
66685
66856
67172
67187
67317
67622
67623
67678
67715
67740
68064
68080
68117
68139
68159
68268
68362
68598
68611
68651
69107
69132
69270
69331
69551
69569
69587
69614
69685
69727
69907
70313
70368
70402
70552
70644
70679
70723
71065
71366
71389
71439
71626
71720
71764
71910
72040
72049
72060
72122
72130
72182
72216
72298
72414
72437
72555
72572
72785
72809
72837
73163
73313
73360
73520
73549
73642
73749
74060
74122
74168
74252
74293
74321
74345
74551
74597
74670
74777
74799
74994
75092
75102
75152
75279
75314
75345
75396
75516
75715
75745
75843
75902
76005
76230
76264
76346
76412
76592
76622
76742
76926
77173
77423
77439
77625
77756
77810
77923
78316
78327
78526
78580
78848
79058
79143
79384
79401
79695
79744
79769
79799
79841
80084
80131
80149
80205
80212
80223
80265
80287
80334
80456
80562
80636
80931
80939
81427
81487
81635
81639
81896
82007
82024
82040
82225
82286
82295
82398
82651
82749
82802
82842
82870
83019
83146
83305
83315
83613
83822
84137
84203
84457
84640
84709
84716
84930
84943
85458
85477
86116
86289
86340
86365
86401
86657
87132
87275
87625
87694
87756
88040
88216
88353
88384
88551
88975
89285
89391
89461
89603
89657
89695
89931
90011
90400
90707
90720
90916
90948
91298
91508
91547
91956
92060
92064
92207
92464
92517
92576
92884
92910
93067
93195
93497
93592
94183
94399
94480
94492
94506
94535
94586
94606
94695
94751
94782
94890
94939
95466
162605
167532
176133
181476
182349
184883
186285
198538
202747
203968
204891
205228
205931
209062
219205
222023
225356
230638
232735
233221
243935
756
1376
1812
2005
2110
2954
3193
3373
4630
5056
5109
5287
5334
5660
5950
6026
6547
6850
6977
7043
7160
8317
8653
8667
8982
9026
9292
9678
9829
9960
10186
10950
11466
11803
11818
12145
12265
12414
12750
12883
13013
13240
13256
13786
14138
14239
14336
14569
14734
15004
15113
15298
15988
16187
16258
16297
16320
16398
16938
17379
18104
19009
19281
19285
19324
19888
19921
19961
21154
21714
21739
21879
22036
22970
23989
24048
24461
24533
24722
24749
24777
26282
26415
26806
26938
26975
27168
27197
27714
27858
28261
28449
28916
29751
30331
30339
32013
33584
33709
33853
34515
34643
34793
34866
34887
34893
34938
34973
35161
35662
36099
36453
36631
37069
37204
37701
37868
38975
39111
39380
39572
39931
39954
40009
40082
40259
40509
40941
41280
41912
42935
43295
43296
43486
43709
44526
44845
44948
44953
45577
45798
45941
46270
46597
46983
47645
47760
47849
48342
48596
48872
49719
50107
50733
51083
51277
51425
51525
51622
51763
52013
52309
52796
53196
53264
53513
53746
54837
55223
55457
56008
57389
57508
57644
58702
58780
59276
59902
60266
60470
61389
62867
63228
63568
63873
63943
64273
65058
65342
65903
66038
66231
66579
66584
66588
66702
67238
67448
67464
67747
67834
67978
68589
69765
69898
70585
70964
70974
71083
72218
72403
72595
72691
72766
72858
73872
74991
76436
77104
77142
77157
77924
78061
78197
79248
79512
79570
79837
80133
80347
80968
81897
82972
83848
84736
86153
86473
86763
86771
87303
87715
88540
90527
91940
92011
92949
94308
222693
1868
2290
2986
3028
3123
3597
5299
5361
6087
6374
7269
7737
8179
8448
8807
8862
9791
9992
10085
10371
10698
11353
12503
12881
13187
13951
14555
14706
14736
15036
15122
15168
15552
16393
16494
16968
17142
17589
19484
20011
20417
22439
22538
23879
24224
24765
28486
29328
30778
31315
31467
32304
33182
34467
35146
36139
36230
37008
37360
37679
38085
38089
38097
40323
40727
41548
44174
44232
45477
46076
50246
51011
51344
53665
54589
57870
59741
60554
61145
63527
67085
67597
69905
71152
71159
72039
73957
75364
77182
78012
83245
84582
86957
90748
91210
91647
95356
2103
2140
2449
2901
2946
3486
3660
4080
4127
4194
4567
6331
6606
6767
7355
7395
8128
8695
9051
9059
9076
9107
9639
9656
10153
10155
10569
10868
11398
11905
11991
12100
12124
12497
13251
13303
13703
14291
14450
14559
15385
15627
15786
16005
16251
16675
17126
17226
17792
17992
18426
18578
18714
18916
18970
19001
19101
19267
19350
19957
20183
20391
20808
21288
21357
21553
21946
22534
23248
23431
24669
24753
24880
24965
24988
25000
25711
25740
26148
26366
26708
26971
27034
27395
27398
27478
27704
27922
28065
28166
28317
29269
29520
29572
29853
29956
30292
30377
30492
30524
30563
31695
31762
31776
32453
32819
32828
32942
33074
33098
33210
33603
33642
34274
35003
35147
35398
35516
35862
36046
36053
36319
36577
37353
38008
38196
38285
38454
38624
39094
39490
39717
39736
39819
40092
40329
40496
40612
40622
40864
41020
41156
41592
42049
42052
42587
42797
43173
43414
43889
44123
44207
44548
45262
45446
45695
46296
47328
47380
47417
47510
47759
47825
48964
49334
49477
49898
49912
50196
50273
50545
50713
50933
50947
51783
52468
52477
52626
52856
53023
53303
53455
53535
54929
55161
55189
55360
55719
56506
56840
57027
57123
57520
57554
57832
57901
58153
58919
58945
59145
59852
60059
60756
61637
62717
62871
63521
63923
64029
64108
64219
64374
64376
65088
66249
67387
67456
67745
68525
68623
69407
69578
70414
70842
71158
71220
71406
72573
72657
73065
73262
73464
74071
74106
74574
74992
75266
75357
75389
75515
75900
76388
77082
77149
77410
78771
79241
79260
79511
81007
81589
82444
82921
83469
84707
84909
86170
86192
86348
86675
86855
87205
88156
88704
89370
90423
90889
91623
92547
92901
171824
178642
200377
215332
217915
236450
238813
239684
233
1586
2035
2692
3143
3174
3684
4470
4878
4978
5217
5526
6045
6443
6712
6880
7012
7231
8698
9154
9338
9879
10273
10959
11111
11122
11805
11965
12149
12544
12837
13073
13109
13333
14849
16126
16558
16659
16944
17101
17641
17797
17860
18282
18655
18796
19333
19688
20636
21135
22744
23028
23187
23681
24958
25091
26533
26650
28465
28504
29616
29906
30147
30287
31764
32974
33025
35246
36596
36670
37128
38045
38331
39314
39417
42905
44228
46073
46482
47869
49462
49891
50747
50808
51923
52444
53359
55643
56095
56564
56725
59844
62543
63368
63998
66642
67607
68336
71915
72240
72385
72510
72526
74224
75401
75741
76049
77397
77870
80832
86908
87020
90496
93023
95559
95
227
501
603
790
1468
1587
2769
2868
3794
5151
5180
5571
5574
5643
6122
6226
6286
6500
6721
7205
7214
7403
7443
7454
7616
7983
8468
8681
8756
8867
9003
10235
10314
10406
10560
11152
11208
11564
12113
12139
12507
12519
12754
12903
13486
13645
13792
14844
14914
15037
15541
15722
15956
16234
16314
16478
16950
17351
17609
18031
18422
18567
18590
18664
18671
18821
19042
19106
19748
19769
20043
20741
20991
21164
21174
21199
21309
21345
21551
21805
21825
21925
22661
22832
23367
24032
24213
24291
24503
24515
24792
24883
25673
25746
25811
26102
26115
26277
26313
27116
27122
27622
27748
27768
27843
28252
28444
28817
28874
28950
28955
29852
30123
30326
30667
30678
30889
30919
30988
31099
32073
32163
32493
32636
32772
33184
33713
33771
34147
34206
34211
34625
35005
35018
35258
35275
35564
35594
35936
35945
36128
36184
36234
36237
36257
36899
37182
37423
37547
37602
37729
37847
37880
38033
38566
38724
39250
39628
40163
40549
40707
40722
40786
40894
41155
41191
41345
41702
41830
41971
42341
42664
42897
42939
43139
43364
43367
43400
43924
44155
44378
44398
44511
44529
44588
44958
45076
45214
45666
45696
45948
46069
46421
46974
47246
47472
47553
47705
48041
48200
48864
49039
51140
51220
51567
51934
52242
52321
52560
52645
52887
52969
52998
53621
54590
54621
55273
55373
55680
55722
55810
55994
56068
57371
58411
58432
58460
58571
59322
59340
59597
59907
60192
61950
61958
62932
63138
64485
64679
66460
66569
67459
67670
67959
68572
68739
68980
69383
69693
69740
70322
70416
71553
72007
72398
72624
72996
73397
73571
73898
74193
74468
75081
75544
76775
76996
77588
77920
77951
78181
78589
79272
79408
79500
80266
81219
82168
82501
82753
82858
83220
83517
83814
84065
84418
84646
84720
84889
85598
86321
86416
87442
88048
88173
88261
88273
88425
88541
88788
88903
88942
89304
89895
91173
91373
91503
94414
95017
95203
95217
95744
164715
216276
219248
100
102
844
882
1229
1470
1894
2549
2767
3628
3754
3780
4740
5297
5857
6251
6885
10936
13759
14254
15093
16214
16463
16975
17422
17441
18370
18658
18686
19375
20018
20542
21117
21221
21856
21951
22840
23493
23498
23598
23793
24244
24547
24846
25133
25208
25709
27775
28380
28918
29183
29212
29510
29569
30212
30367
30515
31650
31724
31886
32314
32380
32607
33034
33789
37481
38601
39388
39842
39875
40153
40358
40893
41119
41670
41717
41743
41776
42108
42764
42798
44600
44671
44996
45481
46066
46161
47194
49461
49464
51201
51694
51908
52782
53415
53800
54394
54917
54966
55483
57646
58797
58977
59442
59449
59793
61789
63893
64251
64674
65550
65932
66449
68394
69684
70174
70611
70726
70809
70960
71213
75028
75810
78041
78304
78700
81101
81279
83485
84477
86338
93641
94580
199385
239881
107
108
171
1512
1709
2037
2247
2262
2983
3053
3207
4029
4297
4395
4708
4756
4905
4913
5273
5632
6120
6441
6610
6897
6960
7007
7137
7769
7967
8629
9208
9278
9649
10080
10696
10714
10873
11025
11083
11133
11360
11940
11977
12036
12087
12148
12151
12457
12466
12587
14106
14197
14854
15038
15136
15419
15455
15585
15667
15907
15960
16202
16274
16285
16472
16842
17168
17392
17514
17684
17738
18025
18418
19216
19303
19563
19986
20164
20342
20381
20474
20677
20679
20768
20950
21230
21341
21391
21396
21412
21450
21490
21737
21964
22153
22991
23063
23174
23244
23510
23533
23672
23838
24311
24363
24590
24613
24633
25199
25254
25427
25547
25667
25792
26132
26249
26593
27182
27200
27359
27727
27793
27811
27854
27928
27942
28112
28499
28666
28882
29035
29293
29361
29957
30202
30279
30467
30690
31213
31388
31431
31593
31813
32337
32421
32723
32765
32916
33527
33561
33578
33670
34315
34583
34652
35024
35096
35160
35472
35682
36026
36106
36190
36357
36590
36838
36975
36985
37084
37180
37272
37371
37652
37990
38281
38400
39048
39235
39347
39569
40356
40629
40876
40905
40931
40984
41248
41327
41777
41799
42205
42365
42388
42513
43348
43499
44343
44396
44509
44517
44577
44610
44717
45163
45482
45495
45784
45876
46146
46397
46464
46757
47667
47728
47779
47800
47892
47925
47980
48890
49204
49228
49348
49432
49756
49796
50046
50905
51091
51152
51224
51491
52124
53271
53463
53549
53617
53815
53898
53955
53990
54202
54236
54281
54574
54668
55297
55461
56031
56459
56461
56482
57712
58286
58549
58828
59367
59598
60010
60271
61073
61264
61493
61769
61806
62023
62135
62217
62471
62974
63917
63930
64048
64990
65015
66365
66454
66877
67262
67585
67921
68345
68429
68844
69426
69660
70321
70452
70521
70527
71244
71391
71629
72017
72659
73414
73623
73627
74363
74577
75490
76006
76104
76199
76224
76818
77456
78008
78069
78118
78747
78815
79584
80019
80534
80553
80935
82095
82878
83487
83729
84536
84540
84670
84823
84891
85319
85482
85817
87064
87147
87379
88038
88257
88610
88970
89015
89441
90668
90878
90931
91279
91434
91500
91531
92259
92493
92705
92814
93771
94082
94664
94932
108179
160836
169822
187652
232045
233474
855
1417
1983
2120
2370
3046
3270
3323
4057
4083
4584
4823
6726
6986
8022
8274
8310
8510
9090
9337
9894
10441
10559
10721
10824
10841
11708
11750
11974
12024
12116
12509
12521
12913
13097
13330
13663
13763
13810
13913
14290
14754
15047
15886
16155
16609
16991
17435
17519
18234
19700
19724
20098
20113
20510
21207
21394
22003
22034
22128
22468
23010
23212
23325
23515
23708
23731
23749
23772
24014
24236
24268
24852
24986
25052
25111
25532
25570
25598
25662
25818
26318
26600
27227
27496
28855
29018
29284
29331
29787
30145
30762
30790
31133
31304
31741
32504
32931
33451
35764
36035
36243
36312
38225
38919
39950
40040
40167
40541
41722
41982
42380
42914
43571
44030
44318
44361
45202
46467
46772
47286
47897
48778
49125
49146
49340
49555
50445
50732
50799
50900
51587
51733
52483
52731
53230
53343
53740
56053
56378
57914
58127
61841
63106
64447
66299
66366
68037
68531
68848
69087
69273
71786
72091
72116
72833
72887
73361
75203
75829
76149
76588
77291
77333
77884
78111
78185
78198
78759
79585
80579
81588
81680
82855
83208
88081
88142
89092
89784
90792
91057
92165
93160
93183
93445
238972
105
111
530
616
862
1241
1664
1895
2210
2608
2807
2837
2938
2991
3465
3570
3760
3846
3891
3897
3942
4453
4627
4785
4971
5421
5539
5785
5870
5906
6015
6017
6033
6193
6810
6852
7588
7693
7837
7923
8012
8402
8522
8811
8987
9015
9029
9418
9439
9662
9692
9782
10007
10013
10056
10137
10264
10414
10454
10469
10477
10501
10644
10693
10892
11139
11212
11397
11697
11916
12713
12993
13384
13438
13439
13454
13584
13669
13733
13935
14131
14149
14869
14972
15289
15428
15429
15573
15577
15876
16186
16341
16656
16768
16843
17166
17527
17683
17822
17934
18199
18237
18568
18720
18836
19109
19284
19385
19526
19687
19953
20144
20643
21065
21276
21383
21406
21510
21569
21573
21806
21900
22057
22081
22159
22697
22745
23164
23318
23356
23506
23811
24177
24412
25116
25126
25580
25619
25928
26206
26531
26686
26714
26941
27603
28033
28088
28200
28377
28596
29393
29941
30020
30124
30164
30219
30659
30687
31446
31712
31849
32310
32345
32720
32964
33293
33381
34145
34156
34195
34437
34660
34716
35559
35748
35847
36146
37093
37160
37231
37270
37271
37332
37490
37657
37981
38211
38363
38387
38478
39271
39295
39307
39331
39708
39867
39907
40156
40173
40238
40990
41017
41145
41159
41310
41563
41590
41808
41843
41866
42238
42402
42857
42997
43061
43239
43612
43652
44078
44204
44796
45156
45382
45427
45437
45562
45663
46005
46283
46519
46590
46629
46695
46853
46902
47289
47753
47933
47939
47977
48076
48206
48717
48758
49038
49309
49710
49830
49907
50081
50089
50330
50588
50679
50838
51168
51198
51296
51406
51535
51874
51966
52031
52131
52202
53105
53453
53642
53852
53857
54138
54149
54328
54388
54686
54719
54852
55685
56727
57130
57304
57334
57670
57715
58396
58523
58917
59479
59549
59952
60258
60280
60384
60863
60925
61223
61384
61391
61551
62829
62845
62942
62992
63057
63754
63860
63872
64164
64349
64796
64945
65256
65546
65736
65833
65838
66000
66328
66330
66559
66667
66723
66967
67237
67406
67725
67885
67899
67923
68007
68019
68267
68661
68947
69047
69330
69397
69480
69900
70214
70473
70594
70697
70855
71953
72699
73119
73260
73294
73498
74235
74332
74441
74483
74528
74581
74691
75041
75125
75327
75503
75759
75973
76204
76382
76636
77629
77721
78215
78606
78803
79018
79356
79376
79707
79809
79870
79873
80050
80158
80298
80403
81288
82127
82382
82586
82850
83440
84448
84554
84619
84791
84947
85040
86176
86214
86982
86997
87129
87283
87539
88243
88345
88500
88634
88643
88674
89586
89630
89892
90287
90512
91087
91132
91161
91318
91971
92740
93359
93388
93504
94091
95334
95721
166109
193553
223090
246
1278
1900
2478
2749
2928
3171
3426
3534
3786
4121
4316
4382
4461
4521
4663
4718
5101
5115
5589
6094
6191
6433
6508
6870
7040
7881
8037
8293
8316
8559
8790
8911
8925
9133
9539
9574
9716
10241
10293
10452
10763
11051
11444
11764
12227
12291
12313
12417
12586
12841
12914
12941
13209
13386
13536
13591
13643
13757
15277
15740
15793
15945
16030
16060
16175
16348
16406
16431
16765
17403
17794
17901
18608
18876
19914
20600
20856
21161
21274
21485
21504
21924
21957
22150
22251
22316
22494
23146
23448
23526
23807
24027
24639
25063
25337
25389
26041
26225
26314
26475
27358
27578
27910
28623
28830
28942
29071
29278
29820
29991
30035
30307
30600
31154
31442
31740
31966
32348
32521
32663
33836
34033
34725
34781
35271
35709
35979
36193
36422
37556
37870
37989
38649
38701
38787
38937
39231
39467
39498
39664
39752
40171
40510
41095
41125
41700
41794
41951
42382
43193
43510
43731
44411
44431
45668
45842
46333
46758
46825
47022
47117
47391
48008
48270
49216
49265
49386
49667
49930
50371
50584
50642
51376
51604
51775
51842
52297
52864
53953
54097
54205
54740
54752
54794
55630
55976
56111
58156
58169
58334
58877
59054
59240
59585
60204
60238
60667
61106
61170
61580
62195
62675
64802
65017
65425
65498
66814
68327
69004
69321
70123
70458
70621
70757
71479
71565
71759
72194
72405
73612
73691
74001
74286
77338
77704
78020
78741
78934
79318
79762
79938
80045
80126
81579
82257
82680
82833
83143
83331
83342
83512
83870
84037
84567
85189
86549
86708
87990
88034
88383
89691
92820
93534
161795
96
98
119
120
699
1157
1270
1458
1858
2170
2240
2988
4073
4079
4095
4467
4654
4960
5763
5843
5914
6172
6860
6861
6909
7113
7150
7207
7464
7498
7626
7962
8203
8470
8665
8942
8994
9030
9055
9576
9814
9863
10001
10003
10047
10350
10398
10425
10585
10663
10829
10855
11201
11471
11658
11730
11915
12028
12716
13110
13243
13369
13370
13482
13910
14273
14288
14668
14824
15082
15224
15244
15329
15422
15545
15568
15799
15880
15922
15966
16304
16356
16521
16524
16569
16599
16864
17045
17219
17626
17700
17721
17981
18498
18534
18587
18745
18875
19534
19777
19824
19950
19983
20076
20102
20274
20548
20707
20848
20958
21043
21193
21229
21693
21908
21952
21977
22072
22678
22775
23047
23124
23215
23582
23768
24210
24222
24262
24526
24672
24845
24909
24971
25092
25700
26060
26312
26381
26640
26703
26821
26923
27651
27679
27810
27877
27981
28329
28373
28542
28709
29015
29362
29475
29663
29665
29891
29905
29942
30022
30114
30516
30636
30789
30998
31009
31147
31278
31440
31502
31529
31561
31901
31902
32056
32491
32882
33188
33235
33277
33332
33455
33711
33799
33886
33899
33944
33987
34154
34277
34542
35188
35441
35711
35963
35989
36111
36169
36175
36309
36552
36557
36559
36636
36664
36679
36688
36865
37004
37034
37600
37792
38311
38352
38580
38981
39130
39293
39342
39665
40162
40287
40406
40635
40787
40789
40956
40986
41024
41172
41220
41498
41560
41849
41955
42101
42215
42268
42295
42859
42878
42879
42950
43346
43565
43635
43892
44292
44296
44441
44886
45042
45077
45197
45355
45604
45672
45724
46059
46293
46433
46586
46720
47003
47326
47355
47481
47496
47506
47535
47615
47628
47932
48004
48528
48560
48792
48911
49183
49339
49600
49627
49948
50382
50441
50510
50770
51041
51159
51260
51403
51426
51638
51819
52215
52572
52643
52801
53050
53087
53170
53172
53259
53645
53701
53928
54307
54909
55226
55299
55339
55374
55652
55798
56572
56881
57070
57359
57708
58158
58340
58383
58599
58706
58759
58778
59446
60436
60976
61095
61412
62127
62243
62264
62291
62331
63415
63624
63866
63967
64111
64138
64615
64773
65013
65032
65274
65500
65611
65812
66375
66657
66681
66788
66809
66971
67754
67872
68118
68361
68486
68750
68920
69116
69525
69970
70059
70988
71133
71252
71261
71514
71962
72009
72110
72371
73561
73950
74336
74554
75133
76037
76058
76179
76584
76765
76781
76880
77047
77181
78039
78296
78437
78534
78593
78847
79114
79411
79484
79526
79899
79949
80640
80844
80904
80973
81161
81211
81479
81481
81731
82943
82975
82977
83284
83906
84072
84086
84450
84664
84906
85175
85289
85321
86764
86827
86853
87672
87737
87775
87984
89333
90126
90784
91345
91756
92062
92890
93048
93222
93276
93321
94019
94025
94109
94239
94289
94621
94679
94807
94875
94964
95414
95503
164153
180131
201304
207997
208207
208649
222716
229888
244315
933
1255
1462
1582
1815
1854
1886
2266
2300
2539
2628
2909
3177
3280
3386
3413
3469
3479
3626
3732
3815
3822
4260
4709
4781
5001
5640
5655
5901
5931
6139
6147
6161
6236
6344
6814
6833
7068
7270
7330
7659
7930
8174
8578
8592
8601
8694
8784
8861
8879
8940
9047
9482
10376
10685
10863
10963
11058
11168
11242
11453
11567
11640
11720
12159
12322
12413
12481
12895
13399
13404
13670
13858
14241
14515
14528
14540
14862
15077
15083
15097
15098
15835
15855
15873
16205
16364
16453
16614
16814
16825
16849
16916
16942
17091
17297
17347
17459
17643
17833
18048
18340
18606
18783
18828
18897
19050
19211
19528
19553
19588
19800
19823
19947
20199
20249
20416
20519
20772
20782
21087
21146
21351
22169
22255
22451
22459
22706
22784
22849
23060
23297
23353
23554
24115
24509
25002
25227
25377
25442
25836
25858
26254
26619
26846
26858
26865
26899
26918
27256
27304
27367
27526
27609
27760
27761
27772
27865
28008
28018
28170
28177
28243
28247
28259
28494
28926
29131
29443
29540
30374
30586
30591
30666
30895
31405
31691
31965
32032
32365
32635
33024
33061
33398
33408
33684
33969
34071
34271
34284
34290
34462
34667
34956
35732
35841
35909
35919
35932
36276
36572
37040
37189
37246
37951
38117
38177
38269
38678
38762
39054
39110
39318
39422
39645
39826
39962
40969
41062
41235
41419
41488
41513
41871
42032
42314
42467
42759
43100
43423
44101
44169
44382
44999
45019
45134
45793
45930
46138
46250
46549
46663
46737
46744
47093
47172
47187
47771
47834
47907
47989
48085
48148
48304
48667
48782
49142
49501
49536
49629
49879
49996
50005
50123
50311
50525
50792
50793
50935
50965
51088
51424
52001
52010
52257
52915
53156
53322
53489
53688
53866
54296
54741
54842
54911
55402
55718
56466
56470
56992
57762
57833
58046
58150
58213
59310
59365
59408
59465
60701
60786
61245
61483
61738
61809
61924
62296
63021
63757
64070
64908
65219
65298
65641
65914
66101
66631
66633
67150
67631
67894
68015
69358
69382
69546
69592
69886
70110
70150
70172
70702
71463
71630
71743
72245
72606
72626
72636
72681
73145
73738
73794
74238
74324
75290
75512
75921
76591
76827
76940
77498
77851
78699
78858
79520
79588
79934
80096
80943
82253
82537
82630
82773
82908
83806
84012
84274
85213
85804
86472
86520
86731
87819
87996
88130
89234
89346
89359
89696
90146
90258
90715
91182
92007
92121
93934
94681
94814
95276
95619
178988
187375
189638
191280
195568
202357
207176
242044
114
137
676
863
870
926
970
1374
1377
1399
1615
1641
1663
1813
1875
1913
1941
2207
2268
2522
2690
2815
2839
3094
3144
3755
3877
4112
4230
4326
4564
4769
4827
4951
4988
5290
5597
6013
6205
6342
6404
6555
6876
7067
7078
7115
7401
8041
8323
8452
8880
9286
9305
9323
9438
9508
9557
10217
10320
10771
11010
11019
11114
11265
11718
11877
11912
12064
12302
12437
12486
12574
12623
12629
12833
12890
12924
13033
13150
13304
13364
13501
13544
13607
13658
13675
13695
13880
14108
14430
14602
14670
14676
14817
14874
14902
14956
15013
15027
15435
15669
15785
16024
16028
16073
16101
16119
16220
16630
16807
16885
16917
17154
17266
17371
17436
17489
17969
18051
18094
18566
18579
18616
18620
18622
18761
18809
18961
19030
19105
19153
19312
19359
19391
19629
19743
19761
19798
19930
20286
20550
20594
20703
20828
21056
21167
21375
21454
21547
21593
21616
21859
21880
21956
22163
22211
22442
22531
22862
23323
23550
23704
23794
23804
23852
24036
24116
24390
24496
24513
24584
24587
24764
25410
25558
25627
25655
25691
25824
26038
26050
26107
26229
26233
26515
26520
26764
26876
26964
26972
26998
27341
27354
27400
27551
27658
27698
27821
27822
28299
28385
28650
28751
29217
29396
29434
29538
29592
29657
30127
30171
30493
30510
30571
30584
30647
30710
30794
30823
30900
31150
31234
31312
31391
31411
31564
31750
31846
31859
31861
31891
31935
31973
32007
32065
32218
32227
32696
32861
33186
33291
33296
33725
33811
34023
34028
34170
34185
34367
34566
34842
34933
34944
34978
35035
35201
35274
35389
35422
35555
35784
35981
36036
36101
36238
36335
36350
36363
36583
36666
36814
36875
36902
37098
37132
37224
37297
37367
37384
37438
37492
37656
38473
38542
38556
38673
38676
38698
38744
38848
38935
39012
39038
39252
39641
39707
39885
39922
39928
40309
40381
40652
40757
40817
41071
41124
41238
41411
41480
42117
42214
42410
42557
42584
42658
42661
42901
42993
43101
43224
43227
43278
43913
43959
43996
44344
44551
44576
44638
44659
44684
44816
44819
44975
45079
45213
45631
45684
45726
45863
46318
46324
46404
46443
46616
46734
46749
46829
46963
47138
47631
47764
48007
48052
48594
49162
49527
49725
49940
50337
50541
50667
50719
50751
50811
51090
51103
51116
51339
51756
52167
53077
53244
53707
54031
54057
54474
54661
54693
54697
54827
54833
54986
55334
55462
55791
55925
56059
56105
56214
56225
56493
56743
56749
56805
56820
56948
57013
57084
57165
57167
57235
57248
57258
57338
57464
57806
57813
57895
57997
58354
58369
58514
58535
58783
58991
58993
59143
59182
59407
59466
59480
59563
59593
59870
60029
60126
60234
60775
60783
61076
61672
61762
62283
62487
62558
62711
62776
62951
63003
63285
63505
63691
63736
64355
64419
64441
65261
65463
65684
65824
65832
66064
66510
66535
66885
67133
67399
67521
67584
67680
68096
68526
68569
68631
68735
68898
69124
69406
69659
69847
70049
70186
70684
70804
71046
71585
71836
72052
72123
72630
72716
72743
73076
73206
73236
73584
73613
73900
74381
74493
74686
74751
75862
76095
76457
76794
77249
77404
78397
78751
78893
79195
79517
79587
79721
80273
80452
80612
80868
81099
81120
81924
81954
82228
82237
82260
82461
82567
83099
83605
84982
85227
85280
85300
85380
85749
85823
86380
87066
87197
87582
87792
87822
87869
87873
87973
88004
88090
88144
88528
88591
88614
88806
89493
89801
89976
90149
90513
90641
90692
91059
91357
91662
91981
92099
92223
92494
93325
93571
93873
94415
94487
94510
94646
94809
94988
95150
95244
95381
95485
95629
95688
167534
209022
216892
220186
228520
827
1045
1099
1474
1480
1651
1878
2065
2227
2239
2273
2289
2465
2471
2726
2729
2734
3002
3128
3159
3365
3474
3517
3541
3554
3576
3844
3849
3968
4189
4330
4401
4492
4636
4832
4976
5011
5131
5179
5204
5280
5390
5440
5464
5820
6053
6056
6101
6345
6442
6502
6509
6731
6923
6933
6953
7208
7224
7240
7317
7521
7546
7748
7756
7773
7942
7974
7986
7991
8036
8061
8080
8088
8095
8110
8188
8413
8505
8506
8540
8573
8656
8703
8729
8752
8758
8876
8894
9010
9054
9140
9394
9642
9654
9725
9755
9771
9773
9892
9924
10058
10062
10280
10427
10462
10471
10519
10523
10608
10712
10731
10740
10828
10914
10919
10986
11015
11047
11054
11066
11120
11234
11472
11486
11554
11727
11770
11809
11819
11919
11947
11972
11999
12021
12221
12233
12298
12314
12350
12415
12510
12602
12761
12787
12847
12909
13154
13179
13315
13371
13374
13445
13448
13477
13480
13602
13620
13627
13677
13692
13776
13795
13941
13970
14005
14009
14018
14022
14029
14079
14120
14155
14198
14200
14203
14211
14217
14247
14263
14421
14442
14476
14478
14502
14508
14522
14533
14570
14575
14593
14674
14748
14777
14800
14811
15025
15074
15121
15249
15326
15335
15380
15465
15500
15515
15580
15805
15856
15877
15908
15915
16004
16012
16043
16109
16149
16250
16505
16612
16620
16623
16698
16707
16737
16749
16751
16862
16865
16935
17005
17008
17012
17023
17136
17214
17244
17367
17370
17381
17423
17498
17634
17677
17736
17773
17803
17896
17904
18013
18041
18081
18135
18208
18278
18374
18435
18478
18514
18660
18693
18782
18790
18856
18909
18938
18973
19048
19070
19077
19200
19269
19299
19319
19508
19555
19557
19558
19611
19645
19691
19712
19717
19765
19850
19851
20007
20079
20162
20194
20239
20330
20367
20566
20593
20596
20706
20720
20773
20799
20881
20891
20994
21091
21109
21166
21188
21263
21321
21373
21424
21449
21455
21461
21479
21588
21622
21627
21658
21682
21734
21758
21764
21868
21899
21904
22014
22068
22120
22175
22180
22293
22362
22370
22397
22532
22572
22591
22642
22733
22783
22854
22881
22900
22907
23030
23198
23240
23286
23293
23389
23586
23668
23841
23868
23923
23965
23983
24020
24022
24073
24150
24166
24175
24179
24185
24233
24243
24343
24348
24349
24389
24601
24635
24658
24699
24731
24762
24766
24795
24840
24890
24891
24951
24970
24972
25001
25008
25157
25212
25432
25440
25550
25552
25594
25595
25633
25790
25869
25984
26032
26061
26073
26099
26122
26180
26236
26258
26264
26270
26348
26390
26459
26470
26500
26557
26595
26631
26702
26713
26792
26822
26872
26917
26927
26990
27070
27091
27173
27237
27255
27338
27518
27534
27585
27592
27618
27790
27908
27988
28040
28054
28082
28107
28206
28222
28335
28343
28347
28378
28517
28589
28607
28608
28641
28714
28737
28915
28970
28976
28990
28995
29028
29051
29062
29129
29318
29329
29389
29438
29593
29595
29655
29793
29883
29884
29968
29994
30053
30192
30203
30306
30425
30535
30662
30760
30763
30827
30839
30864
30968
31079
31124
31126
31138
31165
31196
31250
31325
31348
31350
31397
31634
31791
31793
31794
31795
31883
32042
32075
32110
32115
32280
32300
32334
32534
32548
32582
32610
32664
32754
32784
32790
32830
32837
32968
33002
33109
33115
33179
33400
33459
33461
33509
33613
33654
33692
33730
33735
33773
33794
33973
34003
34080
34088
34111
34218
34238
34303
34369
34418
34513
34517
34526
34621
34661
34746
34821
34969
35155
35250
35254
35276
35331
35444
35474
35495
35503
35539
35605
35686
35733
35737
35769
35793
35859
35872
35873
35926
35968
36011
36052
36090
36191
36283
36592
36818
36833
36842
36861
36862
36893
36999
37006
37027
37060
37200
37230
37248
37418
37465
37603
37638
37699
37781
37795
37805
38226
38243
38346
38366
38399
38459
38479
38493
38592
38603
38685
38738
38761
38779
38806
38891
39066
39087
39099
39245
39275
39324
39346
39352
39395
39424
39508
39567
39610
39618
39630
39656
39659
39762
39831
39978
40016
40043
40066
40176
40207
40230
40350
40415
40456
40574
40900
41035
41076
41169
41196
41325
41330
41382
41472
41521
41741
41796
41874
41901
42200
42203
42452
42466
42585
42684
42732
42765
42768
42933
42946
43057
43072
43147
43196
43270
43305
43354
43406
43454
43483
43487
43509
43594
43693
43715
43718
43740
43815
44041
44142
44193
44201
44250
44533
44585
44616
44647
44693
44795
44824
44947
44972
45005
45056
45101
45182
45256
45305
45529
45566
45585
45658
45670
45707
45714
45732
45753
45790
45829
45845
45847
45866
45884
45950
45956
46013
46026
46052
46053
46088
46126
46224
46254
46262
46338
46399
46560
46756
46780
46860
46871
47171
47192
47364
47426
47435
47555
47625
47661
47778
47802
47965
47979
48098
48177
48323
48338
48523
48567
48684
48735
48739
48744
48819
48868
48881
48893
48994
48997
48998
49031
49040
49098
49248
49364
49575
49580
49608
49634
49677
49723
49787
49953
50076
50099
50504
50582
50681
50852
50871
51101
51192
51193
51216
51301
51302
51342
51405
51416
51460
51469
51486
51527
51545
51577
51603
51744
51795
51862
51868
52018
52019
52152
52178
52185
52264
52493
52515
52654
52725
52942
52967
53040
53085
53125
53133
53176
53253
53350
53374
53508
53536
53597
53672
53768
53779
53840
53844
53878
54001
54152
54237
54263
54278
54384
54431
54600
54664
54714
54859
54886
55003
55038
55049
55224
55251
55312
55365
55384
55456
55553
55639
55723
55739
55805
55883
55944
55971
56041
56140
56172
56239
56384
56434
56738
56779
56920
56925
56943
56949
57051
57064
57111
57122
57156
57201
57229
57233
57253
57411
57460
57487
57512
57517
57651
57660
57758
57794
57873
57881
58144
58168
58212
58366
58397
58540
58653
58691
58737
58807
58815
58847
58901
58935
59016
59064
59082
59086
59204
59222
59329
59349
59362
59410
59433
59454
59511
59571
59691
59760
59806
59887
59920
59982
59998
60190
60242
60283
60394
60395
60435
60618
60671
60676
60684
60777
60846
61038
61361
61431
61479
61744
61781
61967
62047
62057
62179
62200
62269
62351
62423
62452
62453
62502
62557
62568
62578
62808
62810
62997
63034
63119
63222
63386
63422
63494
63755
63885
63903
63910
64023
64055
64185
64460
64467
64599
64608
64651
64678
64684
64704
64784
64916
64926
64965
65021
65025
65043
65067
65142
65362
65396
65430
65450
65471
65493
65526
65619
65724
65777
65806
65827
65904
65924
65928
65937
65995
66100
66329
66381
66455
66488
66504
66547
66710
66762
67064
67112
67149
67279
67288
67356
67447
67489
67533
67547
67627
67722
67757
67773
67892
67916
67949
68131
68230
68304
68376
68479
68711
68929
69000
69015
69104
69154
69181
69207
69264
69303
69424
69504
69566
69697
69743
69888
69916
70175
70197
70337
70346
70371
70401
70463
70478
70484
70507
70529
70625
70743
70760
70820
70827
70936
71126
71183
71185
71218
71481
71767
71805
71830
71857
71921
71943
72062
72150
72152
72256
72257
72314
72348
72415
72674
72746
72755
72940
72968
73152
73194
73205
73503
73775
73828
73923
73951
73966
74043
74162
74291
74298
74553
74612
74730
74895
74959
75035
75108
75267
75469
75473
75499
75622
75661
75662
75701
75879
75881
76102
76299
76404
76466
76776
76868
76952
76980
77012
77120
77263
77268
77365
77635
77796
77892
77930
77961
77999
78018
78112
78132
78194
78256
78285
78323
78355
78514
78720
78732
78766
78911
78929
78971
79156
79211
79227
79304
79375
79405
79515
79610
79627
79650
79694
79749
79946
79965
80160
80255
80338
80395
80549
80697
80798
80867
80892
80954
80975
81316
81348
81476
81527
81855
81908
82092
82094
82116
82311
82432
82519
82520
82568
82653
82672
82702
82747
82885
82891
83212
83219
83462
83486
83506
83567
83879
83918
83921
84014
84079
84135
84222
84445
84508
84595
84609
84673
84801
84974
85031
85105
85123
85214
85236
85248
85288
85314
85317
85522
85578
85583
85616
85617
85624
85773
85802
86105
86199
86258
86286
86425
86534
86570
86635
86724
86780
86912
87157
87221
87543
87578
87784
87956
87995
88072
88094
88466
88554
88635
88639
88673
88694
88898
88995
89041
89068
89102
89130
89152
89326
89426
89464
89515
89534
89610
89799
89858
89932
90106
90128
90143
90307
90624
90629
90830
90833
91045
91102
91159
91340
91424
91438
91451
91635
91655
91690
91866
91905
91924
91953
91954
92016
92222
92311
92423
92520
92544
92713
92775
92824
92849
92895
93062
93114
93186
93207
93336
93339
93426
93520
93604
93633
93785
93788
94178
94181
94195
94356
94393
94631
94639
94830
94904
95069
95104
95202
95319
95539
95582
95700
150457
151499
152096
152927
155119
157243
158492
160790
161847
163144
163715
168245
169088
169629
170584
171458
172044
172113
173775
175543
182756
185677
188331
190395
191737
193465
194666
195870
198883
201159
201916
207404
209311
212582
213596
215617
217331
219055
220582
221092
221684
221731
222017
224535
225320
225347
228820
233233
233671
235476
236791
238448
240627
241853
243394
243816
109
127
138
228
229
237
243
910
1180
1207
1336
1355
1388
1567
1585
1636
1819
1986
2042
2613
2709
2750
2917
3182
3205
3547
3675
3705
3803
3867
4340
4495
4633
4684
4789
4822
4940
4953
5753
5862
6097
6140
6317
6535
6544
6665
6776
6872
7039
7124
7165
7173
7299
7512
7554
7564
7613
7823
7989
8350
8485
8605
8632
8857
9018
9088
9156
9217
9360
9443
9847
9874
9972
10022
10170
10265
10317
10347
10366
10430
10591
11016
11239
11298
11672
11706
11709
11824
11964
12070
12081
12169
12267
12354
12406
12420
12422
12714
12766
12827
12888
12926
13202
13227
13373
13541
13562
13578
13585
13920
14000
14080
14362
14462
14497
14731
14750
14866
14927
14962
15389
15486
15620
15897
16407
16481
16502
16580
16720
16777
16888
17152
17262
17265
17273
17551
17584
17924
18023
18024
18128
18225
18239
18343
18407
18519
18599
18786
18899
18926
19038
19063
19099
19107
19182
19206
19238
19593
19596
19771
19879
20031
20318
20376
20650
20761
20892
21085
21092
21172
21204
21218
21292
21420
21533
21615
21680
21699
21726
21778
21822
22381
22448
22465
22582
22659
22724
22780
23008
23345
23411
23412
23479
23575
23675
23680
23721
23860
23925
24206
24341
24356
24436
24478
24856
25124
25149
25207
25314
25334
25723
25931
25964
26179
26194
26207
26228
26521
26537
26634
26807
26837
26867
26951
27196
27211
27262
27372
27385
27741
27753
28036
28236
28441
28636
28727
28821
28822
28842
28895
29177
29210
29263
29280
29350
29408
29720
29730
29770
29928
30018
30118
30323
30383
30582
30597
30896
30924
31011
31223
31262
31271
31288
31363
31438
31487
31596
31598
31882
32058
32143
32162
32245
32330
32379
32477
32590
32658
32745
33003
33239
33337
33691
33930
34034
34059
34252
34257
34294
34386
34410
34757
35009
35084
35427
35809
35843
35911
36079
36275
36280
36474
36500
36527
36569
36606
36723
36828
37061
37267
37327
37398
37621
37758
37809
37908
37916
38027
38245
38283
38369
38589
38695
38760
38817
38824
38920
39147
39186
39378
39909
40120
40130
40400
40719
40996
41229
41352
41376
41384
41532
41807
41920
42068
42069
42241
42306
42391
42400
42538
42772
42896
43178
43685
43692
43703
43836
43960
44079
44099
44119
44173
44222
44260
44394
44590
44662
44768
44810
45044
45151
45531
45591
45642
45654
45680
45715
45853
45967
46155
46177
46298
46326
46473
46526
46591
46634
46762
46952
47482
47971
48025
48030
48034
48135
48172
48430
48658
48728
49024
49075
49083
49262
49267
49276
49292
49329
49398
49563
49693
49729
50170
50229
50291
50570
50700
50707
50736
50781
50826
50848
50861
50897
50993
50998
51035
51384
51395
51488
51762
51794
51814
51993
52006
52067
52158
52285
52411
52448
52462
52597
52662
53100
53166
53358
53475
53618
53773
53836
54018
54032
54140
54155
54246
54497
54518
54563
54608
54902
54923
55106
55528
55604
56045
56142
56339
56525
56561
56670
57019
57200
57547
57619
57627
57810
57976
57990
58016
58898
58965
59007
59284
59317
59515
59770
59799
59922
59964
60033
60037
60408
60602
60609
60629
60698
60748
60883
60950
60988
61003
61337
61409
61635
62185
62359
62369
62549
62631
62658
62701
62988
63062
63337
63577
64034
64102
64209
64586
64597
64778
64838
65041
65092
65139
65681
65821
65864
66240
66244
66306
66374
66524
67211
67531
67548
68307
68568
68786
69095
69163
69343
69449
69472
69558
69661
70161
70193
70229
70551
70773
70853
70879
71088
71118
71182
71297
71440
71652
72155
72519
72751
72772
72958
72983
72987
73058
73532
73868
74037
74201
74587
74626
74936
75012
75232
75275
75604
75672
75711
75855
75918
76026
76235
76707
76836
76842
76941
76951
77258
77294
77309
77379
77771
77864
77972
78219
78406
78440
78515
78572
78638
79483
79578
79665
79710
79726
79740
79885
80071
80107
80163
80472
80618
80625
81054
81087
81233
81422
81474
81519
81558
81665
81811
81866
81988
82531
82563
82693
82782
82868
82956
82978
83223
83267
83322
83662
83739
84106
84257
84408
84655
84722
84749
84766
84796
84878
84954
85378
85643
86433
86505
86560
86573
87171
87179
87443
87565
87604
87890
88121
88157
88515
88637
88932
89160
89445
89635
89710
89798
89836
89909
89927
90026
90100
90127
90349
90558
90735
91052
91235
91346
91467
91821
91939
92085
92090
92737
92927
93000
93437
93777
93778
93827
93842
94104
94684
94710
95116
95554
95556
161361
161398
164106
171544
177754
178907
191911
196260
196872
206882
208861
216893
234716
112
117
239
792
858
954
1155
1329
1600
1601
1633
1668
1712
2024
2181
2221
2718
2773
2866
3037
3084
3410
3448
3485
3859
3941
3971
4070
4159
4398
4458
4500
4506
4519
4836
4864
4870
4982
5066
5087
5093
5120
5470
5724
5796
5856
5919
5966
6091
6262
6296
6309
6335
6439
6541
6654
6748
6800
7312
7446
7579
7590
7619
7676
7686
7746
8002
8126
8134
8271
8320
8333
8527
8531
8692
8849
9072
9165
9269
9353
9371
9388
9422
9503
9556
10368
10417
10918
10948
10991
11182
11231
11288
11628
11894
11899
12005
12067
12259
12315
12357
12393
12418
12710
12801
12821
12896
12898
12966
12991
13023
13175
13350
13581
13616
13694
13811
13881
13894
14153
14202
14243
14248
14394
14439
14605
14646
14662
14722
14732
14795
14901
14916
15018
15045
15086
15100
15287
15360
15476
15532
15536
15557
15664
15768
15789
15794
15839
15929
16422
16443
16886
17070
17085
17212
17398
17474
17632
17651
17714
17734
17848
17944
17953
18185
18316
18551
18707
18933
19329
19511
19763
19988
20146
20280
20592
20659
20693
20754
20920
21026
21689
21738
21812
21958
22050
22059
22217
22225
22307
22349
22350
22380
22560
22649
22705
22748
22791
22878
22893
22906
23114
23134
23294
23391
23595
23614
23650
23753
23763
23806
23908
24026
24040
24229
24255
24384
24399
24451
24582
24735
24782
24816
24936
24955
24999
25077
25079
25103
25225
25226
25253
25267
25424
25555
25642
25646
25695
25782
25831
25960
26172
26183
26197
26306
26358
26487
26524
26583
26618
26644
26759
27253
27450
27629
27648
27879
27912
27997
28063
28298
28323
28326
28401
28426
28440
28469
28556
28628
28677
28794
29070
29090
29127
29282
29415
29470
29571
29596
29804
29838
29988
30090
30389
30436
30841
30847
30855
31022
31157
31211
31231
31236
31264
31544
31550
31690
31706
31802
31921
31932
32352
32434
32440
32596
32629
32685
32786
32850
32862
32982
33017
33021
33199
33217
33331
33430
33525
33590
33651
33664
33813
33840
33979
34058
34230
34253
34362
34391
34535
34541
34795
35136
35240
35264
35294
35471
35482
35537
35573
35694
35788
36117
36187
36449
36478
36491
36641
36717
36824
36938
36951
37016
37020
37048
37081
37156
37303
37436
37499
37713
37718
37726
37735
37860
37892
37902
37961
38113
38116
38228
38374
38430
38491
38585
38797
38812
38814
38843
38943
38982
39076
39262
39280
39381
39385
39460
39661
39726
39760
39792
39876
39879
39952
40359
40416
40424
40475
40610
40833
40849
41135
41195
41317
41578
42018
42020
42026
42065
42198
42514
42564
42662
42926
42991
43203
43333
43345
43433
43449
43508
43647
43662
43861
43931
44220
44245
44351
44447
44507
44681
44940
45140
45247
45425
45429
45498
45838
45920
46029
46287
46349
46630
46704
46718
46826
46882
47218
47277
47324
47442
47445
47478
47485
47697
47920
48187
48461
48802
48805
49007
49101
49203
49279
49553
49607
49715
49790
49874
49895
50073
50194
50263
50276
50278
50494
50515
50547
50634
50809
50860
51000
51133
51334
51365
51497
51591
51716
51834
51953
51964
52106
52230
52238
52278
52281
52392
52610
52707
52853
52855
52870
52876
52896
53004
53030
53102
53433
53527
53640
53663
53727
53754
53879
53971
54313
54323
54409
54449
54723
54757
54823
54894
55000
55024
55116
55256
55307
55370
55399
55406
55431
55516
55686
55848
55931
55948
56121
56130
56358
56555
56953
56977
57060
57151
57246
57292
57442
57761
57845
57889
58174
58176
58251
58389
58420
58473
58841
59128
59615
59685
59701
59882
59987
60159
60219
60418
60427
60433
60514
60557
60619
60647
60795
61117
61282
61411
61441
61453
61487
61741
61774
61779
61818
61865
61878
62072
62307
62618
62683
62691
62811
62957
63098
63170
63863
63905
63935
63982
64005
64157
64934
65030
65286
65341
65950
65973
65994
66057
66134
66167
66389
66517
66558
66668
66733
67212
67388
67854
67996
68036
68380
68422
68470
68534
68555
68652
68681
68783
69167
69438
69464
69563
70046
70289
70380
70544
70546
70888
70932
71026
71187
71217
71464
71471
71507
71888
72008
72022
72204
72399
72419
72640
73129
73573
73660
74361
74383
74477
74504
74614
74830
75042
75230
75425
75457
75507
75629
75930
76101
76144
76165
76203
76271
76300
76353
76385
76504
76606
76641
76806
77290
77538
77879
77952
78043
78134
78143
78286
78320
78425
78492
78542
78827
78938
79243
79245
79531
79661
80138
80295
80446
80711
80747
80890
81026
81160
81275
81414
81497
81615
81673
81886
82038
82067
82368
82674
82729
82819
82846
82959
83312
83516
83599
83765
84197
84199
84244
84399
84770
84815
84944
85495
85505
85729
85740
85750
85978
86245
86491
86518
86546
86587
86608
86636
86750
87241
87410
87624
87965
87967
88279
88304
88584
88733
88797
88909
88988
89014
89320
89768
89845
89850
90027
90260
90394
91133
91356
91627
91673
92010
92133
92673
92725
92732
92829
92942
92982
93137
93300
93364
93459
93461
93764
94002
94076
94112
94160
94329
94381
94433
94534
94726
94885
95461
95651
96339
180700
193930
197389
203742
205166
206253
233737
238423
240705
241858
244845
121
159
224
225
240
244
422
666
861
1016
1075
1084
1096
1166
1227
1309
1460
1499
1513
1516
1616
1839
2102
2125
2146
2178
2310
2687
2707
2757
2761
2891
3027
3066
3148
3189
3344
3346
3383
3389
3630
3632
3784
3821
3937
4090
4099
4150
4498
4529
4538
4676
4742
4837
4858
4914
4919
4959
5043
5505
5551
5577
5805
6058
6067
6216
6349
6370
6584
6623
6650
6658
6684
6855
6871
6919
7220
7280
7325
7366
7399
7420
7473
7531
7597
7804
7906
7933
8133
8141
8215
8236
8291
8308
8309
8342
8449
8459
8460
8555
8558
8564
8648
8701
8743
8780
8814
8847
9025
9041
9106
9139
9230
9299
9383
9395
9436
9454
9606
9636
9747
9795
9878
9936
10063
10136
10138
10149
10164
10291
10402
10565
10581
10659
10666
10972
11033
11080
11186
11191
11492
11532
11552
11635
11651
11675
11761
11795
11860
12188
12241
12251
12472
12479
12549
12577
12728
12795
12804
12857
13029
13121
13126
13274
13293
13408
13416
13421
13588
13682
13760
13806
13882
13950
14088
14112
14114
14188
14324
14351
14374
14388
14406
14481
14626
14657
14812
14896
15001
15026
15066
15107
15238
15239
15267
15304
15413
15510
15583
15634
15646
15660
15692
15725
15863
15919
16023
16048
16096
16124
16404
16430
16610
16619
16696
16810
17224
17349
17358
17372
17470
17546
17586
17737
17902
17985
18204
18227
18393
18512
18547
18572
18670
18682
18721
18817
18896
18898
19113
19156
19263
19330
19360
19372
19503
19527
19613
19634
19649
19682
19754
19757
19896
20070
20275
20346
20552
20561
20634
20837
21013
21147
21148
21175
21233
21236
21308
21356
21367
21672
21677
21743
21919
21963
21974
21995
22044
22080
22084
22215
22263
22466
22677
22785
22800
22877
22941
22976
23003
23141
23184
23256
23262
23300
23354
23368
23415
23466
23468
23486
24021
24078
24148
24211
24250
24280
24310
24316
24353
24813
24900
25051
25086
25122
25178
25182
25301
25398
25481
25509
25785
25788
25962
25990
26345
26360
26412
26551
26645
26748
26765
27104
27178
27189
27391
27393
27471
27513
27517
27605
27677
27695
27794
27924
27933
27991
28003
28011
28102
28113
28118
28171
28349
28539
28700
28771
28825
28835
28875
28902
28988
29110
29113
29179
29204
29299
29327
29410
29416
29419
29439
29446
29562
29675
29771
29830
30037
30070
30157
30162
30183
30186
30205
30235
30258
30265
30381
30387
30460
30479
30635
30824
30910
30952
30959
31053
31077
31204
31685
31749
31858
31964
31980
32087
32116
32133
32138
32376
32487
32511
32546
32573
32682
32683
32785
32853
32869
32885
32955
33018
33231
33244
33318
33320
33403
33729
33758
33827
34001
34026
34204
34250
34259
34287
34314
34323
34490
34588
34603
34648
34726
34786
34871
34946
34979
35022
35039
35040
35111
35122
35171
35196
35230
35249
35251
35252
35372
35481
35649
35744
35795
35886
35934
35947
35962
36080
36349
36487
36547
36553
36591
36626
36639
36643
36693
36746
36909
36933
36943
37043
37073
37252
37299
37311
37382
37410
37696
37770
37778
37785
37830
37861
38324
38528
38533
38551
38604
38657
38689
38756
38780
38791
38816
38878
38945
38964
38978
39102
39137
39198
39267
39368
39387
39519
39527
39534
39616
39647
39671
39746
39751
39963
39997
40027
40085
40158
40257
40343
40444
40495
40545
40650
40664
40736
40815
40857
40884
40928
40934
41168
41402
41473
41491
41550
41751
41822
41860
41994
42021
42051
42085
42133
42225
42351
42352
42354
42425
42445
42490
42579
42651
42654
43077
43155
43569
43614
43687
43726
43799
43954
43977
44165
44208
44244
44282
44314
44433
44446
44515
44739
44760
44847
44849
44893
44988
45067
45106
45223
45300
45353
45528
45609
45776
45817
45832
45966
46247
46271
46316
46376
46424
46532
46728
47005
47063
47134
47309
47427
47502
47508
47765
47829
47918
48028
48117
48145
48222
48243
48310
48371
48403
48421
48468
48473
48775
48843
49029
49121
49208
49318
49369
49423
49539
49705
49917
49997
50084
50124
50161
50350
50394
50396
50413
50433
50438
50548
50621
50717
50790
50853
50902
50958
51017
51073
51081
51144
51316
51449
51467
51480
51489
51809
51896
51954
51990
52017
52174
52306
52341
52349
52426
52507
52573
52659
52784
52859
52955
53014
53132
53228
53361
53369
53432
53436
53499
53624
53882
53923
53927
53983
53989
54040
54184
54332
54372
54380
54412
54444
54467
54571
54695
54744
54996
55025
55043
55153
55395
55425
55523
55539
55609
55839
55964
55993
56028
56034
56128
56199
56240
56435
56608
56647
56652
56748
56774
56817
57009
57094
57146
57150
57419
57535
57552
57621
57722
57727
58128
58248
58309
58527
58609
58626
58695
58766
58806
58895
59161
59199
59219
59250
59361
59436
59533
59854
59869
59908
59915
59957
59993
59997
60102
60431
60485
60517
60583
60617
60694
60731
60829
60870
60942
61192
61294
61351
61478
61644
61686
61767
61862
61916
61956
62049
62456
62533
62746
62756
62760
62863
63032
63043
63051
63092
63094
63173
63189
63193
63198
63230
63236
63249
63250
63442
63456
63559
63569
63725
63882
63929
63963
64071
64239
64241
64259
64382
64458
64484
64724
64783
64951
65087
65147
65314
65367
65395
65792
66034
66172
66174
66265
66499
66605
66623
66730
67042
67126
67228
67273
67592
67601
67761
67764
67802
67902
67915
67931
68050
68086
68156
68253
68386
68430
68626
68700
68703
68745
68754
68772
68862
68966
69077
69184
69202
69354
69429
69486
69540
69882
69893
69957
70007
70078
70093
70112
70122
70388
70624
70812
70870
70886
70894
70959
70965
71107
71145
71360
71381
71515
71736
71866
71874
71924
72053
72138
72203
72243
72286
72291
72347
72349
72393
72859
73034
73107
73314
73399
73481
73507
73911
73931
74012
74062
74391
74442
74443
74708
74773
74843
74860
74970
75066
75070
75087
75151
75199
75221
75371
75493
75592
75825
75830
75838
75920
76018
76079
76234
76295
76358
76475
76673
77122
77202
77302
77352
77440
77605
77614
77673
77774
77850
77860
77912
77959
77978
77985
78028
78098
78210
78416
78418
78448
78458
78547
78559
78599
78695
78706
78774
78816
78819
78840
78952
79044
79107
79115
79132
79258
79266
79477
79503
79592
79597
79655
79712
79840
79937
79947
80105
80464
80542
80669
80737
80952
80965
81034
81137
81210
81374
81483
81490
81515
81576
81827
82071
82616
82686
82699
82704
82785
82930
82955
82991
83045
83052
83082
83090
83443
83501
83620
83663
83683
83800
83991
84157
84164
84310
84425
84658
84717
84762
84932
85144
85367
85383
85666
85673
85735
85747
85831
85886
85975
86108
86122
86219
86354
86544
86577
86787
87166
87257
87272
87433
87526
87533
87668
87751
87779
87871
87899
87927
87997
88010
88132
88282
88477
88732
88953
89036
89078
89366
89410
89446
89471
89482
89531
89622
89724
89813
89871
89882
89954
90189
90537
90636
90926
90998
91020
91156
91162
91193
91315
91382
91384
91389
91486
91600
91710
91753
91975
92235
92241
92248
92288
92383
92689
92762
92782
92808
93021
93093
93370
93653
93729
93870
93888
93899
94110
94295
94323
94473
94701
94981
95229
95232
95242
95576
96746
97237
158617
159471
162855
163834
171073
174795
177355
182309
182605
185327
186846
188051
189108
189800
205838
208877
209213
212925
217741
223006
224268
227629
238876
241213
99
101
115
118
130
134
141
156
232
255
661
755
774
817
1013
1033
1216
1232
1239
1298
1529
1621
1629
1729
1768
1789
1915
1952
2051
2101
2391
2396
2415
2511
2558
2578
2611
2669
2811
2888
2979
3048
3170
3194
3292
3416
3452
3896
3900
3934
3951
3961
4014
4116
4419
4580
4606
4628
4659
4664
4714
4984
5068
5205
5209
5293
5429
5430
5585
5650
5709
5718
5762
5899
5905
5963
6111
6165
6201
6300
6329
6382
6401
6425
6580
6628
6683
6856
6921
6950
7003
7026
7119
7332
7491
7508
7569
7585
7651
7743
7755
7858
7874
7895
8069
8094
8108
8165
8234
8322
8332
8349
8353
8464
8493
8508
8643
8666
8691
8800
8813
9058
9294
9377
9545
9562
9564
9601
9627
9717
9805
9806
9856
9871
9883
9890
9897
9925
10040
10071
10087
10147
10175
10245
10284
10506
10742
10785
10854
10870
10974
10980
11059
11061
11085
11088
11102
11207
11322
11357
11371
11416
11499
11528
11633
11674
11696
11848
11926
12191
12381
12385
12390
12398
12456
12700
12706
12799
12826
12947
12950
12979
13128
13222
13289
13314
13353
13413
13563
13723
13762
13843
13999
14181
14287
14365
14402
14428
14489
14558
14592
14621
14681
14752
14755
14782
14851
14887
14940
14968
15067
15090
15095
15193
15204
15210
15340
15346
15356
15366
15560
15597
15654
15655
15733
15765
15778
15887
15939
16017
16082
16197
16294
16358
16425
16457
16473
16552
16556
16755
16789
16840
16860
17048
17078
17186
17233
17252
17258
17304
17326
17342
17540
17564
17613
17633
17635
17741
17766
17798
17908
18075
18110
18136
18200
18439
18476
18522
18524
18591
18619
18667
18888
18917
18935
18964
19085
19177
19192
19249
19368
19408
19412
19539
19544
19683
19730
19819
19890
19894
20009
20080
20082
20116
20138
20234
20276
20315
20384
20408
20433
20449
20457
20496
20497
20498
20597
20646
20807
20953
20972
20989
21016
21055
21105
21228
21232
21270
21277
21312
21349
21496
21497
21652
21683
21874
21915
21973
22001
22048
22182
22197
22233
22243
22309
22315
22326
22334
22348
22401
22514
22663
22857
22879
23006
23018
23137
23229
23383
23419
23445
23511
23644
23880
23916
24015
24034
24097
24121
24160
24168
24184
24190
24205
24281
24333
24383
24402
24465
24574
24583
24617
24629
24631
24641
24647
24698
24818
24831
24874
24878
24935
25065
25104
25161
25163
25248
25305
25451
25548
25553
25741
25758
25783
25810
25893
25896
26025
26168
26213
26240
26274
26316
26368
26429
26451
26517
26552
26627
26639
26738
26875
26932
27005
27162
27215
27305
27317
27344
27414
27495
27634
27661
27681
27720
27804
27846
27853
27881
27958
28035
28127
28153
28169
28234
28408
28458
28547
28624
28648
28659
28676
28788
28791
28909
28981
28986
28997
29009
29063
29068
29125
29267
29306
29450
29500
29506
29702
29760
29776
29780
29870
29950
29955
29995
30014
30106
30142
30184
30198
30214
30308
30340
30355
30466
30539
30634
30646
30649
30677
30679
30683
30718
30836
30891
30904
30922
30996
30997
31164
31206
31208
31339
31488
31507
31524
31540
31565
31616
31646
31649
31718
31733
31745
31888
31900
32084
32099
32140
32176
32193
32228
32230
32241
32270
32277
32284
32312
32378
32495
32549
32624
32719
32728
32834
32878
32884
32967
32985
33130
33224
33251
33421
33435
33441
33463
33467
33591
33647
33648
33649
33685
33747
33759
33825
34019
34182
34188
34191
34203
34276
34289
34352
34457
34470
34506
34555
34581
34587
34609
34639
34690
34708
34769
34831
34848
34855
34905
34943
35016
35046
35048
35057
35067
35110
35179
35194
35322
35364
35406
35511
35595
35606
35777
35818
35930
36027
36158
36197
36247
36269
36279
36301
36344
36373
36384
36410
36423
36433
36586
36627
36784
36798
36817
36882
36945
36984
37058
37202
37319
37339
37348
37377
37413
37455
37466
37482
37494
37543
37606
37625
37660
37690
37732
37823
37896
37911
37996
38003
38030
38031
38067
38129
38191
38208
38216
38259
38354
38397
38469
38531
38555
38564
38633
38648
38667
38810
38886
38922
38986
39013
39037
39113
39119
39182
39187
39204
39222
39329
39426
39436
39652
39689
39734
39756
39816
39919
40023
40024
40028
40103
40241
40490
40514
40587
40617
40696
40734
40837
40860
40946
40980
41088
41104
41111
41152
41171
41197
41293
41395
41464
41493
41687
41932
42160
42237
42270
42334
42336
42477
42499
42625
42827
42955
42964
43049
43181
43182
43217
43267
43329
43445
43480
43500
43524
43546
43638
43650
43724
43755
43832
43845
44028
44042
44410
44556
44858
44872
44959
45021
45085
45167
45222
45350
45402
45514
45522
45639
45643
45676
45719
45731
45822
45905
45999
46028
46113
46124
46211
46307
46420
46696
46768
46841
46872
46892
46992
47131
47133
47139
47154
47238
47249
47251
47265
47282
47350
47405
47473
47488
47492
47551
47601
47627
47812
47889
47902
47973
48047
48129
48180
48181
48297
48318
48332
48394
48490
48580
48628
48652
48655
48694
48773
48798
49320
49333
49487
49569
49663
49697
49708
49712
49773
49798
49928
49971
50019
50077
50083
50145
50248
50398
50407
50460
50583
50703
50746
50760
50767
50832
50889
50923
50936
50962
51042
51127
51187
51290
51324
51333
51404
51427
51464
51574
51598
51625
51770
51861
51913
51937
52007
52048
52062
52109
52294
52363
52379
52412
52422
52463
52549
52633
52634
52741
52753
53063
53109
53159
53231
53637
53638
53679
53722
53812
53871
53924
53937
53992
54095
54233
54255
54329
54395
54528
54551
54747
54848
54858
54978
55015
55032
55089
55114
55143
55320
55335
55387
55446
55471
55564
55634
55743
55816
55851
55860
55889
55923
55973
56060
56120
56166
56222
56266
56306
56330
56551
56823
56888
57048
57100
57110
57126
57148
57207
57227
57238
57289
57350
57405
57417
57468
57539
57545
57570
57623
57679
57698
57699
57756
57945
57986
58112
58146
58237
58247
58283
58362
58501
58539
58744
58814
58818
58843
58950
59140
59152
59190
59227
59288
59411
59507
59513
59606
60210
60226
60259
60267
60318
60401
60406
60413
60553
60560
60631
60702
60810
60869
61052
61205
61281
61331
61558
61568
61834
61885
61970
62035
62119
62141
62251
62284
62290
62335
62344
62346
62517
62563
62610
62634
62677
62685
62819
62881
62920
62963
62994
63068
63165
63286
63391
63397
63430
63476
63649
63658
63687
63799
63802
63806
63809
63816
63869
63888
63946
64004
64017
64057
64090
64127
64314
64345
64362
64446
64636
64688
64887
64971
65086
65109
65136
65194
65322
65356
65524
65547
65646
65702
65756
65786
65848
65884
65952
65990
66054
66138
66229
66338
66350
66404
66471
66496
66583
66590
66674
66758
66818
67121
67156
67287
67365
67541
67779
67807
67960
67966
68024
68274
68360
68395
68473
68507
68585
68648
68688
68706
68806
68873
68919
68923
68972
69050
69054
69072
69334
69361
69369
69375
69412
69431
69439
69452
69471
69567
69568
69649
69736
69805
69861
69920
69923
69993
70024
70075
70094
70137
70314
70495
70620
70672
70768
70778
70782
70821
70833
70841
70899
70927
71008
71110
71230
71240
71323
71349
71368
71380
71447
71512
71566
71927
71960
71970
72045
72210
72350
72409
72431
72605
72611
72637
72729
72813
72920
72938
72964
73032
73096
73167
73183
73264
73377
73544
73580
73638
73675
73707
73716
74034
74100
74116
74137
74386
74402
74420
74505
74641
74671
74697
74718
74821
74839
75079
75118
75200
75220
75227
75258
75331
75494
75519
75650
75835
75966
76226
76282
76428
76516
76542
76644
76711
76738
76757
76780
76918
76963
76966
77130
77235
77245
77265
77269
77292
77358
77405
77413
77420
77474
77564
77612
77710
77977
78096
78128
78196
78341
78363
78493
78570
78790
78851
78931
78997
79027
79098
79133
79152
79273
79286
79497
79575
79795
79893
79944
79968
80174
80425
80523
80531
80544
80570
80800
80898
81142
81411
81499
81522
81727
81828
81885
81936
82229
82318
82717
82915
82980
83004
83133
83166
83185
83226
83354
83457
83493
83521
83570
83608
83691
83793
83823
83943
84189
84302
84390
84422
84665
84721
84727
84745
84779
84901
85086
85210
85323
85339
85527
85723
85763
86034
86062
86097
86210
86403
86527
86655
86856
86909
86981
87088
87106
87308
87336
87382
87444
87476
87512
87673
87710
87725
87778
87841
87843
88128
88172
88198
88445
88601
88747
88829
88917
89008
89145
89212
89389
89422
89456
89597
89679
89729
90033
90093
90190
90229
90328
90341
90589
90651
90736
90843
90888
91130
91355
91458
91530
91546
91607
91810
91880
91952
91960
92082
92114
92180
92296
92370
92381
92561
92584
92659
92661
92706
92739
92813
92870
92950
92991
93046
93092
93177
93225
93430
93443
93767
94001
94047
94218
94259
94305
94347
94348
94428
94740
94879
94901
94929
94950
94967
95277
95462
95500
110257
149663
157677
157775
159582
161830
164509
171227
175726
177026
182874
189852
191241
193526
194179
196306
196349
196932
199841
199982
207862
208162
208811
214557
216059
216619
218218
218644
219373
221306
225588
226224
226276
226796
231158
234458
242609
106
116
129
142
169
373
399
468
649
705
909
983
1011
1036
1051
1168
1297
1337
1403
1594
1645
1725
1755
1863
1920
1976
2025
2041
2062
2087
2130
2175
2352
2409
2412
2422
2460
2498
2601
2636
2758
2776
2828
2834
2862
2963
3006
3014
3062
3097
3399
3411
3419
3483
3522
3543
3600
3617
3629
3649
3695
3739
3747
3748
3865
3998
4007
4043
4074
4086
4118
4132
4157
4298
4317
4318
4335
4412
4432
4454
4517
4600
4622
4645
4675
4683
4715
4717
4721
4725
4735
4793
4867
4934
4943
4972
4986
5006
5026
5083
5232
5269
5301
5397
5442
5446
5494
5537
5584
5680
5769
5907
5928
5958
5974
5988
5998
6079
6115
6152
6204
6210
6275
6315
6318
6362
6538
6540
6589
6706
6733
6756
6769
6788
6797
6867
6868
6882
6896
6910
6931
6998
7018
7140
7149
7194
7266
7271
7348
7432
7433
7447
7504
7517
7548
7648
7684
7712
7719
7750
7764
7798
7880
7957
8233
8237
8244
8289
8391
8392
8447
8501
8675
8717
8762
8810
8818
8899
8916
8941
8950
8966
9062
9083
9105
9124
9143
9181
9183
9188
9426
9449
9452
9489
9499
9514
9525
9713
9715
9748
9760
9812
9820
9877
9902
9926
9965
9975
9991
10017
10021
10059
10067
10082
10090
10139
10144
10305
10316
10337
10405
10528
10589
10611
10655
10697
10889
10902
10915
10954
10971
11014
11089
11095
11104
11130
11309
11356
11380
11391
11410
11546
11557
11642
11647
11700
11711
11726
11741
11852
11935
11948
11975
11994
12029
12033
12049
12095
12117
12230
12257
12494
12550
12554
12694
12723
12939
12969
13137
13198
13221
13237
13260
13344
13348
13362
13471
13512
13623
13638
13681
13713
13829
13860
13873
13886
13925
14023
14102
14151
14182
14183
14227
14358
14375
14382
14383
14451
14457
14517
14539
14544
14557
14678
14768
14775
14808
14819
14848
14864
14881
15020
15051
15155
15181
15219
15235
15359
15405
15410
15438
15469
15490
15555
15566
15587
15690
15706
15721
15831
15861
15878
15888
15909
15935
15941
15948
15965
15978
15991
16053
16102
16172
16217
16233
16331
16349
16409
16482
16486
16554
16616
16666
16678
16686
16830
16841
16878
16898
16945
16958
16965
16982
16998
17035
17042
17052
17087
17163
17237
17245
17246
17280
17318
17348
17427
17438
17442
17491
17500
17504
17542
17579
17582
17670
17767
17776
17801
17815
17837
17855
17870
17907
17910
17916
18057
18188
18263
18273
18319
18359
18378
18401
18456
18506
18592
18621
18680
18701
18795
18835
18840
18855
18923
18962
18966
18993
19005
19014
19051
19080
19094
19128
19137
19142
19228
19233
19294
19317
19382
19480
19520
19543
19585
19615
19627
19644
19661
19699
19753
19760
19838
19843
19875
19923
19951
19981
20035
20042
20053
20062
20087
20130
20208
20229
20240
20328
20352
20356
20386
20432
20518
20558
20757
20763
20775
20942
21017
21035
21041
21052
21141
21157
21163
21273
21290
21366
21370
21371
21372
21389
21417
21434
21481
21632
21641
21724
21729
21742
21809
21871
21881
21888
21992
22027
22039
22117
22127
22137
22227
22239
22297
22308
22322
22328
22379
22395
22406
22510
22528
22536
22729
22771
22794
22850
22861
22873
22931
22960
23059
23093
23234
23246
23322
23369
23374
23426
23516
23520
23546
23633
23678
23780
23783
23817
23914
23930
23934
23952
23961
24105
24226
24235
24322
24340
24387
24445
24565
24614
24636
24637
24642
24643
24661
24702
24716
24738
24744
24775
24810
24844
24907
24911
24914
24926
24931
24944
24977
25049
25094
25098
25190
25194
25260
25270
25273
25277
25338
25355
25391
25406
25519
25564
25597
25607
25622
25757
25772
25787
25805
25807
25943
25953
26024
26117
26239
26247
26262
26263
26275
26356
26425
26438
26458
26509
26636
26671
26698
26701
26737
26753
26770
26774
26799
26839
26859
26879
26895
26933
26957
27003
27009
27033
27040
27065
27069
27111
27171
27172
27210
27240
27277
27316
27337
27409
27412
27465
27469
27525
27528
27543
27558
27576
27591
27613
27619
27621
27631
27673
27767
27849
27967
28110
28149
28199
28211
28313
28321
28362
28398
28422
28425
28433
28514
28538
28567
28593
28633
28768
28812
28838
28845
28954
28979
28983
29133
29136
29159
29230
29244
29298
29357
29377
29442
29490
29493
29511
29561
29563
29564
29622
29654
29704
29731
29743
29775
29817
29827
29899
29980
30056
30119
30179
30187
30216
30221
30327
30349
30352
30405
30422
30430
30439
30522
30578
30611
30618
30625
30652
30727
30731
30748
30853
30937
30944
30954
30983
31072
31109
31129
31167
31210
31227
31241
31256
31272
31284
31302
31305
31352
31553
31556
31558
31581
31611
31652
31672
31673
31677
31744
31862
31868
31876
31885
31896
31957
31970
31974
31986
32031
32220
32235
32250
32269
32285
32294
32309
32360
32398
32424
32427
32460
32479
32482
32515
32531
32609
32612
32616
32626
32657
32665
32691
32702
32727
32750
32777
32809
32844
32891
32892
32905
32933
33027
33033
33070
33071
33095
33147
33164
33216
33230
33284
33287
33319
33366
33445
33466
33476
33517
33532
33570
33617
33738
33766
33775
33911
33972
33981
34011
34035
34044
34048
34062
34068
34072
34192
34232
34236
34281
34291
34356
34392
34435
34500
34545
34564
34686
34700
34722
34727
34768
34791
34794
34801
34808
34881
34906
34926
34997
34998
35006
35051
35054
35102
35174
35216
35238
35257
35281
35340
35355
35395
35436
35477
35493
35529
35713
35776
35801
35828
35840
35915
35942
36028
36030
36062
36105
36138
36164
36174
36207
36225
36254
36371
36395
36425
36446
36539
36612
36652
36770
36820
36841
36846
36900
36941
36958
37037
37044
37047
37068
37109
37142
37174
37197
37326
37333
37334
37350
37421
37527
37534
37542
37554
37659
37722
37774
37791
37801
37871
37907
37926
37932
37933
38026
38028
38126
38133
38220
38273
38323
38334
38443
38446
38511
38516
38583
38607
38699
38725
38740
38773
38777
38829
38872
38931
38938
38963
38965
38992
39018
39023
39031
39047
39061
39123
39139
39146
39152
39177
39228
39232
39375
39420
39445
39448
39478
39497
39524
39532
39543
39550
39556
39564
39607
39640
39653
39783
39785
39788
39823
39835
39889
39955
40002
40022
40050
40073
40182
40231
40272
40339
40351
40357
40360
40370
40386
40427
40436
40461
40499
40559
40579
40708
40773
40775
40790
40791
40821
40825
40920
40936
40974
40978
40983
41102
41131
41186
41190
41222
41302
41367
41494
41569
41579
41594
41619
41645
41649
41695
41711
41747
41763
41833
41850
41861
41869
41892
41937
41946
42001
42003
42006
42033
42062
42187
42208
42264
42303
42355
42471
42480
42524
42535
42589
42590
42638
42663
42679
42803
42843
42890
42954
43043
43075
43079
43121
43142
43146
43194
43220
43269
43287
43304
43397
43412
43429
43513
43548
43582
43717
43732
43838
43884
43897
43941
44025
44080
44112
44115
44122
44129
44227
44240
44268
44312
44370
44374
44386
44393
44401
44421
44493
44523
44595
44679
44754
44756
44827
44850
44856
44935
44950
45002
45007
45011
45081
45241
45274
45310
45502
45509
45516
45584
45601
45607
45620
45728
45807
45883
45885
45888
45916
45936
45953
45961
46019
46154
46156
46173
46206
46272
46290
46297
46323
46329
46335
46365
46379
46405
46491
46500
46524
46528
46574
46594
46636
46645
46665
46733
46767
46785
46847
46946
46965
47000
47007
47032
47099
47198
47202
47216
47219
47296
47379
47396
47407
47422
47448
47457
47459
47461
47649
47650
47655
47750
47793
47808
47862
47872
47984
47999
48000
48026
48070
48071
48074
48138
48158
48163
48221
48225
48227
48258
48324
48325
48366
48377
48382
48497
48509
48518
48542
48549
48576
48718
48751
48752
48757
48809
48877
48962
48970
49020
49034
49060
49148
49337
49377
49540
49595
49754
49806
49809
49880
49884
50024
50042
50067
50069
50114
50174
50216
50267
50323
50384
50386
50390
50397
50654
50661
50705
50743
50844
50854
50873
50904
50932
50940
50969
50984
51026
51033
51063
51074
51102
51142
51185
51228
51323
51353
51368
51370
51477
51487
51499
51509
51534
51689
51748
51800
51881
51932
52023
52039
52058
52094
52170
52193
52270
52317
52326
52343
52347
52373
52380
52396
52406
52471
52636
52661
52714
52828
52916
52932
52977
53024
53046
53084
53094
53248
53251
53265
53292
53323
53337
53339
53403
53427
53510
53526
53607
53631
53653
53710
53714
53718
53797
53823
53856
53886
53906
54006
54091
54092
54132
54135
54159
54189
54200
54223
54256
54312
54369
54386
54392
54440
54557
54559
54577
54639
54708
54879
54987
55021
55156
55214
55216
55231
55264
55269
55276
55278
55292
55317
55322
55410
55413
55468
55508
55519
55525
55550
55613
55646
55661
55681
55688
55748
55763
55852
55855
55906
55926
55984
56077
56113
56114
56134
56149
56216
56270
56317
56335
56346
56368
56453
56467
56478
56486
56507
56571
56611
56612
56626
56645
56697
56720
56759
56766
56771
56809
56822
56871
56898
56909
56944
57129
57161
57163
57168
57216
57234
57247
57255
57263
57311
57323
57341
57355
57388
57463
57566
57607
57617
57659
57674
57729
57815
57825
57835
57840
57904
57972
57988
58082
58085
58103
58197
58254
58300
58301
58306
58356
58478
58544
58669
58729
58861
58930
58975
59022
59040
59047
59066
59076
59232
59233
59265
59316
59320
59346
59421
59432
59474
59476
59547
59678
59699
59702
59713
59843
59874
59876
59883
59891
59916
59953
60039
60046
60071
60107
60244
60254
60288
60331
60352
60355
60378
60419
60445
60459
60465
60489
60568
60599
60799
60827
60891
60901
60919
60921
61021
61060
61084
61116
61126
61222
61261
61274
61342
61370
61406
61448
61496
61521
61528
61578
61730
61876
61898
61941
61966
62044
62092
62097
62130
62171
62253
62265
62272
62288
62306
62312
62337
62356
62667
62694
62724
62789
62814
62824
62825
62884
62930
62948
62969
63026
63145
63149
63169
63208
63232
63335
63406
63453
63468
63478
63495
63504
63557
63582
63596
63645
63662
63730
63770
63793
63832
63835
64009
64062
64073
64101
64145
64269
64351
64370
64522
64531
64547
64575
64663
64708
64721
64730
64752
64753
64758
64809
64867
64871
64948
65057
65065
65100
65125
65177
65337
65389
65413
65423
65444
65454
65480
65511
65514
65523
65630
65649
65657
65789
65814
65823
65894
65902
65915
66020
66026
66168
66263
66307
66314
66317
66323
66335
66358
66367
66373
66418
66419
66459
66486
66541
66571
66581
66586
66609
66680
66692
66753
66825
66880
66882
66890
66902
67065
67285
67389
67467
67537
67558
67600
67630
67724
67887
67897
67945
67968
68035
68055
68242
68396
68410
68414
68471
68509
68532
68559
68612
68720
68804
68875
68924
68969
68988
69079
69114
69282
69320
69388
69393
69395
69508
69528
69544
69628
69709
69772
69824
69828
69890
69937
69963
69983
70081
70098
70106
70145
70207
70243
70255
70318
70396
70427
70448
70505
70520
70547
70567
70596
70642
70680
70688
70758
70825
70923
70982
71031
71084
71091
71097
71127
71216
71238
71314
71377
71399
71460
71496
71505
71615
71685
71686
71789
71796
71800
71912
72057
72076
72111
72184
72253
72272
72276
72401
72474
72481
72488
72493
72496
72504
72527
72541
72583
72603
72622
72633
72680
72726
72792
72796
72915
72918
73051
73081
73140
73176
73178
73209
73212
73216
73445
73461
73501
73565
73624
73666
73732
73809
73825
73860
73913
73916
73963
74104
74145
74189
74202
74204
74206
74226
74236
74314
74508
74515
74550
74609
74620
74662
74689
74715
74788
74793
74804
74835
74894
74993
75025
75026
75032
75106
75143
75169
75196
75206
75219
75243
75245
75304
75307
75326
75370
75379
75400
75409
75478
75505
75584
75606
75703
75714
75833
75899
75932
75992
76048
76113
76176
76365
76491
76511
76574
76597
76650
76798
76807
76810
76852
76971
77228
77250
77380
77402
77446
77535
77590
77598
77621
77677
77737
77761
77816
77918
77948
78064
78106
78113
78148
78155
78163
78226
78275
78282
78352
78413
78419
78549
78560
78587
78711
78713
78813
78901
78909
78963
78994
79017
79024
79052
79054
79062
79084
79147
79218
79254
79259
79353
79407
79433
79439
79450
79504
79557
79615
79701
79756
79830
80039
80054
80073
80103
80197
80203
80246
80291
80314
80470
80505
80589
80609
80715
80785
80789
80852
81022
81032
81081
81119
81202
81259
81295
81362
81368
81513
81525
81592
81642
81689
81715
81719
81757
82099
82139
82234
82248
82297
82324
82464
82480
82513
82573
82615
82685
82712
82799
82808
82903
82905
82926
83011
83114
83123
83214
83264
83391
83392
83454
83520
83524
83775
83782
83853
84095
84142
84262
84272
84296
84364
84470
84473
84545
84612
84625
84634
84661
84691
84710
84746
84788
84818
84826
84846
84890
84919
84933
84976
85007
85028
85080
85154
85286
85347
85357
85404
85419
85439
85491
85529
85569
85623
85703
85739
85784
85864
85941
85994
86015
86077
86143
86184
86227
86270
86443
86463
86468
86522
86740
86767
86809
86825
86836
86870
87076
87174
87250
87256
87490
87528
87623
87639
87682
87703
87707
87719
87722
87748
87807
87811
87855
87883
87888
87923
87952
88017
88153
88182
88202
88227
88268
88379
88429
88504
88766
88770
88827
88879
88881
88923
88946
88960
88962
88965
89009
89050
89081
89107
89203
89247
89254
89382
89399
89495
89516
89519
89621
89897
89951
89982
89999
90096
90120
90273
90277
90309
90370
90405
90409
90464
90465
90493
90781
90790
90799
90824
90865
90872
90881
90900
90929
90942
90943
90966
90991
91026
91066
91136
91168
91266
91277
91311
91395
91501
91604
91666
91735
91758
91761
91823
91834
91871
91892
91908
91911
91989
92075
92130
92139
92146
92254
92382
92387
92429
92441
92448
92490
92524
92771
92818
92852
92943
92956
92959
93006
93088
93330
93464
93474
93580
93583
93801
93860
93984
93997
94050
94056
94068
94147
94247
94431
94459
94464
94554
94618
94680
94735
94747
94873
94948
94968
95038
95179
95193
95205
95207
95218
95259
95288
95308
95343
95396
95423
95509
95529
95641
95657
95665
95673
95750
95986
96053
96301
96311
96702
96752
96822
96838
148844
149837
152084
152127
153065
153495
154642
154845
155738
157047
157258
159103
159378
161371
161956
162084
163514
164289
164840
169056
169752
169760
171995
174548
177034
180522
181653
182924
183640
186260
187431
188335
189439
190857
193591
195397
195545
198241
198359
198857
199231
200217
200717
201388
201943
203073
203311
204155
205774
206366
208380
211536
213695
213982
218210
221544
221768
222542
222934
223614
224308
224716
226215
234145
234880
238092
238310
239724
239728
242401
246561
131
144
145
152
160
165
170
690
838
876
962
1023
1185
1256
1384
1486
1649
1703
1710
1731
1869
1903
2003
2023
2104
2105
2151
2230
2274
2296
2314
2347
2350
2436
2527
2591
2607
2633
2641
2693
2701
2722
2724
2727
2740
2755
2760
2810
2916
2919
3029
3031
3100
3116
3121
3142
3266
3279
3329
3432
3657
3664
3700
3709
3731
3767
3823
3851
3852
3872
3904
3909
3948
3966
3987
4008
4053
4130
4135
4155
4167
4266
4287
4296
4311
4321
4347
4357
4372
4385
4397
4428
4436
4464
4491
4547
4552
4554
4591
4634
4698
4784
4788
4795
4910
4921
5094
5102
5108
5114
5123
5166
5172
5184
5191
5195
5239
5260
5266
5276
5321
5325
5341
5476
5498
5512
5520
5596
5623
5644
5656
5665
5690
5713
5729
5739
5747
5783
5784
5815
5849
5913
5930
5992
6035
6049
6098
6104
6128
6135
6156
6200
6252
6265
6273
6332
6352
6358
6399
6400
6410
6445
6449
6464
6471
6492
6528
6529
6559
6567
6588
6598
6603
6624
6630
6638
6655
6661
6668
6693
6723
6752
6771
6783
6818
6845
6854
6887
6913
6958
7009
7037
7086
7169
7209
7236
7243
7277
7303
7327
7349
7362
7367
7373
7375
7411
7467
7487
7507
7509
7516
7518
7553
7611
7657
7670
7674
7713
7717
7727
7747
7779
7796
7850
7851
7877
7901
7963
8004
8062
8066
8071
8100
8113
8137
8140
8170
8178
8186
8192
8194
8235
8254
8260
8304
8305
8360
8371
8372
8375
8377
8417
8432
8435
8490
8502
8514
8568
8584
8586
8593
8622
8640
8651
8664
8682
8697
8724
8777
8803
8835
8912
8918
8999
9006
9016
9031
9049
9113
9120
9135
9157
9164
9204
9216
9245
9289
9309
9313
9315
9340
9342
9347
9348
9355
9368
9407
9527
9541
9573
9580
9594
9607
9625
9630
9632
9650
9708
9736
9753
9756
9763
9778
9804
9811
9860
9904
9905
9941
9950
10004
10038
10091
10120
10157
10212
10230
10437
10440
10456
10493
10500
10517
10529
10531
10532
10558
10563
10587
10605
10619
10627
10690
10707
10720
10760
10767
10770
10781
10818
10827
10852
10881
10905
10929
10941
10952
10962
11011
11099
11137
11151
11154
11175
11184
11230
11235
11251
11257
11278
11285
11334
11365
11374
11379
11404
11420
11422
11424
11430
11476
11527
11548
11578
11583
11597
11608
11620
11624
11643
11645
11660
11678
11679
11681
11699
11801
11815
11831
11833
11845
11920
11923
11944
11952
11968
11973
11997
12015
12030
12035
12056
12060
12073
12125
12154
12163
12176
12214
12226
12229
12260
12295
12327
12336
12345
12376
12387
12401
12426
12429
12444
12511
12517
12520
12541
12542
12562
12579
12637
12643
12644
12683
12693
12708
12712
12724
12731
12738
12747
12781
12791
12816
12824
12853
12871
12885
12923
12959
12982
12988
13099
13115
13182
13191
13208
13220
13244
13288
13358
13367
13388
13400
13410
13419
13451
13476
13489
13490
13519
13567
13571
13586
13599
13639
13689
13691
13705
13722
13789
13800
13803
13842
13848
13850
13856
13865
13915
13972
13993
14013
14047
14072
14089
14091
14110
14115
14137
14141
14148
14168
14191
14216
14262
14277
14320
14348
14349
14413
14437
14493
14495
14499
14551
14576
14581
14583
14609
14618
14634
14659
14759
14770
14774
14825
14846
14867
14884
14898
14912
14915
14918
14938
14945
14961
14964
15022
15039
15042
15055
15064
15071
15117
15125
15126
15128
15157
15230
15274
15295
15302
15311
15371
15386
15423
15436
15445
15448
15456
15477
15485
15528
15535
15539
15592
15608
15633
15638
15659
15670
15683
15716
15719
15735
15777
15787
15864
15868
15883
15885
15921
15938
15979
15987
16019
16089
16103
16105
16133
16142
16143
16147
16180
16200
16225
16230
16293
16308
16313
16330
16337
16403
16416
16429
16438
16448
16449
16506
16577
16578
16582
16586
16617
16632
16664
16692
16697
16740
16746
16762
16767
16816
16896
16909
16915
16929
16937
16976
17073
17075
17097
17143
17144
17146
17198
17206
17295
17309
17321
17355
17368
17501
17614
17699
17705
17711
17765
17781
17791
17873
17913
17925
17936
18043
18063
18073
18090
18142
18145
18148
18151
18179
18202
18224
18230
18277
18288
18302
18315
18324
18332
18371
18391
18397
18409
18450
18452
18454
18473
18505
18510
18530
18575
18595
18596
18600
18631
18642
18653
18703
18752
18785
18789
18797
18798
18862
18883
18918
18928
18965
18985
19008
19022
19035
19045
19047
19061
19067
19068
19083
19167
19217
19227
19288
19291
19313
19320
19342
19345
19374
19376
19378
19379
19386
19415
19422
19425
19429
19487
19499
19516
19552
19589
19622
19676
19690
19830
19831
19845
19849
19883
19904
19908
19920
19934
19939
19987
20001
20014
20051
20064
20086
20096
20107
20108
20120
20131
20151
20178
20196
20237
20265
20268
20297
20316
20322
20337
20350
20360
20388
20389
20393
20415
20421
20435
20464
20469
20487
20504
20523
20534
20545
20565
20573
20577
20616
20623
20631
20666
20696
20702
20724
20732
20805
20833
20844
20882
20906
20932
20937
20964
20965
20968
20995
21031
21069
21089
21097
21100
21122
21168
21177
21203
21211
21216
21217
21225
21240
21284
21289
21316
21368
21374
21403
21423
21428
21456
21471
21478
21491
21502
21507
21515
21517
21530
21542
21555
21566
21589
21607
21667
21676
21678
21690
21755
21767
21790
21854
21867
21936
21938
21965
21987
21991
22002
22061
22086
22101
22103
22136
22143
22165
22222
22256
22265
22280
22343
22353
22354
22391
22407
22422
22432
22450
22473
22479
22480
22483
22501
22507
22522
22544
22546
22564
22584
22622
22630
22640
22641
22644
22650
22662
22672
22685
22692
22695
22707
22710
22730
22796
22799
22809
22833
22839
22858
22868
22901
22904
22911
22992
23026
23072
23103
23108
23196
23219
23239
23260
23261
23264
23275
23335
23350
23361
23362
23381
23382
23418
23423
23439
23444
23455
23478
23482
23489
23509
23527
23532
23577
23583
23597
23601
23603
23616
23628
23657
23670
23729
23733
23739
23741
23792
23853
23885
23906
23938
23949
23953
23976
24007
24013
24023
24041
24063
24066
24069
24071
24077
24119
24136
24143
24156
24178
24187
24192
24193
24221
24227
24246
24247
24253
24261
24265
24319
24324
24369
24381
24447
24486
24487
24490
24493
24521
24548
24567
24578
24604
24657
24687
24723
24786
24800
24811
24817
24822
24858
24860
24861
24884
24917
24942
24946
24964
25036
25043
25085
25120
25129
25140
25142
25186
25201
25202
25203
25269
25282
25349
25370
25382
25400
25418
25462
25464
25480
25562
25572
25577
25586
25680
25704
25714
25737
25745
25754
25802
25826
25837
25872
25877
25933
25940
25979
26007
26047
26055
26104
26114
26164
26186
26193
26196
26248
26266
26287
26325
26340
26342
26365
26396
26439
26446
26491
26503
26529
26536
26538
26550
26556
26610
26614
26617
26710
26720
26745
26746
26749
26758
26779
26781
26786
26811
26861
26877
26943
26977
26986
27030
27032
27038
27062
27063
27087
27097
27120
27180
27198
27199
27225
27230
27243
27265
27272
27275
27286
27288
27291
27295
27312
27318
27330
27353
27371
27373
27401
27411
27428
27456
27459
27479
27501
27562
27563
27568
27588
27635
27640
27652
27671
27688
27694
27710
27721
27763
27766
27770
27778
27786
27788
27884
27913
27946
27968
27992
28042
28055
28058
28141
28143
28183
28195
28262
28266
28281
28300
28357
28390
28395
28403
28407
28498
28502
28526
28536
28537
28540
28563
28579
28585
28635
28651
28658
28687
28688
28697
28702
28778
28799
28800
28872
28885
28961
29005
29029
29038
29040
29052
29074
29120
29144
29189
29233
29237
29249
29253
29300
29301
29339
29351
29359
29388
29399
29414
29425
29430
29462
29481
29518
29570
29575
29615
29619
29629
29670
29678
29694
29728
29778
29791
29792
29808
29811
29815
29822
29843
29880
29893
29908
29927
29931
29935
29938
29973
29982
29998
30007
30016
30019
30043
30046
30087
30094
30139
30160
30180
30190
30204
30209
30253
30254
30285
30290
30293
30296
30303
30313
30336
30347
30363
30404
30413
30415
30427
30442
30443
30462
30465
30483
30484
30502
30506
30507
30538
30567
30575
30601
30604
30606
30648
30653
30657
30660
30670
30674
30692
30722
30749
30761
30805
30814
30848
30871
30882
30899
30931
30957
31030
31037
31049
31061
31064
31065
31087
31091
31127
31137
31143
31189
31193
31195
31200
31220
31240
31242
31245
31249
31275
31300
31308
31327
31379
31380
31389
31422
31427
31451
31461
31464
31466
31484
31485
31510
31525
31534
31537
31569
31586
31604
31605
31612
31614
31624
31627
31709
31714
31765
31810
31815
31884
31906
31907
31975
32024
32048
32050
32055
32127
32171
32181
32201
32208
32210
32222
32242
32267
32406
32450
32456
32472
32498
32503
32512
32519
32532
32545
32557
32558
32565
32567
32571
32584
32588
32594
32599
32601
32611
32617
32640
32711
32721
32725
32752
32774
32795
32801
32829
32851
32854
32865
32894
32903
32917
32947
32953
32977
32994
33015
33026
33053
33062
33078
33085
33107
33108
33125
33140
33151
33158
33171
33211
33264
33276
33279
33294
33298
33311
33312
33386
33395
33426
33446
33492
33519
33522
33541
33552
33554
33556
33572
33621
33626
33631
33646
33658
33682
33714
33741
33746
33786
33816
33817
33845
33852
33854
33857
33865
33872
33875
33903
33914
33916
33957
33965
34018
34046
34047
34055
34073
34081
34123
34180
34221
34267
34299
34318
34330
34351
34375
34385
34399
34461
34482
34496
34504
34529
34596
34682
34703
34705
34706
34713
34724
34762
34809
34825
34856
34945
34990
34991
35017
35052
35065
35095
35109
35133
35158
35224
35235
35244
35269
35325
35349
35357
35361
35368
35373
35431
35437
35439
35445
35456
35485
35522
35553
35557
35591
35596
35608
35612
35623
35634
35636
35648
35650
35653
35693
35715
35734
35762
35768
35806
35946
35957
35969
35992
36000
36033
36034
36097
36127
36151
36155
36168
36199
36201
36210
36218
36296
36328
36332
36336
36352
36368
36385
36408
36424
36454
36472
36514
36538
36582
36601
36607
36608
36647
36671
36681
36695
36699
36709
36722
36742
36777
36801
36807
36827
36885
36923
36927
36980
36986
37022
37023
37045
37062
37108
37117
37149
37163
37213
37226
37237
37310
37329
37337
37351
37366
37397
37403
37443
37453
37549
37596
37627
37670
37672
37680
37689
37702
37760
37762
37768
37769
37782
37786
37797
37913
37928
37973
38011
38015
38019
38065
38070
38073
38091
38111
38120
38125
38141
38154
38158
38178
38184
38189
38233
38296
38298
38347
38357
38361
38377
38381
38456
38464
38470
38480
38494
38503
38557
38632
38653
38656
38669
38675
38704
38726
38733
38741
38863
38864
38869
38877
38883
38907
38911
38921
38936
38980
38983
38985
39024
39065
39075
39089
39128
39168
39172
39179
39181
39209
39237
39238
39239
39241
39257
39303
39313
39338
39365
39369
39384
39410
39416
39421
39428
39440
39472
39495
39496
39516
39602
39615
39621
39629
39655
39688
39710
39749
39782
39793
39836
39849
39970
39973
40015
40019
40059
40077
40093
40109
40111
40122
40155
40165
40174
40270
40311
40374
40398
40405
40438
40505
40511
40536
40539
40583
40590
40611
40638
40640
40648
40666
40671
40689
40716
40724
40795
40834
40851
40907
40911
40913
40914
40940
40979
41000
41047
41059
41063
41066
41067
41113
41127
41148
41194
41219
41255
41278
41354
41388
41413
41414
41469
41510
41523
41591
41599
41603
41616
41623
41630
41654
41667
41685
41698
41735
41739
41778
41786
41804
41906
41940
41948
41979
42005
42029
42035
42124
42125
42149
42153
42170
42217
42234
42246
42254
42290
42333
42346
42347
42363
42423
42432
42441
42453
42459
42470
42497
42527
42559
42592
42593
42630
42634
42635
42677
42689
42716
42720
42742
42788
42804
42842
42860
42899
42922
42948
42959
43022
43055
43078
43092
43131
43156
43157
43226
43233
43245
43266
43355
43411
43427
43428
43468
43520
43535
43563
43567
43589
43599
43636
43649
43654
43670
43676
43700
43745
43756
43766
43767
43826
43866
43887
43917
43923
43943
44003
44006
44009
44035
44061
44062
44118
44143
44144
44158
44163
44166
44184
44203
44213
44216
44237
44239
44253
44256
44257
44264
44265
44331
44336
44345
44367
44399
44400
44402
44416
44423
44439
44512
44552
44569
44575
44591
44598
44613
44639
44641
44689
44805
44811
44820
44821
44826
44897
44903
44917
44921
44965
44995
45040
45058
45115
45131
45168
45270
45282
45286
45334
45373
45393
45404
45406
45417
45428
45469
45488
45493
45499
45525
45538
45621
45624
45632
45633
45713
45730
45741
45754
45796
45828
45836
45903
45910
45934
45942
45946
45947
45998
46083
46091
46157
46168
46176
46186
46203
46238
46243
46251
46257
46264
46302
46309
46332
46336
46343
46347
46352
46378
46390
46396
46406
46434
46453
46469
46485
46493
46512
46525
46541
46556
46557
46599
46601
46632
46638
46649
46670
46731
46747
46794
46834
46835
46838
46862
46878
46894
46908
46944
46945
46951
46953
46990
46991
47038
47069
47075
47080
47091
47103
47108
47109
47115
47140
47141
47166
47182
47183
47185
47199
47206
47267
47292
47294
47299
47302
47325
47332
47339
47359
47368
47393
47441
47603
47605
47616
47651
47690
47695
47716
47729
47751
47797
47799
47822
47824
47837
47851
47855
47901
47915
47940
47942
47955
48005
48033
48040
48110
48144
48152
48156
48175
48179
48183
48220
48241
48260
48263
48312
48319
48330
48340
48351
48390
48439
48463
48465
48536
48571
48624
48631
48641
48668
48685
48698
48700
48704
48727
48738
48811
48832
48846
48849
48859
48865
48879
48886
48897
48909
48926
48937
48958
48967
48992
49008
49022
49065
49112
49189
49193
49222
49227
49240
49242
49284
49331
49338
49380
49387
49390
49401
49428
49430
49458
49459
49472
49476
49498
49552
49564
49570
49572
49658
49691
49702
49820
49823
49848
49889
49899
49906
49931
49954
49966
49994
50006
50054
50061
50079
50095
50167
50202
50210
50224
50339
50366
50385
50436
50462
50467
50511
50530
50662
50708
50712
50718
50724
50749
50761
50788
50794
50801
50842
50850
50960
51013
51094
51099
51104
51138
51148
51254
51287
51315
51328
51331
51355
51357
51361
51389
51415
51443
51461
51479
51483
51517
51526
51533
51569
51580
51583
51640
51674
51688
51950
51975
51985
51994
52004
52027
52055
52068
52092
52103
52139
52179
52194
52218
52225
52302
52352
52384
52404
52449
52450
52453
52472
52479
52488
52492
52513
52570
52589
52608
52685
52722
52723
52756
52767
52810
52819
52836
52850
52871
52888
52892
52910
52943
52951
52956
52971
53002
53010
53015
53042
53060
53098
53110
53126
53163
53187
53193
53235
53333
53394
53409
53440
53488
53518
53525
53562
53606
53615
53636
53649
53667
53700
53762
53809
53826
53833
53870
53880
53966
53982
54013
54048
54055
54093
54108
54115
54117
54129
54131
54161
54181
54197
54209
54231
54264
54266
54287
54327
54339
54362
54382
54400
54428
54558
54568
54570
54592
54625
54628
54649
54731
54756
54765
54791
54810
54821
54871
54877
54931
54940
54979
54988
55074
55103
55167
55201
55217
55233
55262
55308
55323
55343
55344
55421
55423
55440
55444
55454
55496
55506
55507
55513
55577
55610
55626
55644
55647
55651
55709
55747
55753
55775
55781
55803
55807
55811
55821
55869
55870
55911
55913
55940
55953
55959
55967
55985
56002
56005
56029
56055
56073
56122
56157
56163
56178
56183
56191
56231
56237
56244
56255
56260
56284
56328
56331
56336
56364
56483
56491
56501
56527
56565
56643
56664
56665
56684
56696
56707
56724
56728
56730
56769
56801
56818
56839
56872
56896
56899
56930
56941
56958
56970
56972
56993
57036
57050
57087
57115
57153
57183
57223
57230
57262
57309
57348
57352
57390
57394
57412
57413
57435
57436
57450
57454
57482
57509
57556
57596
57597
57675
57680
57696
57703
57711
57766
57797
57799
57836
57865
57868
57893
57931
57961
57965
58003
58036
58038
58044
58068
58161
58162
58164
58242
58270
58323
58335
58348
58425
58456
58462
58463
58467
58493
58497
58502
58515
58532
58533
58562
58572
58579
58606
58627
58634
58685
58694
58696
58764
58770
58788
58793
58819
58824
58829
58832
58862
58868
58873
58894
58929
58949
58981
58990
59012
59017
59037
59048
59049
59052
59059
59103
59115
59175
59196
59205
59220
59264
59282
59287
59308
59330
59355
59374
59380
59382
59388
59427
59448
59482
59484
59543
59590
59614
59640
59646
59670
59677
59734
59771
59781
59810
59856
59899
59956
59995
60002
60041
60085
60138
60151
60246
60273
60312
60314
60321
60325
60337
60359
60385
60397
60443
60516
60520
60523
60531
60544
60574
60623
60669
60683
60691
60734
60779
60797
60830
60839
60851
60857
60871
60937
60946
60967
60983
60991
60996
61013
61035
61053
61059
61062
61085
61092
61098
61107
61114
61124
61140
61190
61211
61243
61250
61254
61265
61295
61305
61307
61319
61343
61346
61354
61364
61374
61407
61435
61445
61449
61484
61535
61536
61553
61585
61607
61616
61649
61674
61709
61799
61822
61826
61870
61877
61879
61890
61891
61927
61944
61955
61988
61999
62041
62055
62189
62225
62234
62263
62268
62371
62377
62381
62382
62399
62411
62413
62463
62494
62532
62584
62586
62592
62633
62696
62719
62732
62735
62737
62739
62748
62768
62788
62790
62834
62840
62842
62862
62873
62877
62903
62940
62989
63015
63016
63042
63090
63107
63148
63151
63161
63174
63186
63187
63265
63274
63310
63321
63343
63352
63398
63399
63425
63477
63479
63522
63537
63543
63601
63616
63629
63659
63678
63681
63697
63714
63766
63786
63796
63858
63862
63896
63906
63932
63945
63979
63980
64060
64075
64120
64162
64181
64194
64201
64204
64283
64289
64303
64326
64333
64335
64346
64360
64395
64444
64462
64464
64483
64487
64616
64618
64622
64655
64662
64675
64689
64761
64768
64775
64832
64955
65062
65071
65118
65272
65368
65385
65390
65410
65414
65418
65531
65554
65598
65605
65621
65631
65639
65652
65662
65691
65696
65706
65708
65731
65773
65828
65844
65856
65862
65863
65883
65895
65930
65944
65977
65987
66037
66039
66061
66069
66072
66088
66181
66225
66246
66271
66319
66339
66362
66431
66446
66474
66490
66512
66533
66561
66640
66713
66719
66724
66746
66751
66775
66795
66799
66822
66835
66868
66939
66959
66993
67029
67034
67037
67061
67066
67083
67107
67129
67138
67152
67157
67164
67174
67205
67305
67306
67347
67373
67378
67393
67410
67422
67425
67455
67482
67516
67617
67663
67709
67721
67731
67766
67774
67786
67797
67838
67850
67863
67871
67886
67896
67913
67917
67935
67973
67983
68029
68113
68136
68192
68204
68222
68237
68262
68278
68337
68373
68402
68408
68447
68453
68465
68495
68560
68654
68657
68725
68733
68737
68752
68755
68765
68863
68866
68867
68912
68933
68950
69006
69041
69061
69084
69089
69117
69126
69136
69137
69142
69155
69157
69160
69208
69214
69299
69323
69357
69368
69376
69377
69413
69418
69434
69442
69451
69514
69549
69609
69615
69642
69644
69699
69703
69720
69730
69756
69759
69814
69827
69833
69834
69851
69878
69884
69926
70027
70053
70065
70072
70085
70114
70118
70126
70136
70182
70196
70220
70246
70248
70304
70494
70496
70502
70512
70536
70553
70561
70575
70582
70583
70604
70627
70691
70698
70736
70785
70794
70798
70848
70896
70908
70950
70953
70984
71029
71040
71042
71096
71102
71140
71150
71172
71204
71209
71243
71279
71291
71308
71326
71336
71367
71385
71386
71424
71436
71462
71466
71467
71482
71497
71545
71599
71616
71632
71655
71663
71674
71681
71701
71709
71727
71755
71952
71959
71964
71986
72026
72097
72114
72128
72149
72167
72190
72308
72325
72345
72443
72557
72561
72588
72639
72661
72670
72682
72717
72734
72775
72826
72830
72831
72840
72870
72878
72881
72896
72954
72975
72999
73005
73016
73018
73019
73048
73055
73067
73127
73135
73166
73193
73201
73226
73227
73273
73285
73315
73332
73387
73403
73416
73427
73535
73546
73566
73619
73667
73713
73719
73745
73755
73783
73807
73815
73830
73859
73861
73865
73883
73893
73901
73909
73922
73970
73990
73992
74039
74045
74046
74047
74050
74063
74089
74091
74094
74177
74208
74327
74404
74471
74484
74487
74489
74506
74569
74630
74695
74716
74736
74748
74807
74854
74870
74924
75010
75015
75060
75068
75103
75105
75110
75138
75188
75210
75222
75234
75259
75282
75395
75424
75428
75429
75432
75459
75475
75527
75558
75601
75646
75743
75778
75790
75792
75931
75955
75963
75964
75980
75983
75989
76031
76045
76053
76070
76080
76084
76100
76158
76159
76228
76258
76261
76305
76308
76319
76373
76424
76487
76521
76533
76560
76604
76615
76616
76624
76680
76756
76762
76786
76791
76795
76800
76835
76854
76884
76907
77011
77067
77167
77169
77193
77256
77271
77293
77344
77447
77476
77543
77613
77624
77626
77654
77674
77680
77699
77708
77725
77829
77887
77939
77953
77957
77970
78035
78054
78056
78060
78087
78105
78108
78245
78271
78328
78331
78332
78337
78367
78420
78473
78485
78554
78556
78576
78603
78636
78683
78773
78778
78785
78837
78860
78890
78898
78910
78919
78947
78955
78956
79021
79028
79037
79043
79049
79113
79174
79185
79212
79233
79239
79242
79294
79300
79301
79302
79307
79317
79323
79443
79470
79492
79525
79565
79664
79731
79755
79789
79801
79877
79918
79922
79972
79973
79988
80007
80055
80067
80109
80115
80123
80189
80193
80209
80218
80229
80277
80289
80336
80351
80379
80431
80487
80536
80565
80583
80619
80667
80688
80699
80732
80745
80797
80824
80836
80928
80949
80980
81035
81077
81100
81175
81185
81218
81231
81266
81276
81319
81325
81375
81429
81439
81446
81456
81477
81485
81547
81587
81636
81646
81672
81705
81783
81857
81921
81972
81989
82030
82145
82149
82193
82220
82227
82264
82290
82395
82426
82447
82496
82544
82546
82562
82687
82759
82832
82841
82900
82902
82907
82916
82937
82938
82951
82954
82966
82987
82990
83067
83084
83106
83126
83127
83131
83138
83188
83283
83336
83361
83393
83441
83468
83477
83481
83484
83509
83565
83582
83632
83712
83778
83797
83803
83824
83858
83867
83887
83889
83932
83934
83951
83971
83975
83977
83982
83986
84056
84110
84185
84225
84277
84301
84323
84357
84362
84397
84416
84443
84469
84474
84476
84485
84513
84533
84548
84589
84592
84660
84671
84682
84697
84698
84715
84718
84735
84784
84787
84789
84874
84875
84907
84948
84959
84964
84972
85008
85016
85045
85065
85164
85187
85249
85266
85284
85305
85353
85366
85429
85443
85488
85573
85605
85606
85612
85620
85632
85637
85657
85672
85681
85683
85690
85695
85799
85813
85827
85895
85898
85903
85912
85979
86016
86020
86080
86121
86134
86136
86145
86147
86151
86169
86201
86202
86274
86294
86313
86329
86364
86366
86370
86389
86400
86428
86448
86521
86538
86602
86610
86615
86630
86646
86697
86751
86756
86776
86811
86872
86902
86948
86967
86990
87059
87116
87173
87181
87190
87195
87242
87246
87268
87278
87311
87313
87339
87364
87400
87405
87417
87429
87432
87439
87464
87513
87562
87568
87584
87586
87641
87643
87695
87706
87757
87773
87795
87804
87829
87838
87867
87882
87886
87905
87922
87924
87953
87962
88043
88129
88185
88214
88218
88225
88331
88375
88395
88398
88405
88408
88428
88435
88519
88529
88544
88548
88617
88652
88679
88717
88744
88757
88784
88834
88876
88912
88939
88952
88956
88971
88989
88999
89013
89065
89225
89273
89293
89305
89368
89383
89398
89417
89472
89480
89484
89503
89538
89587
89596
89617
89636
89723
89726
89728
89731
89752
89787
89788
89854
89863
89865
89899
89916
89922
89926
89988
89997
90049
90053
90055
90095
90101
90108
90111
90122
90153
90227
90232
90236
90237
90253
90256
90268
90279
90290
90302
90323
90336
90337
90356
90358
90395
90399
90432
90440
90461
90463
90523
90555
90578
90612
90626
90654
90655
90671
90678
90684
90696
90713
90747
90788
90818
90950
90962
91030
91040
91114
91139
91155
91181
91255
91264
91313
91317
91417
91422
91464
91511
91518
91524
91535
91543
91563
91598
91614
91621
91665
91746
91751
91755
91766
91836
91840
91858
91914
91928
91937
92003
92006
92008
92013
92034
92056
92119
92156
92190
92194
92218
92267
92314
92316
92371
92379
92384
92404
92433
92481
92500
92525
92537
92585
92589
92594
92634
92667
92669
92711
92753
92839
92845
92972
92977
93007
93024
93055
93068
93085
93096
93115
93144
93154
93180
93184
93198
93217
93233
93260
93264
93338
93376
93386
93395
93418
93462
93472
93486
93495
93585
93602
93640
93651
93660
93675
93713
93743
93784
93799
93819
93840
93854
93886
93920
93923
93956
93975
94015
94080
94081
94096
94101
94126
94131
94138
94154
94211
94214
94228
94229
94271
94284
94300
94312
94318
94368
94391
94425
94442
94468
94513
94521
94540
94609
94613
94651
94685
94698
94699
94718
94848
94866
94889
94938
94941
94952
94953
94984
94995
95054
95074
95085
95103
95113
95122
95135
95156
95176
95177
95250
95255
95258
95309
95333
95415
95424
95443
95474
95488
95502
95505
95518
95531
95601
95616
95659
95716
96075
96204
96845
98175
98952
98961
99190
99243
99445
100083
100784
100847
100903
102907
148675
150003
150209
150494
151346
151374
151375
152116
153102
153113
154352
154964
154988
154990
155193
155681
157909
158805
158815
158947
158949
159010
159053
159071
159885
160058
160784
161774
161844
162281
162721
162750
165235
165923
168726
168815
168975
169023
169095
169111
169134
169183
169222
169347
169415
169462
169619
169675
170834
170905
171407
171973
172251
172547
173171
174010
174168
174862
175834
176028
176595
177578
177763
178393
178404
178599
178691
178895
179126
179258
179463
179513
181141
181540
181662
185169
185406
185604
187796
188807
188848
189077
189526
189726
190053
191553
191628
193706
194217
195190
195297
199587
200187
200421
200637
200826
200894
201239
201854
203142
203481
204233
204811
205316
205384
205709
207461
208517
208709
209218
209370
209384
209682
209702
209754
210344
211952
211961
212388
212818
213951
214264
215050
215231
215682
216946
217422
217634
218048
218400
219755
220921
221080
221111
221646
221738
222091
223978
226958
227015
227333
229000
229056
229077
229116
229225
229464
229975
230219
230461
231982
232448
232888
234254
234267
234390
235778
236074
237626
238830
241674
243941
244022
244032
244148
244464
244927
245287
246016
246610
246704
124
125
126
128
132
136
140
143
146
147
148
150
151
153
154
155
161
162
163
164
167
168
173
174
175
176
177
178
179
180
181
182
183
184
185
186
187
297
454
465
527
545
546
555
556
597
601
618
677
711
718
720
775
820
822
885
929
934
953
963
968
990
1024
1041
1069
1078
1087
1107
1111
1115
1125
1127
1161
1169
1177
1205
1215
1230
1233
1263
1276
1279
1281
1296
1351
1372
1392
1397
1398
1400
1415
1418
1424
1427
1431
1450
1476
1491
1504
1507
1553
1556
1561
1570
1571
1598
1604
1613
1614
1624
1656
1677
1695
1706
1713
1717
1735
1739
1747
1750
1751
1758
1775
1800
1823
1832
1838
1843
1861
1862
1872
1884
1907
1909
1914
1922
1930
1933
1935
1939
1955
1961
1963
1969
1974
1978
1980
1991
1995
1997
2008
2013
2016
2026
2040
2045
2049
2055
2057
2066
2067
2071
2090
2092
2097
2111
2115
2118
2139
2142
2147
2157
2161
2165
2183
2188
2214
2219
2223
2228
2237
2242
2245
2265
2269
2281
2283
2284
2285
2295
2317
2326
2340
2345
2351
2360
2363
2365
2371
2375
2385
2386
2398
2399
2401
2403
2411
2417
2419
2431
2451
2453
2455
2457
2462
2474
2489
2494
2509
2514
2524
2529
2541
2546
2550
2553
2555
2567
2584
2593
2596
2606
2618
2620
2635
2637
2638
2650
2667
2672
2698
2710
2711
2728
2735
2745
2753
2762
2771
2778
2779
2780
2788
2802
2804
2812
2819
2825
2840
2851
2853
2859
2863
2882
2883
2886
2889
2890
2906
2920
2927
2930
2936
2941
2970
2981
3003
3011
3013
3020
3021
3064
3068
3073
3076
3077
3080
3093
3096
3098
3103
3115
3117
3119
3120
3139
3149
3169
3178
3183
3185
3188
3195
3206
3209
3210
3211
3220
3227
3229
3230
3236
3239
3245
3249
3259
3261
3275
3298
3303
3304
3306
3321
3324
3326
3327
3332
3338
3341
3352
3353
3368
3396
3415
3424
3441
3450
3453
3454
3473
3475
3484
3487
3509
3526
3530
3532
3538
3540
3551
3560
3567
3582
3590
3592
3596
3607
3612
3616
3624
3633
3640
3643
3647
3651
3652
3656
3673
3674
3685
3686
3688
3691
3698
3699
3724
3734
3735
3751
3774
3775
3777
3781
3792
3800
3801
3819
3824
3825
3834
3836
3857
3861
3862
3866
3869
3871
3873
3880
3887
3893
3894
3898
3901
3912
3916
3917
3918
3932
3933
3939
3963
3970
3973
4015
4018
4020
4027
4032
4033
4039
4049
4061
4065
4067
4078
4085
4096
4103
4107
4110
4113
4115
4124
4134
4140
4141
4142
4148
4153
4163
4170
4171
4172
4174
4183
4187
4198
4201
4208
4214
4215
4218
4223
4226
4227
4231
4235
4239
4248
4250
4251
4256
4264
4269
4271
4279
4280
4295
4301
4302
4305
4323
4328
4333
4348
4349
4353
4355
4358
4359
4363
4365
4366
4367
4369
4383
4388
4399
4402
4403
4407
4408
4411
4414
4423
4445
4476
4477
4484
4488
4504
4509
4510
4511
4513
4525
4526
4527
4533
4544
4548
4569
4571
4572
4576
4579
4596
4597
4604
4607
4614
4624
4640
4641
4642
4646
4647
4648
4652
4655
4656
4658
4668
4669
4685
4690
4700
4705
4724
4726
4728
4731
4733
4734
4737
4739
4743
4745
4753
4755
4760
4765
4772
4776
4783
4797
4798
4806
4812
4813
4815
4819
4824
4825
4828
4835
4843
4853
4855
4857
4865
4869
4872
4875
4893
4894
4901
4902
4907
4908
4915
4926
4930
4932
4948
4949
4966
4969
4974
4975
4991
4994
4995
4998
4999
5002
5005
5014
5017
5021
5023
5027
5030
5033
5034
5035
5049
5050
5051
5054
5060
5061
5063
5080
5082
5086
5092
5100
5103
5105
5107
5113
5124
5133
5139
5145
5153
5155
5156
5159
5163
5168
5178
5185
5196
5207
5220
5233
5234
5240
5241
5244
5249
5250
5256
5277
5278
5279
5286
5294
5295
5300
5311
5322
5329
5333
5336
5343
5349
5360
5367
5377
5379
5387
5388
5389
5393
5395
5398
5410
5412
5415
5422
5424
5432
5441
5451
5452
5463
5465
5472
5481
5482
5485
5504
5507
5516
5519
5521
5522
5525
5528
5538
5541
5542
5543
5547
5552
5554
5556
5563
5569
5573
5580
5581
5592
5595
5616
5624
5625
5630
5631
5635
5641
5648
5662
5663
5664
5669
5679
5688
5694
5700
5703
5704
5705
5714
5716
5719
5720
5731
5735
5744
5754
5760
5761
5765
5766
5771
5773
5779
5782
5795
5797
5798
5806
5809
5811
5814
5819
5825
5831
5833
5835
5841
5845
5847
5848
5858
5859
5863
5866
5867
5873
5874
5881
5884
5885
5890
5892
5897
5898
5912
5929
5932
5942
5944
5957
5960
5962
5965
5967
5973
5977
5980
5984
5993
6002
6003
6005
6010
6016
6023
6024
6028
6029
6034
6048
6050
6055
6062
6070
6071
6074
6075
6076
6089
6099
6100
6116
6118
6123
6124
6127
6137
6138
6141
6143
6145
6159
6162
6174
6181
6192
6194
6215
6219
6225
6230
6231
6235
6240
6242
6245
6247
6255
6270
6271
6272
6285
6288
6291
6293
6294
6303
6307
6312
6313
6324
6340
6341
6346
6366
6367
6372
6384
6388
6389
6390
6393
6394
6395
6407
6408
6412
6413
6414
6417
6422
6423
6430
6431
6432
6444
6448
6451
6458
6459
6460
6461
6462
6467
6468
6474
6476
6479
6480
6482
6484
6485
6490
6494
6495
6496
6499
6506
6512
6514
6520
6524
6537
6543
6562
6565
6571
6573
6574
6583
6585
6586
6597
6605
6619
6621
6626
6636
6652
6657
6659
6671
6682
6685
6690
6691
6695
6709
6710
6715
6719
6722
6727
6730
6732
6736
6739
6740
6753
6755
6760
6764
6772
6777
6782
6785
6786
6793
6798
6801
6806
6808
6809
6815
6822
6824
6827
6828
6831
6840
6841
6853
6875
6877
6883
6884
6888
6890
6893
6894
6899
6904
6906
6908
6911
6912
6917
6924
6927
6930
6932
6935
6938
6939
6940
6944
6954
6955
6956
6959
6963
6965
6967
6968
6981
6984
6989
6990
6993
6996
7000
7004
7013
7015
7017
7020
7022
7034
7036
7045
7046
7050
7051
7052
7053
7058
7061
7069
7071
7074
7076
7083
7084
7085
7089
7091
7094
7097
7100
7103
7105
7109
7114
7118
7126
7128
7129
7133
7138
7143
7158
7159
7163
7168
7171
7175
7177
7178
7180
7181
7184
7186
7196
7197
7200
7201
7203
7204
7206
7212
7215
7216
7217
7218
7219
7221
7223
7226
7228
7229
7232
7235
7237
7238
7239
7242
7248
7253
7254
7256
7257
7259
7264
7273
7275
7282
7283
7286
7291
7292
7293
7296
7300
7305
7306
7307
7311
7313
7316
7319
7323
7329
7331
7337
7339
7340
7342
7347
7352
7356
7357
7358
7360
7363
7364
7369
7372
7377
7378
7384
7388
7394
7397
7400
7404
7405
7406
7412
7413
7414
7416
7422
7425
7431
7452
7453
7456
7468
7471
7475
7476
7480
7482
7483
7485
7486
7488
7490
7492
7502
7513
7519
7524
7529
7536
7540
7549
7550
7558
7562
7567
7568
7572
7574
7577
7582
7583
7599
7600
7603
7607
7614
7617
7623
7630
7631
7639
7646
7653
7656
7661
7668
7671
7672
7680
7688
7702
7704
7706
7707
7721
7725
7740
7741
7742
7753
7754
7758
7760
7765
7766
7771
7774
7775
7777
7781
7785
7801
7802
7803
7808
7809
7814
7816
7818
7822
7826
7828
7829
7835
7845
7846
7847
7849
7852
7855
7856
7857
7864
7866
7868
7870
7871
7882
7885
7886
7889
7893
7894
7908
7909
7914
7919
7921
7925
7927
7928
7931
7932
7938
7939
7940
7950
7951
7952
7953
7954
7958
7959
7961
7965
7970
7971
7973
7975
7981
7985
7992
7996
7997
7998
7999
8000
8005
8009
8011
8025
8031
8035
8045
8048
8050
8051
8056
8063
8067
8073
8087
8089
8091
8093
8104
8105
8111
8118
8124
8131
8143
8148
8149
8164
8171
8175
8176
8182
8183
8184
8197
8201
8204
8208
8226
8227
8241
8246
8247
8248
8249
8250
8257
8258
8261
8266
8267
8270
8277
8278
8283
8287
8290
8292
8301
8302
8321
8325
8329
8331
8345
8354
8356
8361
8367
8370
8374
8382
8383
8384
8399
8401
8406
8407
8408
8411
8414
8421
8424
8426
8438
8444
8450
8456
8461
8463
8465
8467
8477
8480
8486
8491
8494
8496
8500
8503
8512
8515
8517
8518
8520
8528
8536
8537
8538
8539
8542
8544
8546
8551
8562
8565
8567
8572
8575
8576
8579
8585
8587
8590
8595
8596
8603
8607
8608
8609
8617
8619
8620
8624
8627
8628
8630
8631
8633
8638
8641
8650
8654
8671
8674
8676
8683
8684
8688
8690
8693
8700
8706
8709
8711
8715
8718
8726
8730
8740
8745
8763
8766
8769
8773
8774
8776
8781
8782
8787
8789
8793
8797
8801
8802
8815
8816
8819
8822
8824
8830
8832
8840
8841
8842
8853
8854
8859
8863
8864
8865
8870
8881
8885
8886
8889
8893
8895
8897
8903
8909
8923
8929
8935
8936
8939
8943
8945
8946
8951
8954
8961
8963
8964
8965
8967
8968
8970
8971
8974
8975
8983
8986
8993
8995
8998
9000
9002
9004
9005
9014
9022
9024
9027
9036
9044
9050
9056
9065
9068
9074
9078
9080
9081
9086
9091
9092
9096
9099
9102
9108
9114
9117
9122
9126
9127
9130
9131
9132
9136
9137
9142
9145
9151
9152
9160
9161
9166
9169
9173
9174
9177
9179
9182
9185
9193
9196
9198
9199
9203
9206
9207
9210
9220
9224
9225
9228
9229
9232
9243
9244
9246
9248
9249
9256
9258
9260
9270
9271
9275
9276
9279
9281
9285
9287
9288
9291
9295
9296
9300
9303
9306
9314
9316
9318
9320
9322
9324
9329
9330
9334
9335
9346
9349
9350
9354
9359
9364
9365
9374
9379
9382
9387
9396
9401
9404
9406
9408
9413
9429
9432
9435
9440
9442
9445
9448
9451
9456
9458
9459
9462
9465
9470
9473
9480
9483
9486
9488
9491
9492
9498
9505
9506
9510
9511
9517
9519
9520
9524
9528
9531
9532
9533
9534
9544
9547
9549
9551
9552
9554
9561
9565
9567
9570
9578
9587
9588
9589
9591
9595
9598
9600
9604
9605
9608
9611
9616
9617
9618
9619
9622
9629
9631
9641
9644
9647
9648
9652
9661
9664
9670
9673
9677
9681
9682
9684
9693
9695
9700
9701
9702
9706
9718
9719
9723
9728
9729
9732
9741
9746
9750
9752
9759
9762
9765
9769
9776
9777
9783
9784
9786
9792
9793
9794
9796
9800
9807
9818
9821
9836
9837
9838
9841
9844
9846
9850
9854
9855
9864
9866
9869
9873
9875
9876
9887
9891
9893
9898
9899
9901
9903
9908
9910
9913
9914
9916
9917
9918
9921
9929
9932
9934
9935
9938
9939
9942
9946
9953
9955
9957
9961
9963
9968
9977
9982
9983
9985
9993
9994
9996
9998
9999
10008
10010
10019
10023
10025
10030
10032
10035
10043
10044
10045
10048
10051
10054
10064
10068
10069
10070
10072
10075
10081
10084
10086
10088
10096
10097
10099
10100
10101
10105
10106
10109
10110
10113
10114
10117
10119
10122
10124
10126
10127
10129
10131
10142
10145
10148
10150
10161
10166
10167
10171
10176
10178
10183
10189
10196
10197
10201
10208
10210
10214
10215
10216
10221
10224
10225
10227
10228
10233
10237
10239
10244
10246
10247
10249
10251
10256
10259
10271
10274
10282
10285
10290
10295
10303
10319
10323
10326
10328
10334
10335
10340
10343
10348
10349
10352
10353
10354
10359
10360
10363
10364
10367
10370
10373
10375
10387
10388
10389
10391
10395
10396
10397
10401
10404
10407
10409
10411
10413
10418
10420
10421
10422
10423
10428
10432
10438
10439
10443
10444
10446
10447
10448
10449
10455
10461
10463
10470
10475
10476
10479
10488
10489
10495
10496
10498
10507
10508
10509
10510
10511
10513
10514
10516
10520
10526
10537
10538
10541
10543
10544
10546
10547
10549
10550
10554
10555
10556
10566
10567
10568
10571
10572
10575
10576
10577
10584
10586
10590
10595
10599
10600
10603
10604
10606
10609
10622
10623
10626
10628
10629
10637
10638
10645
10648
10651
10652
10654
10656
10657
10664
10667
10668
10669
10670
10671
10676
10679
10680
10682
10683
10687
10688
10689
10704
10706
10715
10716
10718
10719
10722
10725
10735
10745
10748
10750
10753
10756
10769
10773
10775
10777
10780
10783
10784
10787
10788
10792
10794
10797
10798
10799
10802
10803
10805
10809
10815
10819
10820
10821
10823
10826
10831
10833
10844
10848
10850
10858
10860
10867
10871
10874
10879
10880
10882
10887
10888
10900
10907
10908
10909
10910
10922
10924
10933
10935
10937
10939
10940
10943
10945
10946
10949
10955
10961
10965
10967
10982
10983
10987
10989
10992
10994
10995
10996
10998
11001
11005
11006
11017
11020
11027
11029
11032
11035
11037
11042
11043
11050
11052
11053
11056
11062
11063
11067
11068
11070
11073
11075
11082
11094
11097
11098
11101
11103
11108
11109
11110
11113
11115
11123
11138
11141
11142
11144
11145
11148
11153
11161
11162
11165
11166
11169
11178
11183
11187
11193
11199
11200
11203
11204
11213
11214
11216
11221
11224
11226
11228
11237
11243
11247
11254
11259
11260
11262
11268
11269
11270
11274
11275
11276
11277
11281
11282
11283
11286
11289
11297
11301
11303
11307
11308
11310
11314
11323
11328
11332
11333
11335
11337
11338
11339
11341
11343
11344
11358
11364
11366
11367
11368
11369
11370
11373
11375
11376
11381
11382
11384
11388
11389
11392
11401
11403
11405
11408
11412
11417
11418
11419
11423
11435
11437
11443
11445
11446
11449
11456
11459
11460
11462
11463
11464
11468
11470
11473
11475
11479
11482
11485
11487
11500
11502
11503
11506
11507
11509
11512
11515
11517
11520
11522
11523
11526
11529
11530
11536
11537
11538
11549
11558
11561
11562
11563
11566
11574
11575
11576
11577
11580
11581
11582
11584
11586
11588
11589
11596
11598
11599
11600
11601
11610
11613
11619
11621
11623
11625
11627
11629
11634
11636
11649
11657
11659
11664
11669
11677
11682
11685
11687
11692
11695
11701
11702
11703
11705
11707
11713
11714
11716
11724
11725
11729
11731
11732
11736
11737
11738
11739
11742
11744
11745
11749
11752
11754
11755
11758
11759
11769
11772
11773
11775
11777
11779
11780
11786
11792
11793
11796
11797
11802
11808
11812
11813
11826
11828
11840
11841
11843
11844
11849
11850
11854
11859
11864
11865
11866
11867
11868
11869
11874
11876
11884
11885
11887
11890
11891
11892
11895
11902
11903
11904
11907
11908
11911
11913
11917
11921
11922
11924
11928
11929
11933
11934
11938
11943
11945
11950
11951
11953
11954
11970
11978
11979
11981
11989
11996
11998
12001
12002
12004
12010
12011
12012
12014
12016
12020
12022
12027
12031
12032
12038
12039
12042
12045
12046
12047
12050
12053
12057
12059
12063
12065
12066
12069
12072
12074
12075
12078
12079
12085
12093
12094
12099
12106
12108
12109
12111
12114
12118
12120
12122
12127
12129
12130
12136
12137
12141
12142
12144
12155
12157
12158
12166
12170
12172
12174
12175
12177
12181
12183
12186
12190
12196
12198
12199
12200
12202
12203
12206
12209
12210
12212
12213
12220
12223
12228
12231
12236
12245
12246
12247
12248
12252
12256
12266
12273
12274
12276
12280
12281
12284
12285
12286
12289
12290
12292
12293
12297
12299
12301
12303
12308
12318
12320
12323
12324
12326
12328
12329
12330
12332
12337
12341
12342
12344
12346
12352
12353
12355
12356
12359
12360
12362
12363
12364
12365
12367
12369
12371
12372
12373
12374
12375
12378
12382
12383
12384
12386
12392
12403
12407
12409
12411
12419
12421
12424
12428
12432
12433
12434
12438
12440
12441
12442
12446
12447
12451
12453
12455
12465
12467
12469
12470
12471
12474
12476
12478
12483
12487
12488
12493
12501
12504
12508
12512
12514
12522
12523
12526
12531
12532
12534
12535
12537
12543
12551
12552
12553
12555
12560
12565
12568
12575
12580
12585
12589
12590
12591
12592
12595
12596
12598
12599
12600
12601
12603
12605
12608
12612
12614
12615
12617
12620
12625
12627
12632
12634
12635
12638
12641
12647
12651
12652
12653
12657
12658
12660
12664
12666
12667
12668
12670
12673
12676
12677
12679
12681
12684
12685
12686
12687
12696
12698
12699
12701
12703
12704
12707
12711
12715
12729
12730
12733
12734
12735
12739
12742
12744
12746
12751
12758
12762
12763
12764
12769
12770
12772
12773
12776
12778
12783
12790
12797
12798
12800
12803
12808
12809
12810
12812
12814
12818
12820
12823
12828
12831
12835
12838
12839
12840
12842
12848
12856
12859
12860
12861
12862
12864
12869
12870
12872
12873
12874
12879
12884
12886
12892
12893
12894
12897
12902
12907
12911
12915
12916
12918
12919
12921
12925
12928
12933
12940
12944
12946
12951
12956
12957
12962
12963
12970
12971
12972
12978
12980
12981
12983
12987
12989
12990
12992
12999
13003
13005
13006
13008
13009
13010
13018
13020
13021
13025
13028
13032
13035
13040
13041
13046
13051
13056
13060
13062
13065
13070
13072
13074
13075
13078
13084
13085
13090
13093
13096
13098
13100
13106
13111
13113
13116
13117
13119
13122
13124
13125
13127
13129
13130
13133
13134
13135
13136
13138
13144
13146
13147
13148
13149
13152
13156
13158
13164
13169
13170
13174
13176
13189
13192
13194
13195
13196
13203
13206
13210
13212
13214
13225
13228
13229
13231
13233
13234
13241
13247
13249
13250
13253
13255
13257
13261
13265
13271
13275
13277
13278
13285
13287
13291
13292
13294
13296
13297
13298
13299
13300
13302
13305
13306
13308
13309
13311
13318
13321
13326
13327
13334
13337
13338
13339
13342
13346
13347
13349
13352
13355
13356
13357
13361
13363
13368
13377
13378
13379
13380
13381
13383
13389
13401
13406
13407
13409
13411
13414
13417
13420
13423
13424
13430
13431
13433
13435
13436
13437
13443
13446
13447
13450
13456
13459
13461
13463
13465
13466
13467
13469
13472
13474
13479
13484
13487
13488
13491
13492
13493
13494
13495
13498
13499
13502
13507
13508
13510
13515
13516
13517
13523
13524
13526
13527
13528
13529
13530
13532
13543
13546
13549
13551
13561
13564
13565
13566
13570
13574
13576
13577
13579
13582
13583
13589
13590
13592
13593
13601
13603
13604
13608
13610
13615
13619
13621
13622
13625
13626
13629
13630
13633
13644
13647
13649
13650
13656
13659
13664
13671
13676
13678
13680
13686
13693
13696
13698
13701
13702
13710
13711
13712
13719
13720
13721
13728
13729
13730
13731
13735
13737
13739
13740
13742
13743
13748
13751
13758
13767
13768
13772
13774
13778
13781
13782
13785
13788
13790
13793
13796
13799
13801
13807
13815
13817
13819
13821
13824
13825
13827
13828
13830
13831
13832
13833
13835
13836
13841
13845
13846
13847
13851
13853
13855
13861
13869
13871
13872
13877
13883
13887
13888
13889
13890
13892
13893
13895
13896
13897
13898
13900
13903
13905
13906
13907
13916
13919
13922
13924
13930
13931
13932
13934
13937
13938
13940
13944
13949
13952
13953
13956
13958
13959
13966
13977
13978
13986
13988
13989
13991
13994
13997
14001
14002
14004
14008
14010
14017
14019
14020
14025
14027
14028
14033
14034
14036
14038
14041
14042
14043
14044
14049
14052
14054
14057
14058
14062
14063
14065
14066
14068
14070
14073
14075
14076
14083
14085
14093
14096
14099
14100
14101
14104
14111
14113
14117
14123
14126
14127
14130
14133
14139
14140
14146
14150
14154
14158
14160
14167
14171
14173
14174
14175
14179
14184
14187
14195
14201
14207
14209
14218
14219
14222
14223
14225
14229
14230
14231
14232
14234
14236
14237
14240
14245
14249
14253
14256
14257
14259
14268
14270
14275
14276
14278
14279
14284
14286
14295
14296
14298
14299
14302
14303
14305
14307
14309
14310
14313
14315
14317
14319
14321
14323
14325
14326
14329
14338
14339
14342
14346
14350
14353
14355
14357
14359
14360
14361
14363
14364
14366
14369
14370
14379
14389
14391
14393
14396
14397
14401
14403
14404
14405
14409
14412
14414
14415
14417
14422
14424
14425
14426
14432
14433
14438
14447
14455
14460
14461
14463
14464
14466
14467
14470
14474
14479
14480
14483
14484
14487
14488
14491
14492
14494
14498
14500
14506
14507
14509
14510
14511
14514
14516
14518
14521
14524
14529
14530
14534
14536
14537
14538
14546
14549
14550
14564
14568
14571
14574
14578
14582
14584
14585
14591
14594
14595
14597
14599
14600
14601
14604
14607
14608
14612
14613
14614
14615
14616
14620
14624
14627
14628
14631
14632
14633
14635
14638
14639
14640
14643
14644
14647
14652
14655
14656
14666
14667
14672
14675
14677
14679
14684
14686
14689
14690
14693
14694
14697
14699
14700
14704
14709
14710
14716
14718
14719
14723
14724
14729
14735
14740
14741
14742
14743
14745
14753
14756
14757
14758
14761
14763
14765
14766
14767
14769
14771
14772
14776
14778
14779
14780
14786
14790
14792
14797
14799
14801
14804
14805
14806
14814
14815
14818
14820
14821
14828
14831
14837
14839
14841
14843
14847
14850
14853
14857
14859
14871
14873
14875
14876
14878
14879
14882
14888
14889
14891
14897
14899
14900
14903
14904
14909
14911
14913
14917
14919
14920
14921
14922
14924
14925
14929
14930
14931
14935
14936
14937
14939
14941
14942
14946
14947
14948
14949
14954
14957
14958
14959
14966
14967
14969
14974
14977
14982
14984
14985
14986
14990
14994
14998
14999
15008
15012
15014
15017
15021
15023
15024
15028
15032
15033
15034
15040
15046
15053
15054
15056
15059
15061
15063
15068
15070
15073
15075
15076
15079
15081
15084
15085
15088
15091
15099
15101
15102
15104
15105
15106
15108
15110
15111
15112
15127
15133
15134
15138
15139
15140
15143
15147
15148
15149
15151
15152
15154
15158
15159
15160
15161
15163
15166
15172
15173
15177
15179
15180
15182
15183
15185
15186
15187
15188
15189
15195
15200
15202
15203
15209
15212
15216
15220
15223
15226
15228
15231
15237
15241
15242
15245
15247
15251
15252
15253
15254
15255
15256
15257
15258
15260
15261
15265
15266
15268
15271
15276
15281
15282
15283
15284
15285
15292
15293
15303
15306
15307
15310
15315
15317
15319
15320
15322
15323
15325
15331
15333
15334
15336
15338
15341
15343
15348
15350
15351
15357
15358
15362
15364
15367
15368
15369
15370
15372
15375
15379
15383
15388
15392
15396
15398
15404
15414
15415
15416
15420
15424
15425
15426
15432
15434
15437
15439
15442
15443
15447
15454
15457
15458
15459
15460
15461
15468
15475
15479
15481
15482
15492
15496
15498
15502
15503
15505
15508
15509
15514
15516
15517
15519
15520
15521
15522
15524
15527
15530
15531
15533
15534
15538
15543
15551
15553
15554
15556
15558
15562
15563
15564
15565
15576
15582
15590
15591
15598
15599
15601
15602
15607
15610
15613
15621
15624
15629
15630
15631
15637
15641
15642
15643
15649
15651
15652
15657
15658
15668
15671
15677
15678
15680
15682
15684
15685
15687
15691
15694
15695
15701
15703
15709
15711
15712
15714
15717
15723
15726
15729
15730
15738
15744
15746
15747
15750
15751
15753
15754
15755
15757
15760
15761
15763
15764
15772
15774
15775
15779
15780
15782
15788
15791
15798
15800
15801
15806
15807
15809
15811
15817
15819
15820
15822
15823
15826
15828
15829
15830
15832
15833
15834
15837
15841
15844
15847
15849
15850
15852
15857
15858
15859
15860
15867
15869
15870
15871
15874
15875
15881
15890
15892
15894
15898
15901
15903
15904
15912
15913
15914
15917
15920
15923
15926
15927
15931
15934
15937
15940
15942
15944
15950
15951
15954
15959
15961
15963
15970
15974
15976
15980
15981
15984
15986
15989
15990
15993
15994
15995
15996
15997
16002
16003
16007
16009
16013
16014
16020
16027
16029
16031
16032
16033
16039
16041
16046
16047
16051
16052
16054
16057
16059
16061
16062
16064
16071
16072
16074
16076
16078
16080
16081
16083
16084
16087
16090
16094
16098
16106
16113
16114
16116
16118
16120
16121
16123
16125
16127
16129
16130
16131
16135
16136
16139
16146
16151
16152
16153
16157
16166
16167
16170
16173
16176
16178
16179
16181
16182
16185
16189
16190
16193
16194
16195
16199
16203
16204
16206
16207
16208
16209
16210
16215
16216
16222
16223
16224
16226
16227
16231
16232
16235
16242
16244
16246
16255
16256
16257
16259
16263
16264
16265
16266
16267
16269
16272
16273
16276
16277
16278
16280
16281
16283
16284
16286
16287
16289
16292
16301
16303
16306
16309
16310
16311
16312
16316
16317
16319
16322
16323
16324
16325
16328
16332
16333
16334
16339
16340
16342
16344
16353
16354
16355
16357
16361
16362
16363
16365
16367
16369
16370
16372
16373
16374
16375
16380
16382
16383
16387
16388
16389
16391
16392
16394
16395
16396
16399
16402
16405
16411
16413
16419
16423
16426
16427
16428
16433
16434
16437
16440
16441
16444
16445
16446
16450
16452
16454
16455
16458
16459
16460
16462
16464
16466
16467
16470
16474
16476
16479
16483
16485
16488
16489
16491
16495
16497
16498
16503
16504
16507
16509
16511
16512
16513
16514
16517
16519
16527
16530
16532
16533
16534
16535
16537
16538
16540
16541
16542
16543
16544
16550
16553
16555
16557
16559
16564
16565
16567
16571
16573
16574
16576
16581
16584
16587
16588
16589
16592
16595
16596
16597
16600
16601
16604
16605
16608
16611
16618
16621
16625
16627
16628
16633
16635
16637
16639
16641
16645
16647
16649
16650
16652
16657
16660
16663
16665
16667
16669
16670
16671
16677
16679
16680
16684
16685
16688
16689
16695
16700
16701
16702
16704
16706
16708
16709
16710
16711
16712
16715
16716
16718
16719
16723
16725
16726
16727
16728
16729
16730
16732
16734
16735
16736
16745
16750
16763
16766
16770
16771
16774
16780
16781
16784
16785
16788
16790
16791
16792
16795
16796
16797
16801
16802
16804
16806
16808
16811
16812
16817
16818
16820
16822
16824
16827
16828
16832
16834
16835
16837
16844
16845
16847
16848
16851
16852
16854
16857
16858
16861
16868
16869
16872
16877
16879
16881
16882
16883
16887
16889
16892
16893
16894
16895
16897
16900
16903
16904
16906
16907
16913
16914
16918
16919
16920
16922
16925
16926
16927
16930
16931
16934
16948
16951
16953
16959
16960
16962
16966
16969
16972
16974
16977
16978
16980
16983
16986
16990
16992
16993
16994
16997
17000
17001
17003
17004
17007
17013
17014
17016
17017
17019
17020
17021
17022
17025
17026
17029
17031
17032
17033
17036
17037
17041
17050
17053
17054
17055
17056
17057
17059
17060
17063
17064
17065
17072
17074
17079
17081
17088
17089
17090
17093
17095
17103
17104
17105
17106
17107
17109
17113
17115
17116
17124
17125
17127
17129
17131
17134
17135
17137
17138
17139
17141
17148
17149
17151
17157
17159
17160
17165
17170
17173
17178
17179
17180
17181
17182
17183
17184
17187
17188
17189
17192
17194
17195
17200
17202
17203
17204
17207
17208
17211
17213
17215
17216
17217
17221
17222
17223
17228
17230
17231
17232
17235
17236
17240
17242
17243
17248
17250
17251
17253
17255
17256
17259
17264
17267
17271
17274
17275
17276
17278
17279
17281
17282
17285
17286
17287
17288
17292
17293
17299
17300
17301
17302
17305
17306
17308
17315
17317
17323
17324
17325
17327
17329
17330
17331
17333
17335
17337
17338
17339
17341
17343
17346
17350
17352
17354
17356
17357
17361
17363
17364
17365
17377
17378
17383
17386
17387
17388
17391
17394
17395
17396
17400
17407
17408
17409
17411
17412
17414
17415
17416
17417
17418
17419
17421
17428
17429
17433
17434
17443
17444
17446
17447
17449
17451
17452
17453
17460
17463
17465
17467
17468
17473
17475
17478
17480
17485
17486
17488
17493
17495
17496
17499
17502
17505
17506
17507
17508
17511
17513
17516
17517
17518
17520
17521
17522
17524
17525
17530
17531
17536
17539
17544
17547
17552
17553
17556
17557
17558
17559
17563
17567
17568
17569
17570
17577
17578
17581
17588
17595
17597
17598
17599
17601
17604
17605
17611
17615
17616
17618
17620
17621
17624
17627
17630
17631
17644
17646
17647
17653
17654
17658
17660
17662
17665
17666
17668
17669
17671
17672
17676
17678
17680
17681
17682
17685
17686
17687
17689
17691
17692
17694
17695
17702
17704
17706
17707
17709
17712
17713
17715
17716
17718
17719
17725
17726
17727
17728
17729
17732
17735
17739
17744
17746
17747
17749
17753
17754
17757
17760
17772
17774
17777
17779
17780
17783
17790
17793
17796
17799
17802
17804
17807
17808
17810
17813
17814
17816
17817
17819
17820
17821
17823
17825
17826
17827
17836
17838
17841
17842
17846
17847
17849
17850
17851
17853
17858
17859
17862
17863
17866
17871
17874
17875
17876
17879
17886
17888
17889
17890
17892
17893
17894
17895
17897
17898
17903
17905
17906
17909
17911
17912
17914
17920
17922
17926
17927
17928
17929
17931
17935
17937
17941
17942
17945
17946
17947
17949
17950
17951
17952
17954
17956
17960
17964
17966
17968
17974
17975
17976
17979
17980
17983
17984
17986
17988
17989
17990
17993
17995
17996
17997
17998
18001
18005
18007
18012
18015
18016
18019
18021
18026
18027
18032
18033
18037
18039
18042
18045
18049
18050
18056
18058
18060
18062
18064
18067
18068
18070
18072
18074
18076
18077
18079
18080
18083
18086
18087
18088
18093
18095
18096
18097
18098
18099
18102
18103
18108
18109
18111
18114
18116
18117
18121
18122
18123
18124
18127
18129
18133
18134
18137
18138
18139
18143
18146
18147
18150
18153
18156
18157
18158
18159
18161
18167
18171
18174
18178
18181
18187
18189
18190
18192
18196
18197
18198
18201
18210
18213
18214
18216
18217
18219
18220
18223
18226
18228
18229
18231
18238
18240
18241
18242
18243
18244
18245
18246
18248
18249
18250
18251
18254
18255
18256
18257
18259
18262
18266
18268
18269
18271
18272
18276
18279
18281
18283
18285
18286
18287
18289
18291
18292
18293
18294
18297
18298
18300
18303
18304
18309
18312
18314
18317
18320
18321
18328
18329
18333
18334
18337
18338
18339
18341
18344
18345
18348
18350
18352
18354
18355
18358
18360
18361
18363
18365
18366
18367
18368
18372
18375
18379
18380
18384
18386
18387
18398
18399
18400
18403
18404
18406
18412
18414
18416
18419
18421
18423
18424
18427
18428
18429
18430
18431
18432
18433
18437
18438
18441
18444
18446
18447
18449
18451
18455
18463
18467
18469
18471
18472
18474
18475
18477
18480
18481
18482
18487
18489
18490
18491
18493
18494
18495
18496
18497
18500
18501
18504
18507
18508
18511
18515
18517
18518
18523
18527
18529
18531
18538
18540
18548
18550
18556
18557
18558
18561
18563
18565
18570
18571
18576
18580
18581
18582
18584
18585
18586
18593
18594
18598
18602
18603
18604
18605
18607
18609
18611
18613
18617
18623
18624
18625
18628
18629
18632
18634
18635
18636
18637
18640
18645
18646
18647
18649
18654
18659
18662
18663
18665
18666
18669
18672
18674
18678
18679
18684
18688
18691
18692
18694
18696
18697
18698
18699
18706
18711
18712
18718
18719
18723
18724
18726
18727
18728
18731
18732
18734
18735
18736
18737
18741
18742
18744
18749
18750
18753
18754
18755
18756
18758
18759
18760
18762
18765
18766
18768
18771
18774
18775
18780
18784
18787
18792
18793
18799
18802
18803
18806
18807
18808
18812
18813
18815
18818
18819
18820
18823
18825
18829
18831
18832
18833
18841
18845
18846
18847
18848
18849
18850
18851
18852
18858
18860
18861
18866
18870
18872
18877
18878
18881
18882
18884
18885
18889
18891
18901
18903
18905
18906
18908
18911
18914
18915
18921
18925
18929
18931
18940
18943
18945
18947
18949
18951
18952
18954
18956
18963
18967
18968
18969
18972
18976
18978
18979
18980
18984
18986
18988
18992
18994
18995
18996
18998
19002
19003
19004
19006
19007
19010
19015
19016
19017
19021
19023
19026
19029
19031
19033
19034
19036
19037
19040
19049
19052
19054
19057
19058
19059
19060
19062
19064
19065
19066
19069
19071
19073
19074
19075
19076
19078
19082
19084
19090
19091
19092
19093
19096
19098
19103
19112
19116
19117
19118
19121
19122
19124
19125
19127
19131
19132
19134
19138
19140
19144
19146
19147
19148
19149
19151
19154
19155
19157
19158
19160
19161
19164
19165
19166
19168
19169
19170
19171
19176
19179
19180
19183
19184
19188
19191
19196
19198
19199
19202
19203
19204
19205
19207
19215
19218
19219
19220
19223
19224
19225
19230
19232
19234
19235
19236
19237
19240
19241
19242
19243
19244
19245
19246
19247
19250
19252
19253
19254
19257
19261
19262
19265
19266
19270
19272
19273
19282
19286
19289
19295
19297
19300
19301
19302
19308
19309
19311
19316
19322
19323
19326
19327
19328
19332
19334
19338
19339
19340
19341
19343
19344
19347
19351
19353
19356
19357
19358
19361
19362
19365
19369
19370
19377
19380
19381
19383
19384
19392
19393
19394
19395
19397
19399
19400
19404
19406
19407
19414
19416
19418
19419
19420
19421
19423
19426
19428
19430
19431
19432
19433
19434
19436
19437
19438
19439
19440
19442
19443
19444
19445
19446
19450
19451
19453
19454
19456
19459
19461
19462
19466
19467
19469
19472
19475
19476
19477
19479
19483
19485
19488
19491
19493
19494
19495
19496
19497
19500
19501
19502
19506
19507
19510
19512
19513
19514
19518
19519
19523
19525
19529
19530
19531
19532
19533
19535
19538
19540
19545
19546
19547
19548
19549
19550
19554
19560
19562
19566
19569
19570
19571
19574
19576
19578
19579
19582
19587
19590
19594
19595
19597
19599
19601
19602
19605
19607
19608
19609
19614
19616
19617
19618
19619
19620
19623
19624
19625
19626
19628
19630
19631
19637
19640
19641
19642
19643
19647
19648
19653
19656
19657
19663
19664
19665
19669
19672
19675
19677
19679
19681
19684
19689
19692
19694
19695
19696
19697
19698
19701
19702
19704
19705
19706
19707
19709
19711
19714
19715
19719
19721
19728
19732
19733
19734
19736
19737
19738
19741
19742
19744
19746
19749
19750
19751
19752
19756
19758
19759
19762
19770
19772
19773
19774
19775
19778
19779
19780
19781
19782
19784
19785
19786
19788
19790
19791
19792
19793
19799
19801
19802
19803
19804
19805
19806
19807
19808
19812
19813
19817
19818
19822
19825
19826
19828
19836
19837
19839
19840
19841
19847
19848
19853
19854
19855
19856
19857
19858
19861
19862
19864
19866
19870
19871
19876
19880
19882
19884
19885
19886
19889
19891
19895
19897
19898
19901
19903
19905
19906
19907
19909
19910
19911
19915
19917
19918
19919
19922
19924
19925
19926
19928
19929
19931
19932
19935
19937
19938
19940
19941
19945
19952
19955
19956
19964
19966
19968
19971
19972
19973
19975
19976
19977
19978
19979
19980
19982
19984
19985
19990
19992
19993
19994
19996
19997
19998
19999
20005
20008
20010
20012
20013
20015
20016
20019
20020
20023
20024
20027
20029
20033
20037
20039
20041
20044
20045
20047
20048
20055
20057
20058
20059
20060
20061
20065
20067
20071
20074
20075
20081
20083
20084
20085
20088
20091
20092
20099
20101
20103
20106
20109
20111
20117
20118
20119
20121
20127
20128
20129
20132
20133
20136
20137
20140
20141
20143
20145
20147
20148
20149
20150
20153
20154
20156
20157
20158
20159
20163
20165
20168
20174
20176
20177
20180
20186
20187
20188
20190
20191
20192
20193
20197
20198
20200
20201
20202
20203
20205
20207
20211
20214
20215
20217
20219
20221
20222
20223
20228
20230
20231
20232
20233
20241
20242
20244
20246
20247
20248
20251
20252
20254
20255
20258
20261
20262
20263
20264
20267
20272
20273
20277
20278
20281
20283
20284
20287
20288
20289
20291
20292
20293
20294
20295
20298
20299
20300
20301
20303
20304
20305
20309
20310
20313
20317
20324
20325
20329
20331
20333
20336
20339
20345
20347
20349
20354
20355
20358
20369
20370
20371
20373
20375
20380
20383
20395
20396
20398
20399
20400
20401
20402
20403
20404
20405
20406
20407
20410
20411
20414
20418
20419
20423
20426
20429
20431
20434
20436
20437
20438
20440
20443
20445
20448
20450
20451
20452
20456
20458
20462
20463
20466
20468
20471
20478
20481
20482
20486
20490
20491
20492
20493
20494
20501
20502
20503
20506
20511
20514
20515
20516
20517
20520
20521
20522
20524
20525
20526
20527
20528
20530
20532
20535
20538
20540
20544
20546
20551
20553
20556
20557
20560
20562
20563
20568
20570
20571
20574
20575
20578
20582
20583
20584
20585
20586
20587
20588
20591
20595
20598
20599
20601
20602
20603
20605
20606
20608
20609
20611
20613
20614
20617
20620
20625
20626
20628
20637
20638
20639
20642
20645
20647
20651
20652
20656
20658
20660
20661
20669
20672
20673
20674
20675
20676
20681
20686
20690
20691
20695
20697
20698
20699
20700
20704
20705
20709
20710
20712
20715
20716
20717
20718
20719
20725
20726
20727
20737
20739
20740
20743
20745
20746
20747
20749
20753
20755
20756
20758
20760
20765
20767
20774
20777
20779
20780
20783
20784
20786
20787
20788
20789
20790
20793
20794
20795
20798
20801
20802
20803
20806
20809
20811
20812
20813
20816
20817
20820
20821
20823
20824
20825
20829
20830
20832
20835
20839
20840
20841
20842
20845
20847
20850
20853
20854
20855
20857
20859
20860
20862
20865
20866
20867
20869
20870
20872
20873
20876
20879
20883
20885
20890
20893
20896
20898
20900
20901
20902
20903
20904
20907
20909
20910
20911
20912
20913
20914
20915
20916
20917
20919
20921
20922
20924
20925
20926
20927
20928
20929
20930
20931
20935
20936
20938
20939
20944
20945
20947
20948
20949
20954
20959
20962
20975
20976
20977
20982
20983
20985
20986
20988
20992
20993
20996
20997
20998
21005
21006
21007
21008
21009
21010
21011
21012
21014
21015
21020
21021
21022
21023
21028
21029
21032
21034
21036
21037
21039
21040
21044
21045
21046
21047
21048
21053
21057
21058
21060
21062
21063
21064
21067
21071
21074
21075
21077
21082
21083
21084
21086
21090
21093
21095
21098
21099
21110
21111
21114
21115
21120
21130
21133
21137
21140
21150
21151
21153
21162
21165
21169
21171
21173
21176
21179
21180
21182
21184
21185
21187
21190
21191
21194
21195
21196
21197
21198
21202
21205
21208
21210
21212
21222
21223
21224
21227
21231
21234
21235
21237
21238
21242
21245
21247
21248
21249
21255
21259
21262
21265
21266
21267
21268
21269
21271
21275
21280
21281
21283
21285
21287
21291
21294
21296
21298
21300
21302
21304
21305
21310
21311
21313
21314
21315
21317
21318
21319
21326
21329
21331
21332
21334
21335
21336
21338
21339
21346
21347
21348
21350
21352
21353
21355
21361
21363
21364
21376
21379
21380
21382
21385
21386
21387
21388
21392
21393
21395
21401
21404
21407
21409
21410
21411
21413
21416
21418
21421
21429
21430
21431
21432
21437
21438
21440
21441
21443
21444
21445
21446
21447
21448
21451
21457
21462
21465
21466
21467
21468
21469
21470
21474
21476
21480
21483
21484
21486
21488
21492
21493
21494
21495
21499
21501
21505
21508
21509
21511
21514
21519
21522
21523
21524
21525
21526
21528
21529
21534
21536
21540
21543
21545
21546
21548
21550
21552
21554
21556
21557
21560
21565
21570
21574
21576
21577
21580
21581
21582
21583
21584
21585
21586
21590
21591
21594
21596
21597
21598
21599
21601
21602
21605
21606
21608
21609
21611
21619
21623
21624
21625
21626
21630
21633
21635
21636
21638
21642
21643
21644
21646
21651
21653
21654
21655
21656
21659
21662
21664
21665
21668
21669
21671
21673
21674
21675
21679
21686
21687
21688
21691
21695
21696
21697
21698
21702
21705
21707
21709
21713
21715
21717
21718
21719
21720
21722
21723
21725
21727
21728
21732
21735
21741
21744
21749
21750
21751
21752
21754
21757
21760
21762
21763
21765
21768
21770
21771
21774
21775
21776
21779
21781
21783
21784
21785
21786
21787
21788
21789
21791
21793
21795
21796
21797
21799
21801
21802
21803
21807
21810
21816
21818
21819
21821
21823
21827
21829
21830
21831
21832
21834
21836
21837
21838
21839
21840
21841
21843
21845
21846
21847
21855
21857
21860
21862
21863
21865
21866
21872
21875
21876
21877
21882
21884
21885
21886
21887
21889
21890
21891
21893
21896
21897
21903
21905
21906
21909
21911
21912
21913
21914
21918
21920
21923
21926
21927
21930
21931
21932
21933
21934
21935
21937
21939
21940
21942
21943
21944
21949
21953
21955
21959
21960
21961
21967
21968
21969
21970
21972
21975
21978
21980
21981
21982
21983
21984
21993
21996
21997
21999
22004
22008
22010
22011
22012
22018
22020
22022
22023
22029
22033
22035
22037
22042
22043
22045
22046
22049
22051
22053
22055
22056
22058
22065
22069
22074
22075
22077
22078
22079
22083
22087
22088
22089
22094
22095
22097
22099
22100
22102
22104
22105
22106
22107
22108
22110
22111
22115
22118
22119
22122
22123
22124
22126
22129
22130
22132
22133
22135
22138
22139
22144
22145
22146
22148
22154
22155
22156
22158
22160
22161
22162
22164
22170
22173
22174
22178
22179
22181
22183
22185
22186
22189
22191
22192
22193
22194
22196
22198
22199
22201
22202
22203
22204
22205
22209
22210
22212
22214
22216
22218
22220
22223
22224
22226
22228
22229
22231
22237
22240
22248
22249
22252
22260
22261
22262
22264
22268
22269
22271
22272
22275
22276
22277
22278
22279
22282
22286
22288
22289
22290
22292
22298
22299
22300
22301
22303
22311
22312
22313
22314
22317
22321
22323
22325
22329
22331
22332
22333
22336
22337
22340
22341
22345
22346
22347
22351
22352
22356
22357
22359
22360
22361
22363
22364
22366
22368
22369
22374
22375
22376
22378
22383
22385
22387
22388
22389
22390
22393
22394
22396
22398
22399
22400
22402
22403
22404
22408
22409
22410
22411
22412
22413
22414
22416
22417
22420
22423
22425
22426
22427
22428
22429
22434
22436
22438
22443
22444
22452
22454
22457
22463
22472
22474
22477
22478
22482
22485
22486
22488
22489
22490
22492
22493
22495
22496
22497
22498
22499
22500
22504
22506
22508
22509
22511
22515
22519
22520
22521
22525
22526
22529
22533
22535
22537
22539
22540
22543
22545
22547
22548
22549
22551
22552
22554
22555
22559
22561
22563
22566
22567
22568
22571
22573
22574
22575
22576
22577
22583
22586
22588
22589
22593
22595
22596
22600
22601
22603
22604
22605
22606
22607
22608
22609
22610
22611
22612
22614
22615
22616
22617
22618
22619
22620
22621
22623
22625
22628
22633
22635
22638
22639
22645
22646
22647
22648
22652
22653
22654
22655
22658
22660
22664
22665
22667
22669
22673
22679
22680
22681
22682
22683
22686
22688
22690
22691
22693
22694
22696
22700
22704
22712
22714
22715
22717
22718
22719
22720
22722
22723
22725
22726
22727
22732
22734
22735
22736
22737
22742
22750
22751
22752
22754
22755
22757
22758
22762
22765
22766
22767
22768
22769
22770
22772
22774
22776
22777
22781
22782
22786
22787
22788
22789
22790
22795
22798
22801
22803
22804
22808
22810
22811
22813
22814
22816
22817
22818
22819
22820
22822
22823
22827
22828
22829
22831
22835
22836
22837
22842
22844
22851
22852
22853
22855
22859
22865
22866
22867
22870
22871
22874
22875
22880
22883
22884
22886
22888
22890
22891
22892
22894
22895
22896
22899
22908
22909
22913
22914
22915
22917
22918
22919
22920
22922
22923
22924
22925
22926
22932
22934
22935
22936
22937
22938
22940
22943
22944
22945
22947
22949
22950
22951
22952
22954
22955
22959
22961
22962
22964
22968
22969
22971
22972
22974
22975
22978
22984
22989
22990
22994
22995
22997
22999
23000
23002
23004
23005
23009
23011
23013
23015
23019
23020
23021
23025
23031
23034
23035
23037
23039
23040
23041
23042
23043
23045
23048
23050
23051
23052
23053
23054
23055
23056
23058
23061
23062
23067
23068
23069
23071
23074
23076
23077
23078
23079
23080
23081
23083
23084
23088
23089
23090
23091
23094
23096
23097
23099
23100
23101
23102
23105
23106
23110
23112
23115
23120
23121
23122
23123
23125
23126
23127
23128
23131
23132
23133
23136
23138
23139
23140
23142
23143
23145
23147
23148
23149
23150
23151
23152
23153
23154
23155
23158
23159
23160
23161
23162
23165
23167
23168
23170
23171
23172
23175
23176
23177
23179
23182
23183
23188
23189
23190
23192
23193
23195
23199
23203
23204
23205
23206
23207
23208
23209
23210
23213
23216
23217
23218
23220
23222
23223
23224
23225
23227
23230
23231
23232
23235
23236
23242
23243
23245
23247
23249
23250
23252
23253
23254
23265
23266
23267
23268
23270
23272
23273
23278
23279
23281
23284
23289
23291
23292
23301
23303
23306
23307
23308
23309
23312
23313
23315
23316
23319
23320
23321
23324
23327
23328
23330
23332
23333
23334
23337
23338
23339
23340
23346
23347
23348
23349
23351
23352
23355
23357
23363
23364
23365
23366
23370
23372
23373
23375
23376
23380
23384
23385
23386
23387
23390
23392
23393
23395
23398
23399
23401
23403
23404
23406
23407
23413
23416
23420
23421
23422
23427
23430
23432
23433
23434
23436
23438
23440
23441
23442
23447
23449
23450
23452
23453
23454
23456
23457
23458
23459
23460
23461
23462
23463
23465
23467
23469
23471
23473
23476
23480
23481
23483
23484
23487
23488
23490
23492
23494
23496
23499
23500
23501
23502
23503
23504
23505
23512
23514
23517
23518
23519
23523
23524
23525
23528
23529
23534
23536
23537
23538
23539
23541
23542
23543
23545
23549
23551
23552
23553
23555
23558
23560
23561
23562
23563
23565
23567
23568
23569
23570
23572
23574
23579
23584
23585
23589
23593
23594
23599
23602
23604
23606
23607
23608
23609
23610
23611
23612
23613
23617
23620
23621
23622
23623
23624
23625
23626
23627
23629
23630
23631
23632
23634
23635
23640
23643
23645
23646
23647
23649
23651
23652
23653
23654
23655
23656
23659
23660
23662
23666
23667
23669
23671
23673
23679
23682
23684
23686
23687
23688
23689
23691
23692
23694
23696
23698
23701
23702
23706
23707
23710
23711
23712
23714
23715
23717
23719
23720
23723
23724
23725
23727
23730
23736
23742
23743
23745
23746
23747
23750
23751
23752
23754
23757
23758
23759
23760
23761
23765
23766
23767
23769
23770
23771
23773
23774
23779
23781
23782
23784
23785
23787
23788
23789
23795
23797
23798
23800
23803
23805
23808
23809
23810
23813
23816
23820
23821
23824
23827
23828
23829
23830
23831
23839
23840
23842
23843
23844
23845
23847
23850
23854
23855
23858
23861
23862
23863
23864
23865
23867
23869
23871
23872
23874
23876
23877
23878
23881
23882
23883
23886
23887
23888
23889
23892
23894
23897
23898
23901
23902
23904
23905
23910
23911
23918
23920
23921
23924
23928
23929
23931
23933
23939
23940
23942
23943
23945
23947
23948
23955
23957
23960
23962
23963
23968
23969
23970
23972
23974
23978
23980
23981
23982
23984
23987
23988
23990
23991
23992
23993
23994
23995
23998
23999
24000
24003
24005
24008
24011
24012
24017
24018
24019
24029
24031
24035
24039
24042
24043
24044
24045
24046
24049
24051
24052
24055
24057
24058
24059
24061
24062
24064
24067
24068
24070
24072
24074
24075
24076
24080
24082
24086
24087
24088
24089
24099
24100
24103
24104
24106
24107
24108
24110
24111
24113
24114
24117
24118
24120
24125
24126
24128
24129
24130
24131
24132
24133
24134
24135
24137
24139
24140
24142
24144
24145
24146
24149
24152
24153
24155
24157
24158
24159
24161
24162
24164
24165
24169
24171
24172
24174
24176
24180
24181
24182
24189
24194
24195
24196
24198
24202
24203
24208
24212
24214
24215
24216
24220
24232
24234
24238
24239
24240
24241
24248
24249
24251
24252
24256
24257
24258
24259
24260
24263
24264
24267
24269
24270
24273
24278
24279
24282
24283
24284
24286
24287
24288
24292
24294
24299
24301
24306
24307
24309
24313
24318
24320
24321
24326
24327
24328
24329
24331
24335
24338
24339
24345
24347
24352
24355
24357
24359
24361
24362
24371
24372
24373
24374
24375
24378
24379
24380
24388
24391
24392
24394
24395
24396
24397
24400
24404
24405
24406
24409
24410
24413
24414
24415
24416
24417
24418
24419
24421
24422
24423
24424
24428
24429
24430
24431
24432
24433
24435
24437
24441
24442
24444
24446
24448
24449
24450
24452
24454
24455
24456
24457
24458
24464
24466
24467
24468
24471
24473
24474
24476
24477
24479
24480
24482
24483
24488
24489
24491
24492
24494
24495
24498
24499
24500
24505
24506
24511
24514
24516
24518
24519
24520
24524
24525
24529
24532
24534
24537
24538
24539
24540
24543
24545
24549
24550
24552
24553
24554
24556
24557
24558
24560
24561
24569
24576
24577
24581
24585
24588
24589
24592
24593
24594
24595
24597
24598
24599
24602
24605
24607
24608
24610
24611
24612
24615
24616
24618
24619
24620
24621
24623
24626
24630
24632
24640
24645
24646
24648
24650
24651
24652
24653
24654
24655
24659
24663
24665
24666
24670
24671
24673
24677
24678
24680
24681
24682
24683
24684
24685
24686
24688
24691
24692
24694
24695
24696
24697
24704
24705
24706
24707
24709
24710
24711
24712
24714
24717
24718
24728
24729
24736
24737
24739
24740
24741
24743
24745
24748
24750
24756
24757
24758
24759
24760
24761
24767
24768
24769
24770
24771
24774
24776
24778
24779
24780
24783
24784
24788
24789
24790
24793
24796
24798
24803
24805
24808
24809
24814
24815
24819
24820
24823
24825
24827
24829
24832
24833
24834
24835
24839
24841
24843
24847
24849
24853
24855
24857
24859
24866
24867
24871
24872
24873
24875
24877
24879
24881
24882
24885
24888
24889
24892
24895
24896
24897
24898
24899
24901
24902
24906
24908
24910
24912
24913
24915
24916
24920
24922
24923
24924
24925
24928
24929
24933
24934
24940
24941
24943
24945
24949
24950
24953
24957
24961
24966
24969
24975
24978
24980
24981
24982
24984
24985
24989
24990
24994
24995
24996
24997
24998
25003
25009
25010
25011
25012
25013
25014
25015
25017
25021
25022
25024
25026
25027
25028
25029
25031
25032
25035
25037
25038
25039
25040
25042
25046
25047
25048
25055
25056
25057
25058
25059
25060
25061
25066
25069
25070
25071
25072
25076
25080
25087
25088
25089
25090
25097
25099
25100
25102
25106
25107
25108
25109
25110
25112
25119
25121
25123
25125
25127
25130
25132
25134
25135
25136
25138
25139
25143
25144
25150
25151
25154
25155
25156
25158
25159
25165
25169
25172
25173
25174
25176
25179
25180
25183
25184
25185
25188
25189
25191
25192
25193
25195
25196
25197
25198
25205
25206
25213
25219
25220
25222
25229
25230
25231
25233
25234
25235
25236
25238
25239
25240
25242
25246
25247
25251
25259
25261
25262
25263
25266
25268
25271
25272
25274
25275
25276
25278
25279
25280
25281
25285
25287
25288
25290
25293
25295
25296
25297
25298
25302
25303
25307
25308
25309
25313
25316
25318
25319
25321
25323
25324
25326
25327
25328
25329
25330
25332
25333
25335
25336
25340
25341
25342
25345
25346
25347
25348
25350
25352
25354
25356
25357
25358
25359
25360
25361
25362
25363
25364
25365
25366
25368
25369
25372
25373
25374
25375
25376
25378
25381
25384
25385
25388
25390
25392
25394
25396
25399
25401
25403
25404
25405
25409
25411
25413
25414
25415
25416
25417
25421
25422
25425
25426
25431
25433
25435
25436
25437
25438
25439
25441
25443
25444
25445
25446
25447
25448
25450
25452
25453
25454
25457
25458
25461
25463
25465
25466
25467
25475
25476
25477
25478
25479
25482
25483
25484
25486
25488
25489
25491
25492
25494
25495
25496
25497
25498
25500
25501
25505
25507
25510
25511
25512
25514
25515
25517
25520
25521
25524
25525
25526
25527
25529
25531
25533
25534
25536
25538
25540
25541
25542
25545
25551
25554
25556
25560
25563
25565
25566
25567
25568
25569
25575
25576
25578
25579
25581
25582
25585
25588
25589
25590
25592
25593
25596
25601
25603
25604
25606
25608
25610
25612
25614
25615
25616
25623
25625
25630
25631
25634
25635
25636
25637
25638
25639
25641
25647
25648
25649
25650
25651
25652
25653
25656
25657
25659
25660
25661
25665
25666
25668
25669
25670
25671
25672
25674
25676
25677
25679
25683
25684
25685
25687
25694
25696
25697
25698
25699
25701
25703
25706
25707
25713
25724
25726
25727
25728
25729
25732
25733
25734
25735
25739
25742
25743
25744
25747
25748
25750
25751
25752
25753
25755
25759
25760
25761
25763
25764
25765
25767
25768
25769
25774
25775
25776
25777
25778
25784
25789
25793
25795
25796
25797
25799
25800
25803
25808
25809
25812
25813
25815
25817
25819
25820
25821
25829
25834
25839
25840
25842
25843
25844
25845
25846
25847
25849
25850
25852
25853
25854
25859
25860
25861
25862
25863
25867
25870
25871
25873
25874
25878
25879
25881
25882
25886
25887
25888
25892
25894
25895
25897
25898
25900
25904
25906
25908
25909
25911
25912
25915
25916
25919
25920
25921
25922
25923
25925
25926
25929
25934
25935
25937
25942
25945
25946
25947
25948
25951
25952
25954
25955
25956
25957
25959
25963
25965
25967
25972
25973
25974
25975
25978
25980
25981
25982
25983
25985
25986
25987
25988
25991
25992
25993
25995
25996
25999
26000
26001
26004
26005
26006
26009
26011
26013
26016
26017
26018
26020
26021
26027
26028
26029
26030
26031
26034
26036
26039
26043
26045
26046
26051
26053
26057
26058
26059
26064
26066
26069
26070
26071
26072
26074
26075
26076
26077
26078
26081
26082
26083
26085
26086
26087
26088
26089
26090
26092
26095
26096
26097
26100
26103
26105
26106
26109
26110
26111
26112
26113
26116
26118
26119
26120
26121
26125
26127
26129
26130
26131
26133
26134
26135
26136
26138
26142
26144
26145
26146
26149
26151
26152
26154
26155
26158
26159
26160
26163
26165
26166
26169
26171
26173
26174
26175
26176
26178
26181
26187
26188
26191
26195
26198
26199
26201
26203
26210
26212
26216
26217
26219
26220
26221
26223
26224
26226
26230
26231
26232
26238
26243
26244
26245
26250
26251
26252
26255
26256
26257
26265
26267
26268
26269
26272
26276
26278
26279
26280
26281
26283
26285
26286
26290
26292
26293
26295
26296
26297
26298
26301
26302
26303
26304
26305
26307
26310
26311
26315
26319
26329
26330
26332
26333
26335
26337
26339
26341
26347
26349
26351
26353
26354
26357
26359
26361
26362
26364
26367
26369
26371
26373
26374
26375
26376
26377
26378
26382
26383
26385
26386
26387
26391
26392
26393
26394
26395
26397
26399
26400
26402
26405
26408
26409
26410
26413
26414
26416
26417
26418
26419
26420
26421
26422
26423
26424
26426
26428
26430
26431
26432
26433
26434
26435
26440
26441
26443
26445
26447
26448
26449
26450
26452
26454
26455
26456
26460
26461
26465
26466
26467
26469
26471
26474
26476
26478
26479
26480
26481
26483
26484
26485
26489
26493
26494
26495
26496
26497
26498
26499
26504
26505
26506
26508
26510
26511
26513
26514
26518
26522
26523
26525
26530
26535
26541
26542
26544
26553
26559
26560
26562
26563
26567
26568
26572
26573
26575
26576
26577
26578
26580
26581
26584
26586
26589
26590
26592
26594
26597
26598
26599
26601
26603
26604
26607
26609
26611
26615
26616
26620
26623
26625
26626
26629
26630
26632
26633
26635
26638
26643
26646
26647
26648
26652
26654
26655
26656
26658
26659
26660
26662
26663
26664
26665
26668
26670
26672
26673
26674
26675
26676
26680
26682
26683
26687
26688
26689
26691
26692
26693
26694
26695
26696
26697
26700
26704
26706
26707
26711
26712
26716
26718
26719
26721
26722
26725
26726
26727
26728
26730
26732
26736
26739
26740
26741
26742
26743
26744
26747
26751
26752
26757
26761
26767
26768
26771
26772
26773
26775
26776
26780
26783
26784
26787
26788
26789
26791
26794
26795
26796
26797
26798
26800
26803
26809
26810
26813
26814
26815
26819
26823
26825
26826
26827
26828
26829
26830
26831
26833
26835
26836
26840
26842
26844
26845
26847
26848
26850
26851
26852
26853
26854
26855
26856
26860
26864
26866
26868
26869
26870
26871
26874
26881
26882
26883
26885
26888
26890
26891
26892
26893
26896
26897
26901
26904
26905
26906
26910
26912
26913
26915
26916
26919
26922
26924
26925
26928
26929
26935
26936
26937
26939
26940
26942
26944
26945
26947
26948
26949
26950
26956
26958
26959
26960
26962
26965
26966
26967
26968
26969
26970
26973
26976
26978
26979
26980
26981
26983
26984
26985
26987
26988
26989
26991
26992
26994
26995
26997
26999
27000
27001
27002
27004
27006
27008
27010
27012
27013
27014
27015
27017
27019
27020
27023
27024
27026
27027
27029
27031
27035
27036
27037
27039
27042
27045
27046
27048
27049
27051
27052
27053
27054
27057
27058
27060
27061
27064
27066
27067
27068
27071
27073
27074
27075
27076
27077
27078
27079
27081
27083
27085
27088
27090
27092
27093
27095
27096
27098
27099
27100
27103
27105
27106
27109
27112
27115
27117
27118
27123
27125
27126
27128
27131
27132
27133
27134
27136
27138
27139
27141
27142
27143
27144
27145
27146
27147
27148
27149
27151
27152
27154
27156
27157
27161
27163
27164
27169
27170
27176
27177
27181
27184
27185
27186
27187
27190
27192
27195
27201
27202
27206
27207
27209
27213
27214
27216
27217
27219
27220
27229
27231
27232
27233
27234
27235
27236
27238
27239
27241
27242
27244
27246
27249
27250
27252
27254
27257
27258
27259
27261
27264
27267
27268
27269
27270
27274
27276
27278
27279
27282
27283
27284
27287
27290
27294
27297
27298
27299
27300
27301
27302
27303
27306
27308
27310
27311
27314
27315
27319
27322
27323
27326
27328
27329
27331
27332
27333
27334
27336
27339
27342
27343
27347
27348
27349
27351
27356
27357
27361
27364
27368
27369
27374
27375
27377
27378
27381
27383
27387
27388
27390
27394
27397
27399
27402
27404
27407
27408
27415
27417
27418
27422
27426
27429
27431
27434
27436
27438
27439
27440
27441
27442
27444
27447
27448
27449
27451
27452
27453
27454
27455
27457
27458
27460
27461
27463
27464
27466
27468
27473
27474
27475
27476
27480
27481
27483
27485
27486
27487
27488
27489
27490
27492
27493
27497
27498
27500
27503
27504
27505
27506
27507
27508
27509
27511
27512
27514
27515
27516
27519
27520
27521
27523
27524
27527
27529
27531
27532
27535
27537
27539
27541
27542
27544
27546
27547
27548
27549
27550
27552
27553
27554
27557
27561
27564
27565
27569
27570
27574
27575
27577
27579
27580
27581
27582
27583
27589
27590
27594
27595
27598
27599
27601
27606
27607
27610
27611
27612
27615
27617
27620
27624
27626
27627
27636
27637
27638
27639
27641
27643
27644
27645
27646
27647
27649
27655
27656
27657
27659
27660
27663
27665
27668
27669
27674
27675
27676
27678
27680
27683
27684
27685
27687
27689
27691
27696
27697
27703
27705
27706
27707
27708
27711
27713
27715
27716
27717
27722
27725
27726
27728
27729
27732
27733
27739
27740
27744
27745
27746
27749
27752
27754
27759
27762
27765
27769
27771
27773
27774
27776
27777
27779
27783
27784
27785
27789
27791
27792
27797
27798
27800
27801
27802
27805
27808
27809
27812
27813
27814
27815
27816
27818
27819
27824
27825
27826
27827
27828
27829
27830
27831
27832
27834
27835
27836
27838
27839
27842
27844
27847
27848
27850
27851
27855
27856
27859
27862
27863
27866
27870
27871
27872
27873
27874
27875
27876
27878
27880
27883
27885
27886
27887
27888
27889
27890
27893
27897
27898
27899
27901
27902
27904
27905
27909
27911
27914
27916
27918
27919
27920
27921
27925
27932
27934
27936
27937
27939
27940
27941
27943
27944
27945
27947
27949
27951
27952
27954
27955
27956
27957
27959
27961
27962
27963
27964
27969
27970
27972
27973
27975
27977
27978
27979
27982
27983
27985
27986
27987
27989
27990
27993
27994
27998
28002
28004
28005
28006
28007
28010
28012
28015
28016
28017
28019
28020
28021
28022
28023
28026
28027
28029
28030
28031
28034
28037
28038
28039
28045
28046
28047
28050
28052
28053
28056
28057
28059
28061
28062
28064
28069
28070
28071
28074
28075
28076
28077
28078
28079
28081
28083
28084
28085
28086
28087
28089
28090
28093
28096
28099
28100
28106
28108
28111
28114
28115
28116
28117
28119
28120
28122
28123
28128
28129
28130
28131
28132
28134
28135
28137
28138
28139
28140
28144
28145
28146
28147
28150
28152
28155
28157
28158
28159
28160
28162
28163
28165
28167
28172
28174
28176
28178
28179
28181
28182
28184
28186
28187
28189
28192
28194
28196
28197
28198
28201
28202
28203
28204
28205
28207
28208
28209
28212
28213
28220
28221
28224
28225
28226
28227
28228
28229
28230
28231
28232
28233
28237
28240
28242
28244
28245
28246
28248
28249
28250
28251
28256
28264
28265
28268
28269
28270
28271
28272
28273
28275
28277
28278
28280
28282
28283
28284
28285
28287
28289
28290
28291
28293
28294
28296
28297
28303
28304
28307
28309
28310
28311
28315
28316
28318
28319
28322
28324
28325
28330
28331
28332
28333
28334
28337
28339
28344
28345
28346
28350
28351
28352
28353
28355
28359
28361
28363
28364
28366
28367
28369
28374
28375
28376
28379
28381
28383
28386
28387
28388
28389
28391
28394
28396
28400
28405
28406
28409
28411
28413
28414
28415
28417
28418
28419
28420
28421
28423
28424
28429
28431
28436
28437
28438
28439
28443
28445
28447
28448
28451
28452
28453
28455
28456
28460
28462
28464
28466
28467
28472
28474
28475
28478
28479
28480
28482
28483
28484
28487
28489
28490
28491
28492
28493
28500
28501
28503
28505
28506
28507
28508
28510
28511
28512
28515
28516
28518
28520
28521
28522
28523
28524
28525
28527
28529
28531
28532
28533
28534
28543
28545
28548
28549
28550
28551
28552
28553
28554
28555
28557
28558
28559
28560
28564
28566
28569
28570
28572
28573
28574
28575
28576
28577
28580
28581
28582
28583
28584
28587
28588
28590
28591
28594
28595
28597
28598
28600
28601
28603
28605
28606
28609
28611
28612
28613
28614
28615
28616
28619
28620
28626
28629
28630
28632
28634
28637
28638
28640
28642
28643
28644
28645
28646
28652
28653
28654
28655
28656
28657
28660
28664
28665
28667
28668
28669
28670
28672
28673
28674
28678
28679
28680
28681
28682
28683
28686
28690
28691
28693
28694
28695
28696
28698
28699
28703
28704
28710
28711
28716
28719
28720
28721
28722
28724
28725
28728
28730
28732
28733
28734
28735
28736
28740
28741
28743
28744
28745
28747
28748
28749
28752
28753
28754
28756
28757
28759
28760
28761
28762
28764
28765
28766
28769
28772
28773
28774
28775
28776
28777
28779
28780
28781
28784
28785
28786
28787
28789
28790
28792
28793
28795
28796
28797
28798
28801
28802
28804
28806
28807
28808
28809
28811
28813
28814
28816
28818
28819
28820
28823
28824
28826
28827
28828
28829
28831
28832
28834
28836
28839
28840
28841
28843
28844
28846
28848
28849
28850
28851
28852
28854
28858
28860
28861
28863
28865
28866
28869
28870
28871
28876
28877
28878
28883
28884
28886
28888
28890
28891
28892
28893
28896
28897
28900
28901
28903
28904
28905
28907
28908
28910
28911
28912
28913
28914
28917
28922
28925
28927
28929
28930
28932
28933
28934
28935
28936
28937
28938
28939
28940
28941
28944
28947
28948
28949
28951
28952
28957
28959
28960
28963
28965
28966
28967
28968
28969
28971
28972
28974
28975
28977
28978
28980
28982
28984
28987
28989
28991
28992
28993
28994
28996
29000
29001
29002
29004
29008
29010
29011
29013
29020
29021
29022
29023
29024
29025
29027
29030
29032
29034
29036
29037
29039
29042
29043
29047
29048
29049
29050
29053
29054
29055
29056
29057
29059
29061
29065
29066
29067
29069
29072
29073
29076
29077
29078
29079
29080
29082
29083
29084
29086
29087
29091
29092
29093
29095
29097
29098
29099
29101
29102
29104
29107
29111
29117
29118
29119
29121
29122
29124
29126
29128
29130
29132
29135
29137
29138
29141
29142
29143
29145
29146
29147
29148
29150
29151
29152
29154
29156
29158
29160
29161
29162
29163
29165
29167
29168
29170
29171
29172
29173
29175
29176
29180
29181
29184
29185
29186
29187
29188
29191
29194
29195
29196
29197
29198
29199
29200
29201
29205
29206
29207
29209
29213
29214
29215
29218
29219
29220
29223
29224
29225
29226
29227
29228
29231
29232
29235
29236
29238
29240
29241
29242
29243
29245
29247
29248
29250
29251
29252
29254
29255
29256
29257
29258
29260
29264
29265
29266
29268
29271
29272
29275
29276
29277
29279
29281
29285
29288
29289
29290
29291
29294
29295
29304
29305
29307
29308
29311
29312
29314
29315
29317
29319
29320
29323
29324
29325
29326
29330
29332
29333
29334
29335
29336
29338
29340
29341
29342
29343
29344
29345
29347
29348
29349
29352
29354
29356
29358
29360
29363
29364
29365
29366
29367
29368
29372
29373
29374
29375
29376
29379
29380
29382
29383
29384
29385
29387
29390
29391
29394
29395
29398
29401
29402
29403
29405
29406
29409
29411
29417
29421
29423
29424
29426
29427
29428
29432
29433
29437
29441
29444
29445
29447
29448
29451
29452
29453
29455
29459
29460
29461
29466
29467
29468
29474
29476
29477
29483
29484
29486
29488
29489
29494
29495
29496
29497
29498
29499
29501
29504
29509
29513
29514
29515
29516
29519
29521
29522
29524
29528
29529
29530
29532
29536
29537
29539
29543
29544
29546
29547
29548
29553
29555
29556
29557
29558
29559
29565
29566
29568
29573
29576
29577
29578
29579
29580
29583
29585
29586
29590
29597
29598
29599
29600
29601
29602
29603
29604
29605
29606
29608
29610
29613
29614
29620
29621
29623
29624
29626
29627
29628
29630
29632
29633
29634
29638
29639
29640
29641
29644
29645
29646
29651
29656
29658
29659
29660
29661
29662
29664
29666
29668
29669
29671
29673
29676
29679
29680
29681
29682
29684
29685
29687
29688
29690
29692
29693
29695
29698
29701
29703
29705
29706
29708
29710
29711
29713
29714
29716
29717
29718
29719
29721
29722
29724
29726
29727
29729
29733
29734
29735
29736
29737
29739
29740
29741
29742
29744
29746
29747
29750
29756
29757
29758
29759
29761
29764
29766
29767
29769
29772
29773
29774
29777
29779
29782
29788
29789
29790
29794
29795
29798
29799
29800
29801
29802
29803
29805
29807
29810
29813
29814
29816
29818
29819
29821
29825
29826
29829
29833
29834
29835
29836
29837
29841
29842
29847
29848
29849
29856
29857
29859
29861
29862
29863
29864
29865
29871
29873
29874
29876
29878
29881
29882
29885
29886
29888
29892
29894
29895
29896
29897
29898
29901
29902
29904
29907
29909
29911
29912
29914
29915
29916
29917
29919
29920
29922
29923
29924
29929
29930
29932
29936
29937
29939
29940
29943
29944
29946
29947
29948
29949
29952
29954
29959
29961
29962
29963
29966
29967
29970
29971
29972
29974
29977
29978
29979
29981
29983
29987
29989
29990
29996
30000
30001
30002
30004
30005
30006
30008
30009
30010
30012
30013
30015
30023
30024
30025
30026
30028
30030
30031
30032
30033
30034
30039
30041
30042
30044
30045
30048
30050
30051
30055
30059
30060
30061
30062
30063
30065
30066
30067
30068
30071
30072
30073
30075
30076
30077
30078
30079
30080
30081
30082
30083
30084
30085
30088
30089
30091
30092
30093
30095
30099
30100
30102
30103
30105
30109
30110
30111
30112
30113
30115
30116
30117
30121
30126
30128
30129
30130
30131
30132
30133
30134
30136
30137
30138
30141
30144
30149
30153
30156
30158
30159
30161
30163
30165
30166
30167
30168
30169
30170
30172
30175
30176
30177
30178
30188
30189
30191
30193
30194
30195
30197
30199
30200
30201
30206
30207
30208
30210
30213
30215
30217
30222
30225
30227
30228
30229
30232
30233
30234
30238
30241
30242
30243
30244
30247
30248
30249
30255
30256
30257
30259
30260
30264
30266
30267
30268
30270
30271
30273
30274
30275
30277
30281
30282
30283
30286
30288
30291
30294
30295
30297
30298
30301
30302
30304
30305
30309
30310
30311
30312
30314
30315
30316
30317
30318
30321
30322
30325
30328
30329
30330
30332
30333
30334
30335
30338
30341
30342
30343
30345
30348
30350
30353
30354
30356
30357
30360
30361
30362
30365
30366
30369
30375
30376
30378
30380
30382
30384
30385
30386
30388
30391
30392
30393
30395
30396
30398
30400
30402
30403
30408
30409
30410
30414
30416
30417
30418
30419
30420
30421
30423
30424
30426
30428
30429
30431
30432
30433
30434
30438
30440
30441
30444
30445
30446
30447
30448
30449
30450
30454
30455
30457
30458
30459
30461
30464
30468
30469
30471
30472
30476
30477
30478
30480
30481
30482
30485
30486
30487
30489
30490
30491
30495
30497
30500
30501
30503
30504
30505
30509
30512
30513
30514
30517
30518
30525
30526
30527
30528
30530
30531
30532
30533
30534
30536
30540
30541
30542
30543
30544
30545
30547
30548
30549
30550
30552
30553
30554
30555
30556
30557
30558
30559
30560
30565
30566
30569
30570
30572
30573
30574
30577
30579
30580
30581
30583
30585
30587
30588
30589
30590
30592
30595
30598
30599
30602
30605
30607
30608
30609
30610
30612
30614
30616
30617
30619
30620
30621
30622
30626
30627
30628
30629
30630
30631
30633
30638
30639
30641
30643
30645
30651
30654
30655
30658
30661
30664
30665
30669
30671
30673
30676
30680
30681
30682
30685
30689
30693
30694
30696
30698
30699
30700
30701
30702
30703
30704
30706
30707
30708
30709
30711
30712
30714
30715
30716
30717
30720
30721
30723
30726
30728
30729
30732
30734
30735
30736
30737
30739
30740
30741
30743
30747
30750
30751
30752
30753
30754
30757
30759
30765
30766
30767
30768
30770
30771
30772
30773
30774
30777
30780
30781
30782
30783
30785
30786
30788
30791
30792
30793
30795
30796
30797
30798
30801
30802
30803
30804
30806
30809
30811
30813
30815
30817
30818
30819
30820
30822
30825
30828
30829
30830
30831
30833
30834
30838
30840
30842
30843
30844
30845
30846
30849
30850
30856
30858
30859
30860
30861
30862
30865
30866
30868
30870
30872
30873
30877
30878
30879
30880
30881
30884
30886
30887
30888
30890
30892
30893
30897
30898
30902
30903
30905
30907
30908
30911
30913
30916
30920
30921
30923
30925
30926
30929
30930
30932
30933
30934
30935
30936
30938
30939
30940
30943
30945
30946
30947
30948
30949
30950
30953
30955
30958
30961
30962
30963
30964
30965
30966
30967
30969
30970
30971
30973
30975
30976
30978
30980
30981
30984
30985
30987
30989
30990
30991
30992
30993
30994
30995
30999
31001
31002
31003
31004
31006
31008
31014
31015
31016
31017
31018
31019
31020
31021
31023
31026
31027
31029
31031
31033
31035
31039
31041
31042
31043
31044
31045
31046
31048
31050
31051
31052
31054
31055
31056
31059
31060
31066
31067
31068
31069
31070
31071
31073
31075
31076
31078
31080
31081
31083
31089
31090
31093
31094
31095
31096
31102
31106
31107
31108
31110
31111
31112
31113
31115
31116
31117
31120
31121
31122
31123
31125
31131
31132
31134
31135
31139
31140
31141
31142
31145
31146
31148
31149
31152
31155
31156
31158
31159
31160
31161
31163
31166
31170
31171
31174
31175
31176
31177
31178
31181
31183
31185
31186
31187
31188
31190
31191
31194
31197
31202
31203
31214
31215
31216
31217
31218
31221
31222
31224
31225
31229
31232
31235
31237
31238
31239
31246
31247
31248
31252
31253
31254
31257
31258
31260
31261
31263
31268
31269
31274
31277
31279
31280
31281
31282
31283
31289
31290
31292
31293
31295
31296
31297
31298
31299
31301
31303
31306
31307
31309
31310
31313
31316
31319
31320
31321
31322
31323
31326
31328
31329
31330
31331
31332
31333
31334
31336
31340
31344
31345
31353
31356
31357
31359
31361
31362
31364
31365
31366
31368
31369
31370
31371
31372
31373
31374
31375
31376
31378
31381
31382
31383
31384
31385
31386
31387
31390
31393
31394
31395
31396
31398
31399
31400
31401
31402
31406
31407
31408
31409
31412
31415
31416
31417
31419
31421
31423
31424
31425
31426
31429
31432
31433
31434
31437
31441
31444
31447
31448
31449
31450
31452
31453
31454
31455
31457
31458
31459
31460
31463
31465
31468
31469
31472
31473
31474
31475
31476
31477
31478
31480
31481
31482
31486
31490
31491
31492
31493
31495
31496
31497
31499
31500
31501
31503
31504
31506
31511
31512
31513
31514
31518
31522
31523
31527
31531
31532
31533
31535
31536
31538
31539
31542
31545
31546
31549
31554
31555
31557
31560
31563
31566
31567
31568
31570
31573
31574
31576
31577
31578
31579
31582
31583
31585
31587
31590
31591
31592
31594
31595
31597
31599
31601
31603
31607
31608
31609
31613
31615
31618
31620
31622
31623
31628
31630
31631
31632
31633
31635
31636
31638
31639
31641
31642
31643
31644
31645
31648
31651
31653
31655
31657
31658
31659
31664
31666
31667
31668
31669
31670
31674
31675
31676
31678
31679
31680
31681
31682
31683
31684
31687
31688
31689
31694
31697
31698
31700
31701
31702
31703
31704
31707
31710
31711
31715
31716
31717
31719
31721
31722
31726
31728
31729
31730
31731
31732
31734
31736
31738
31739
31742
31743
31746
31747
31748
31751
31754
31755
31756
31757
31758
31759
31760
31761
31763
31767
31768
31771
31772
31773
31774
31775
31779
31780
31782
31783
31784
31785
31786
31787
31790
31796
31797
31798
31799
31801
31803
31804
31805
31806
31807
31808
31809
31811
31817
31818
31819
31822
31823
31825
31827
31828
31829
31830
31831
31832
31834
31836
31837
31839
31840
31842
31843
31844
31845
31847
31848
31851
31852
31853
31854
31855
31856
31857
31860
31863
31864
31865
31866
31867
31869
31870
31872
31873
31877
31879
31880
31887
31889
31890
31892
31893
31894
31895
31897
31898
31903
31904
31905
31908
31909
31910
31912
31913
31914
31915
31916
31917
31920
31922
31923
31924
31926
31927
31928
31929
31933
31934
31937
31938
31939
31944
31948
31949
31952
31953
31954
31955
31956
31958
31960
31962
31963
31967
31969
31976
31977
31979
31981
31982
31983
31987
31990
31991
31993
31994
31998
31999
32000
32004
32008
32011
32012
32014
32017
32018
32019
32020
32021
32022
32023
32025
32026
32027
32028
32029
32030
32033
32034
32035
32036
32037
32038
32040
32041
32043
32044
32046
32047
32051
32053
32054
32057
32059
32060
32062
32063
32064
32066
32067
32068
32069
32070
32072
32077
32078
32079
32080
32081
32082
32083
32085
32086
32089
32090
32091
32092
32093
32094
32095
32097
32098
32100
32101
32103
32104
32105
32106
32108
32109
32111
32112
32113
32118
32119
32120
32121
32123
32124
32125
32126
32128
32130
32131
32132
32134
32136
32139
32141
32142
32146
32149
32150
32151
32152
32154
32155
32156
32158
32159
32161
32164
32165
32166
32167
32169
32172
32173
32174
32175
32177
32178
32179
32180
32182
32183
32185
32186
32187
32188
32189
32192
32194
32196
32197
32199
32200
32202
32203
32204
32206
32207
32209
32211
32212
32213
32214
32215
32216
32217
32219
32221
32223
32225
32226
32229
32231
32232
32233
32234
32238
32240
32243
32244
32246
32247
32249
32252
32253
32255
32258
32259
32262
32263
32264
32265
32266
32268
32272
32273
32274
32275
32276
32278
32279
32281
32287
32289
32291
32292
32295
32296
32297
32298
32299
32301
32302
32305
32306
32307
32308
32316
32317
32318
32319
32322
32324
32325
32326
32329
32333
32336
32338
32339
32340
32342
32347
32349
32350
32351
32353
32355
32356
32357
32358
32359
32361
32362
32363
32366
32367
32371
32372
32375
32377
32383
32384
32385
32386
32389
32390
32392
32393
32394
32395
32397
32399
32400
32401
32402
32403
32404
32405
32407
32408
32409
32413
32414
32415
32416
32417
32418
32419
32420
32422
32423
32426
32429
32430
32431
32432
32435
32436
32437
32438
32441
32442
32443
32444
32446
32448
32452
32454
32455
32458
32459
32461
32463
32464
32465
32466
32469
32470
32473
32474
32475
32476
32478
32481
32484
32485
32486
32489
32492
32494
32497
32499
32500
32501
32502
32505
32506
32507
32509
32510
32513
32514
32517
32518
32520
32522
32523
32525
32526
32527
32528
32529
32533
32535
32536
32537
32538
32539
32540
32541
32542
32543
32547
32551
32552
32553
32554
32559
32560
32561
32562
32564
32566
32568
32569
32574
32575
32576
32577
32578
32580
32581
32583
32585
32586
32587
32589
32592
32593
32598
32600
32602
32604
32605
32606
32613
32614
32618
32620
32621
32622
32625
32627
32628
32630
32632
32637
32638
32642
32643
32644
32647
32648
32649
32651
32652
32653
32654
32659
32660
32661
32662
32669
32670
32672
32676
32677
32678
32679
32681
32684
32686
32687
32688
32693
32694
32695
32697
32699
32700
32701
32703
32704
32705
32706
32707
32708
32709
32710
32714
32716
32718
32722
32724
32729
32730
32731
32732
32733
32734
32735
32736
32737
32738
32739
32742
32743
32744
32746
32747
32753
32755
32756
32757
32758
32760
32761
32762
32763
32764
32768
32771
32775
32776
32778
32779
32780
32782
32789
32791
32794
32796
32797
32799
32800
32803
32805
32806
32807
32808
32810
32811
32812
32813
32816
32817
32823
32824
32825
32826
32831
32833
32836
32838
32839
32840
32841
32842
32843
32845
32846
32847
32849
32855
32858
32859
32860
32863
32864
32867
32868
32870
32871
32874
32875
32876
32877
32886
32887
32890
32893
32896
32898
32899
32900
32901
32902
32904
32906
32908
32909
32910
32911
32912
32913
32914
32919
32920
32922
32926
32927
32928
32932
32934
32935
32936
32937
32938
32940
32941
32943
32945
32946
32948
32950
32951
32952
32957
32959
32960
32962
32963
32965
32966
32970
32972
32973
32976
32978
32980
32981
32983
32984
32986
32987
32989
32990
32991
32992
32993
32996
32997
32999
33000
33001
33004
33006
33007
33008
33009
33012
33013
33014
33016
33019
33020
33022
33028
33029
33031
33032
33035
33036
33037
33038
33039
33040
33043
33044
33045
33046
33047
33048
33049
33050
33051
33052
33054
33055
33056
33057
33058
33063
33064
33065
33068
33069
33072
33073
33076
33077
33079
33080
33081
33082
33083
33084
33086
33087
33090
33092
33096
33097
33099
33100
33101
33102
33103
33104
33106
33114
33116
33117
33118
33121
33122
33123
33124
33127
33128
33131
33132
33133
33134
33135
33136
33137
33138
33139
33141
33143
33144
33145
33148
33149
33150
33155
33156
33157
33160
33161
33162
33163
33166
33167
33168
33169
33172
33173
33174
33175
33176
33178
33180
33181
33183
33187
33189
33190
33193
33194
33195
33197
33198
33200
33201
33202
33203
33205
33207
33209
33212
33213
33215
33219
33221
33222
33223
33225
33227
33228
33232
33234
33236
33237
33240
33242
33243
33245
33246
33247
33248
33249
33250
33252
33253
33255
33257
33258
33262
33263
33266
33267
33270
33274
33275
33278
33280
33281
33282
33285
33288
33290
33292
33300
33304
33305
33307
33308
33309
33315
33316
33317
33321
33322
33323
33325
33326
33327
33328
33329
33330
33334
33335
33338
33339
33345
33346
33347
33348
33349
33350
33352
33353
33354
33355
33357
33359
33360
33361
33364
33365
33368
33369
33370
33372
33373
33374
33375
33379
33380
33383
33384
33385
33390
33391
33392
33393
33394
33396
33397
33399
33402
33404
33405
33409
33410
33411
33412
33414
33415
33416
33417
33419
33420
33422
33423
33425
33427
33428
33429
33432
33433
33434
33437
33438
33439
33440
33442
33444
33448
33450
33452
33453
33454
33456
33457
33458
33460
33465
33468
33469
33470
33471
33473
33474
33475
33477
33478
33479
33480
33481
33482
33483
33484
33485
33486
33487
33489
33491
33493
33494
33496
33497
33498
33499
33500
33502
33504
33505
33506
33507
33510
33511
33512
33513
33514
33515
33516
33518
33520
33521
33523
33526
33528
33529
33530
33531
33533
33534
33536
33537
33538
33540
33542
33543
33545
33546
33547
33548
33549
33551
33557
33558
33559
33560
33562
33563
33564
33566
33568
33569
33571
33573
33574
33575
33576
33577
33581
33582
33585
33587
33588
33589
33592
33594
33595
33596
33597
33598
33599
33600
33602
33604
33605
33606
33607
33610
33612
33614
33615
33616
33618
33619
33620
33622
33623
33624
33627
33628
33629
33630
33636
33637
33638
33641
33643
33650
33653
33656
33657
33659
33661
33663
33665
33668
33669
33672
33674
33675
33676
33677
33678
33679
33680
33681
33683
33688
33689
33690
33693
33695
33696
33697
33698
33699
33701
33703
33704
33705
33706
33707
33708
33710
33712
33715
33716
33717
33719
33721
33722
33726
33727
33728
33734
33736
33737
33739
33743
33745
33748
33749
33751
33754
33755
33757
33760
33762
33765
33769
33770
33772
33774
33778
33780
33781
33783
33784
33785
33788
33790
33792
33795
33796
33798
33800
33802
33804
33806
33808
33809
33812
33814
33818
33819
33820
33821
33823
33824
33826
33828
33830
33832
33833
33834
33835
33838
33839
33841
33842
33843
33844
33846
33847
33849
33851
33855
33856
33858
33859
33860
33863
33864
33866
33867
33868
33870
33871
33873
33874
33876
33878
33879
33881
33882
33883
33884
33885
33888
33890
33891
33892
33894
33895
33896
33897
33904
33906
33907
33908
33909
33910
33912
33913
33918
33919
33920
33921
33923
33925
33926
33927
33929
33933
33934
33937
33938
33940
33941
33942
33943
33945
33947
33948
33949
33950
33951
33952
33953
33954
33956
33958
33959
33960
33961
33962
33964
33966
33967
33968
33975
33976
33977
33978
33980
33982
33983
33985
33986
33988
33990
33992
33994
33995
33997
33998
33999
34000
34002
34004
34006
34007
34008
34009
34010
34013
34014
34017
34020
34021
34025
34027
34029
34031
34036
34037
34038
34039
34040
34041
34043
34049
34052
34054
34056
34057
34061
34063
34064
34067
34069
34070
34075
34076
34079
34083
34084
34087
34089
34090
34091
34092
34095
34096
34097
34101
34102
34103
34104
34106
34107
34108
34109
34110
34113
34115
34117
34118
34119
34120
34121
34122
34124
34127
34128
34129
34135
34137
34138
34139
34140
34141
34142
34143
34144
34146
34148
34149
34151
34152
34153
34155
34158
34159
34160
34161
34162
34165
34166
34168
34171
34172
34173
34174
34175
34177
34178
34179
34183
34184
34186
34187
34189
34190
34193
34194
34196
34197
34198
34199
34200
34202
34205
34207
34208
34209
34212
34213
34214
34215
34216
34219
34220
34222
34223
34224
34225
34226
34227
34229
34231
34233
34234
34235
34239
34240
34244
34245
34247
34249
34251
34254
34255
34256
34258
34260
34262
34264
34265
34266
34268
34269
34270
34272
34273
34275
34278
34279
34280
34285
34286
34288
34292
34295
34296
34297
34300
34301
34302
34304
34306
34307
34308
34309
34310
34312
34316
34317
34320
34321
34324
34326
34328
34331
34332
34333
34334
34335
34336
34338
34339
34340
34341
34342
34344
34345
34348
34349
34350
34353
34354
34355
34357
34359
34360
34361
34363
34364
34365
34366
34368
34371
34372
34373
34374
34378
34379
34381
34382
34383
34384
34388
34389
34390
34393
34394
34396
34398
34400
34401
34402
34403
34404
34405
34407
34408
34409
34411
34412
34414
34415
34416
34417
34421
34423
34424
34425
34427
34428
34430
34431
34432
34433
34434
34436
34439
34440
34442
34443
34444
34446
34448
34449
34450
34452
34453
34454
34455
34456
34458
34465
34466
34469
34471
34472
34474
34476
34477
34478
34479
34480
34481
34484
34485
34486
34487
34488
34492
34495
34497
34498
34501
34502
34503
34505
34508
34509
34511
34514
34516
34518
34520
34522
34524
34525
34527
34528
34530
34533
34534
34536
34539
34540
34544
34546
34549
34550
34552
34553
34554
34556
34560
34561
34562
34565
34567
34568
34571
34572
34573
34574
34575
34576
34578
34579
34580
34582
34585
34590
34591
34592
34594
34595
34597
34598
34599
34602
34604
34605
34606
34607
34610
34611
34612
34613
34614
34615
34616
34617
34618
34619
34622
34623
34627
34629
34630
34631
34632
34633
34634
34637
34638
34640
34641
34642
34644
34645
34649
34650
34654
34655
34656
34657
34658
34659
34662
34664
34665
34666
34669
34670
34671
34673
34676
34677
34678
34679
34680
34681
34683
34684
34687
34688
34689
34691
34692
34694
34695
34696
34697
34698
34699
34701
34702
34704
34709
34710
34712
34714
34715
34720
34721
34723
34728
34729
34730
34731
34732
34735
34737
34738
34739
34740
34741
34742
34743
34744
34747
34749
34750
34751
34752
34754
34756
34758
34759
34760
34761
34763
34770
34772
34776
34777
34778
34779
34782
34783
34784
34785
34787
34788
34789
34790
34792
34796
34798
34799
34800
34803
34804
34805
34806
34807
34811
34813
34814
34815
34817
34818
34819
34820
34823
34824
34827
34828
34829
34830
34832
34834
34835
34836
34837
34838
34839
34841
34843
34844
34845
34846
34847
34849
34850
34851
34852
34853
34854
34857
34859
34861
34862
34863
34864
34865
34867
34869
34870
34875
34876
34878
34882
34883
34884
34886
34888
34889
34891
34892
34894
34896
34897
34898
34899
34900
34901
34903
34904
34907
34908
34909
34910
34911
34913
34914
34916
34917
34918
34919
34920
34921
34922
34924
34927
34928
34931
34934
34935
34937
34939
34940
34941
34947
34948
34949
34950
34953
34954
34955
34957
34958
34959
34960
34961
34963
34964
34965
34967
34968
34971
34972
34974
34975
34976
34977
34980
34981
34982
34983
34984
34985
34986
34987
34988
34989
34992
34993
34994
34995
34996
34999
35001
35004
35008
35010
35011
35012
35013
35014
35019
35020
35021
35023
35026
35028
35029
35030
35031
35033
35038
35042
35043
35045
35049
35050
35053
35055
35056
35058
35059
35060
35062
35063
35064
35066
35068
35069
35070
35071
35074
35075
35077
35078
35079
35080
35082
35083
35085
35086
35089
35092
35093
35098
35100
35101
35103
35105
35106
35107
35108
35112
35113
35114
35115
35117
35119
35120
35123
35127
35128
35129
35130
35131
35132
35135
35142
35143
35144
35148
35149
35150
35151
35152
35153
35154
35162
35163
35164
35167
35168
35170
35172
35173
35175
35176
35177
35180
35181
35182
35184
35185
35186
35187
35189
35190
35191
35192
35193
35197
35198
35199
35200
35202
35203
35204
35206
35207
35208
35209
35210
35211
35212
35213
35214
35215
35217
35219
35220
35222
35223
35225
35227
35228
35229
35233
35236
35237
35241
35243
35245
35248
35253
35255
35256
35259
35261
35262
35263
35265
35266
35267
35268
35270
35272
35273
35277
35278
35279
35280
35283
35284
35285
35287
35290
35291
35292
35293
35295
35297
35298
35300
35301
35303
35304
35305
35307
35309
35310
35314
35315
35316
35317
35319
35320
35321
35323
35324
35327
35328
35329
35330
35332
35333
35334
35336
35337
35341
35342
35343
35345
35346
35347
35348
35350
35352
35353
35354
35356
35359
35360
35362
35363
35365
35366
35367
35369
35370
35371
35375
35376
35377
35379
35380
35381
35383
35384
35385
35387
35388
35390
35391
35392
35394
35396
35397
35401
35402
35403
35405
35408
35410
35411
35412
35413
35415
35416
35417
35418
35420
35421
35423
35424
35425
35428
35429
35430
35432
35440
35442
35443
35446
35447
35448
35449
35450
35453
35454
35455
35457
35458
35460
35461
35462
35465
35466
35469
35470
35476
35478
35480
35484
35486
35487
35488
35489
35490
35491
35492
35496
35498
35499
35500
35501
35502
35504
35505
35506
35507
35508
35509
35510
35512
35513
35514
35515
35517
35518
35519
35520
35521
35523
35524
35525
35526
35527
35528
35530
35531
35532
35533
35534
35535
35536
35540
35544
35545
35548
35549
35552
35554
35556
35558
35561
35563
35565
35566
35567
35569
35570
35572
35574
35576
35578
35579
35581
35582
35583
35584
35586
35587
35588
35589
35592
35593
35597
35598
35599
35601
35607
35609
35610
35611
35613
35616
35618
35619
35620
35624
35625
35626
35627
35628
35630
35631
35632
35637
35638
35639
35640
35641
35642
35644
35645
35646
35651
35652
35654
35655
35656
35658
35659
35660
35661
35663
35664
35665
35666
35669
35670
35671
35673
35674
35675
35676
35677
35681
35683
35684
35685
35687
35689
35696
35698
35699
35700
35702
35703
35705
35706
35707
35708
35710
35712
35714
35717
35720
35721
35722
35723
35724
35725
35729
35730
35731
35735
35736
35738
35739
35740
35741
35743
35745
35747
35749
35752
35753
35754
35755
35756
35757
35759
35760
35761
35763
35766
35770
35771
35772
35773
35774
35775
35779
35781
35782
35783
35785
35789
35791
35792
35796
35797
35798
35799
35800
35802
35803
35804
35805
35807
35810
35813
35814
35815
35816
35817
35820
35822
35823
35824
35825
35826
35827
35829
35830
35831
35833
35834
35835
35836
35837
35839
35842
35844
35846
35848
35850
35852
35854
35855
35856
35857
35858
35860
35861
35863
35866
35868
35870
35871
35874
35876
35877
35879
35881
35882
35884
35887
35888
35889
35890
35891
35892
35896
35897
35898
35899
35902
35903
35905
35906
35907
35910
35912
35913
35916
35917
35918
35921
35922
35924
35925
35927
35928
35929
35933
35938
35939
35940
35941
35948
35950
35951
35952
35953
35954
35955
35958
35960
35961
35964
35965
35966
35967
35972
35973
35974
35976
35982
35984
35986
35987
35990
35993
35994
35997
35998
35999
36001
36002
36003
36004
36005
36006
36007
36008
36009
36010
36013
36015
36017
36018
36019
36020
36021
36023
36024
36029
36031
36032
36037
36039
36041
36042
36043
36044
36045
36047
36048
36049
36050
36051
36054
36057
36058
36060
36061
36063
36064
36065
36068
36069
36070
36071
36072
36073
36075
36077
36078
36081
36082
36083
36084
36085
36087
36088
36089
36092
36094
36095
36096
36100
36102
36103
36104
36107
36108
36109
36110
36112
36113
36115
36116
36120
36121
36122
36124
36126
36129
36130
36131
36132
36133
36134
36135
36136
36137
36140
36141
36143
36144
36145
36147
36148
36149
36150
36153
36156
36157
36160
36161
36163
36167
36170
36172
36173
36177
36178
36179
36181
36183
36185
36186
36188
36189
36192
36198
36200
36202
36203
36204
36205
36206
36208
36209
36212
36214
36215
36216
36217
36219
36220
36223
36224
36226
36227
36228
36229
36231
36232
36233
36235
36236
36239
36240
36241
36242
36244
36245
36248
36250
36251
36252
36255
36256
36258
36259
36260
36261
36262
36263
36264
36265
36266
36267
36270
36271
36272
36273
36278
36281
36282
36284
36285
36286
36287
36288
36289
36290
36291
36293
36294
36298
36299
36300
36302
36304
36305
36306
36307
36308
36310
36313
36315
36316
36317
36318
36321
36322
36323
36324
36325
36326
36327
36329
36330
36334
36337
36338
36339
36340
36341
36342
36343
36345
36355
36356
36358
36359
36360
36361
36362
36364
36365
36366
36374
36375
36378
36379
36380
36382
36383
36386
36387
36388
36389
36390
36391
36392
36394
36396
36398
36399
36400
36401
36402
36403
36404
36405
36407
36409
36411
36413
36415
36417
36418
36419
36420
36421
36426
36427
36428
36430
36431
36432
36434
36436
36437
36439
36440
36442
36443
36444
36447
36448
36450
36451
36452
36455
36456
36457
36458
36459
36460
36461
36462
36463
36466
36467
36468
36469
36470
36471
36473
36475
36476
36477
36480
36481
36483
36484
36485
36486
36488
36489
36490
36492
36494
36498
36499
36502
36503
36504
36505
36507
36508
36509
36510
36511
36512
36513
36516
36517
36518
36520
36522
36523
36525
36528
36530
36531
36532
36533
36534
36537
36540
36541
36542
36543
36544
36545
36548
36549
36550
36551
36555
36556
36558
36560
36561
36562
36563
36564
36565
36566
36567
36568
36570
36573
36574
36575
36578
36579
36580
36581
36585
36587
36589
36599
36600
36603
36604
36609
36611
36613
36615
36617
36619
36620
36621
36622
36623
36624
36625
36632
36633
36635
36637
36638
36640
36644
36645
36646
36649
36650
36651
36653
36655
36656
36657
36658
36659
36661
36663
36665
36668
36669
36672
36673
36674
36675
36678
36680
36682
36684
36685
36686
36687
36689
36690
36691
36692
36694
36696
36697
36698
36700
36701
36704
36705
36708
36710
36711
36713
36714
36715
36716
36718
36719
36720
36721
36726
36727
36728
36729
36730
36731
36732
36735
36736
36738
36739
36740
36741
36743
36744
36745
36747
36750
36752
36753
36754
36755
36756
36757
36758
36759
36761
36762
36763
36764
36766
36767
36768
36769
36771
36772
36775
36776
36778
36779
36780
36782
36785
36786
36787
36788
36789
36790
36791
36792
36795
36796
36797
36799
36800
36803
36804
36805
36806
36808
36811
36812
36813
36815
36819
36821
36823
36825
36826
36829
36830
36832
36835
36837
36839
36843
36845
36847
36848
36849
36850
36851
36852
36854
36855
36856
36857
36858
36859
36860
36863
36864
36866
36868
36869
36870
36871
36872
36873
36874
36877
36878
36880
36881
36886
36887
36888
36890
36894
36896
36897
36898
36903
36905
36907
36910
36911
36912
36913
36914
36916
36918
36919
36920
36921
36922
36926
36929
36930
36932
36935
36936
36942
36946
36947
36949
36950
36952
36954
36955
36956
36957
36959
36961
36963
36964
36966
36968
36969
36971
36972
36973
36977
36978
36983
36987
36989
36991
36992
36993
36994
36995
36996
36997
36998
37000
37001
37002
37005
37007
37009
37010
37012
37013
37014
37015
37017
37018
37019
37021
37025
37030
37031
37032
37035
37038
37039
37042
37046
37049
37050
37051
37053
37055
37059
37064
37065
37067
37070
37071
37074
37075
37076
37077
37078
37080
37082
37083
37085
37086
37087
37089
37090
37091
37092
37095
37096
37099
37100
37101
37102
37103
37104
37105
37106
37110
37111
37112
37113
37114
37118
37120
37122
37123
37124
37126
37127
37129
37131
37133
37134
37135
37136
37137
37138
37141
37143
37144
37145
37146
37148
37150
37151
37153
37159
37161
37162
37164
37165
37166
37167
37171
37173
37175
37176
37177
37178
37181
37184
37185
37186
37187
37188
37191
37192
37193
37195
37196
37199
37203
37206
37209
37210
37211
37214
37215
37216
37217
37218
37219
37221
37222
37223
37225
37227
37228
37229
37233
37235
37236
37239
37240
37241
37242
37243
37244
37245
37247
37249
37251
37253
37254
37255
37256
37257
37258
37259
37260
37261
37262
37264
37265
37268
37269
37273
37274
37275
37277
37278
37279
37280
37282
37283
37285
37286
37287
37289
37290
37291
37292
37293
37294
37295
37296
37298
37300
37302
37305
37307
37308
37312
37313
37314
37315
37316
37317
37318
37320
37321
37322
37324
37325
37328
37330
37335
37338
37340
37341
37342
37343
37344
37349
37354
37355
37357
37358
37362
37365
37368
37369
37372
37373
37375
37376
37378
37379
37383
37385
37386
37387
37389
37390
37391
37392
37393
37394
37396
37399
37400
37401
37402
37404
37406
37407
37408
37409
37411
37414
37415
37419
37420
37422
37424
37425
37426
37427
37430
37432
37433
37434
37439
37440
37442
37444
37445
37446
37449
37450
37452
37454
37459
37461
37462
37464
37468
37469
37470
37471
37472
37473
37474
37475
37477
37478
37479
37480
37483
37484
37486
37487
37489
37491
37493
37495
37496
37497
37498
37500
37501
37502
37503
37504
37505
37507
37509
37510
37511
37512
37513
37515
37519
37520
37521
37522
37524
37525
37528
37530
37532
37533
37535
37538
37540
37541
37544
37545
37546
37548
37550
37551
37552
37553
37555
37557
37558
37559
37560
37561
37562
37563
37564
37565
37567
37568
37569
37570
37571
37572
37573
37575
37576
37577
37578
37579
37580
37581
37582
37583
37584
37585
37587
37588
37589
37590
37592
37594
37597
37598
37599
37601
37604
37605
37607
37608
37609
37610
37611
37612
37614
37615
37616
37617
37619
37620
37622
37623
37624
37626
37628
37629
37630
37632
37633
37634
37635
37636
37639
37642
37643
37644
37645
37646
37647
37648
37649
37650
37651
37654
37661
37662
37664
37665
37666
37668
37669
37671
37674
37675
37677
37678
37682
37684
37686
37687
37692
37693
37694
37695
37697
37698
37703
37704
37706
37708
37709
37710
37711
37712
37714
37716
37717
37719
37720
37721
37723
37724
37725
37728
37731
37733
37736
37737
37738
37739
37743
37746
37748
37749
37750
37751
37752
37753
37755
37756
37757
37763
37764
37765
37766
37767
37771
37772
37773
37776
37777
37783
37784
37788
37789
37790
37793
37798
37800
37802
37803
37804
37806
37807
37808
37810
37811
37812
37814
37815
37816
37817
37818
37820
37821
37822
37826
37828
37829
37831
37833
37834
37835
37836
37837
37838
37839
37840
37841
37842
37843
37846
37850
37851
37854
37855
37856
37857
37858
37859
37862
37863
37864
37865
37866
37867
37869
37872
37873
37874
37875
37876
37878
37881
37882
37883
37884
37885
37886
37888
37889
37891
37893
37894
37895
37897
37898
37899
37900
37901
37903
37904
37905
37906
37909
37910
37912
37914
37917
37918
37919
37920
37921
37924
37925
37927
37929
37930
37931
37934
37936
37937
37938
37939
37940
37941
37942
37945
37946
37947
37948
37949
37950
37952
37953
37955
37957
37959
37960
37963
37964
37965
37966
37967
37970
37971
37974
37975
37976
37977
37979
37982
37983
37985
37987
37988
37991
37992
37994
37995
37997
38001
38005
38006
38007
38009
38010
38014
38017
38018
38020
38021
38022
38023
38024
38025
38029
38032
38034
38035
38036
38037
38038
38039
38040
38041
38042
38043
38046
38047
38048
38050
38051
38052
38053
38054
38055
38056
38057
38058
38059
38060
38062
38063
38064
38069
38071
38072
38074
38077
38078
38080
38081
38082
38083
38084
38086
38087
38090
38092
38095
38096
38098
38099
38100
38101
38102
38103
38104
38105
38106
38107
38108
38109
38110
38115
38118
38119
38121
38122
38123
38124
38128
38130
38131
38132
38134
38137
38139
38140
38142
38143
38144
38145
38146
38149
38150
38151
38152
38153
38156
38159
38160
38161
38162
38163
38164
38165
38167
38168
38169
38173
38174
38179
38180
38181
38182
38183
38185
38186
38188
38193
38195
38198
38199
38201
38202
38204
38206
38209
38210
38212
38215
38217
38218
38219
38221
38223
38224
38229
38230
38231
38232
38234
38235
38237
38239
38240
38241
38242
38244
38246
38248
38249
38250
38252
38253
38254
38255
38257
38258
38260
38261
38262
38263
38264
38265
38267
38268
38270
38271
38272
38274
38275
38276
38277
38278
38280
38282
38284
38286
38287
38288
38289
38290
38291
38292
38293
38295
38297
38299
38300
38301
38302
38303
38304
38305
38306
38307
38308
38309
38310
38312
38313
38315
38316
38317
38319
38322
38326
38327
38328
38330
38332
38335
38336
38337
38338
38339
38340
38341
38342
38345
38348
38349
38350
38353
38355
38356
38358
38359
38360
38364
38367
38370
38371
38373
38375
38376
38379
38380
38382
38383
38384
38385
38386
38388
38389
38392
38393
38395
38396
38398
38401
38404
38405
38407
38409
38410
38411
38412
38413
38414
38415
38416
38418
38419
38421
38422
38423
38424
38426
38427
38428
38431
38432
38434
38435
38436
38437
38438
38439
38440
38441
38444
38448
38450
38451
38452
38455
38457
38458
38461
38462
38463
38466
38467
38468
38471
38475
38476
38481
38482
38483
38485
38486
38487
38492
38496
38497
38498
38499
38500
38502
38504
38507
38509
38510
38513
38514
38515
38517
38519
38520
38521
38522
38524
38525
38526
38527
38529
38530
38532
38534
38535
38536
38537
38539
38541
38543
38544
38545
38546
38547
38548
38549
38550
38552
38553
38554
38558
38559
38560
38561
38565
38567
38568
38569
38571
38573
38574
38575
38576
38578
38579
38582
38586
38588
38590
38594
38596
38597
38599
38600
38602
38605
38608
38609
38611
38612
38614
38615
38616
38617
38620
38621
38622
38623
38626
38629
38630
38634
38635
38636
38638
38639
38640
38642
38644
38646
38647
38650
38651
38654
38659
38660
38662
38665
38666
38668
38670
38671
38674
38677
38679
38680
38682
38683
38684
38686
38687
38688
38691
38692
38693
38694
38696
38697
38700
38702
38705
38707
38709
38711
38713
38714
38716
38717
38719
38720
38721
38722
38723
38727
38728
38730
38732
38735
38736
38737
38739
38742
38745
38746
38747
38748
38749
38750
38751
38752
38753
38757
38758
38759
38763
38765
38767
38768
38769
38770
38772
38774
38781
38782
38784
38785
38789
38790
38792
38793
38794
38796
38799
38800
38801
38802
38803
38804
38805
38808
38809
38811
38813
38815
38818
38819
38820
38821
38822
38825
38826
38827
38828
38831
38833
38834
38835
38837
38839
38840
38841
38842
38844
38845
38846
38847
38849
38850
38852
38853
38854
38856
38857
38858
38859
38860
38861
38862
38865
38866
38867
38868
38871
38873
38874
38875
38876
38879
38880
38881
38882
38884
38885
38887
38888
38889
38890
38893
38895
38897
38898
38899
38900
38901
38902
38903
38904
38905
38908
38909
38910
38912
38914
38916
38917
38918
38923
38924
38925
38926
38927
38928
38929
38932
38933
38934
38939
38940
38941
38942
38946
38948
38949
38950
38951
38952
38954
38955
38956
38957
38960
38961
38962
38966
38967
38968
38969
38970
38971
38972
38973
38974
38977
38979
38984
38987
38988
38990
38991
38994
38995
38996
38997
38998
39000
39001
39002
39003
39004
39005
39006
39007
39008
39009
39011
39014
39015
39016
39019
39020
39022
39025
39026
39027
39028
39029
39030
39032
39033
39035
39036
39039
39041
39043
39045
39050
39052
39053
39055
39056
39057
39058
39059
39060
39062
39063
39068
39069
39070
39071
39077
39079
39080
39081
39083
39085
39086
39088
39090
39091
39092
39093
39096
39097
39098
39101
39104
39106
39112
39114
39115
39116
39117
39118
39120
39122
39124
39126
39127
39131
39132
39133
39134
39136
39138
39140
39142
39143
39144
39145
39151
39154
39156
39157
39158
39159
39161
39162
39163
39164
39165
39166
39169
39170
39171
39173
39174
39175
39176
39178
39183
39184
39185
39189
39191
39192
39193
39194
39195
39196
39197
39199
39201
39203
39205
39206
39207
39208
39212
39213
39214
39216
39217
39218
39220
39221
39224
39225
39227
39229
39230
39234
39236
39243
39246
39251
39253
39254
39256
39258
39259
39260
39263
39264
39265
39266
39269
39272
39273
39274
39276
39278
39279
39283
39284
39285
39287
39288
39290
39292
39296
39297
39298
39299
39301
39304
39305
39306
39310
39311
39312
39315
39316
39317
39319
39320
39321
39322
39323
39325
39326
39327
39332
39333
39336
39337
39339
39340
39341
39344
39348
39349
39351
39353
39354
39357
39359
39362
39363
39366
39367
39370
39371
39372
39373
39374
39376
39377
39379
39383
39386
39389
39391
39392
39394
39396
39398
39400
39401
39402
39403
39404
39406
39407
39408
39409
39411
39413
39414
39415
39418
39419
39423
39425
39427
39429
39430
39431
39432
39433
39434
39435
39438
39439
39442
39443
39447
39450
39451
39452
39453
39454
39455
39457
39458
39459
39461
39462
39464
39465
39466
39468
39469
39471
39473
39474
39479
39480
39481
39482
39483
39484
39485
39486
39488
39489
39491
39493
39494
39501
39502
39503
39504
39505
39507
39509
39510
39511
39512
39513
39514
39515
39517
39518
39521
39522
39523
39525
39526
39528
39529
39530
39531
39533
39535
39536
39537
39538
39540
39541
39542
39544
39546
39547
39548
39549
39551
39553
39554
39555
39558
39559
39560
39561
39562
39563
39568
39570
39573
39574
39575
39576
39577
39578
39579
39580
39583
39584
39585
39586
39589
39590
39591
39592
39593
39594
39595
39596
39597
39598
39599
39600
39601
39603
39605
39606
39608
39609
39611
39612
39613
39614
39617
39620
39622
39623
39624
39625
39627
39631
39632
39633
39635
39636
39638
39639
39642
39643
39646
39649
39650
39651
39654
39657
39658
39660
39662
39663
39666
39667
39669
39670
39676
39677
39679
39680
39681
39682
39683
39684
39685
39686
39687
39690
39694
39695
39696
39697
39699
39701
39702
39703
39704
39705
39706
39709
39711
39712
39713
39714
39715
39718
39719
39720
39722
39723
39724
39725
39727
39728
39729
39730
39731
39732
39733
39735
39738
39739
39742
39743
39745
39747
39750
39753
39755
39763
39764
39765
39766
39767
39768
39769
39772
39775
39777
39778
39779
39780
39781
39784
39786
39787
39789
39790
39791
39794
39795
39796
39798
39799
39800
39802
39803
39804
39806
39807
39808
39810
39812
39813
39814
39815
39818
39820
39822
39824
39825
39827
39828
39829
39830
39832
39833
39837
39838
39839
39841
39847
39848
39851
39854
39855
39856
39857
39858
39859
39860
39861
39862
39863
39864
39865
39866
39869
39871
39872
39873
39877
39880
39882
39883
39884
39887
39888
39890
39891
39892
39893
39894
39895
39897
39898
39899
39900
39901
39902
39903
39904
39905
39906
39908
39910
39911
39912
39913
39915
39916
39917
39918
39921
39925
39926
39929
39930
39933
39934
39935
39936
39937
39939
39940
39941
39942
39944
39945
39946
39947
39948
39953
39956
39957
39958
39959
39960
39964
39966
39967
39969
39971
39974
39975
39976
39977
39979
39980
39981
39982
39984
39985
39986
39987
39989
39990
39991
39992
39993
39994
39995
39999
40000
40001
40003
40004
40005
40006
40010
40011
40012
40014
40017
40018
40020
40021
40026
40029
40030
40031
40032
40033
40034
40035
40036
40037
40038
40041
40042
40044
40045
40046
40047
40048
40053
40054
40058
40060
40062
40063
40065
40067
40068
40069
40070
40072
40074
40075
40076
40078
40079
40080
40081
40083
40086
40087
40088
40089
40090
40091
40094
40096
40097
40100
40101
40102
40105
40107
40108
40112
40113
40114
40115
40116
40117
40118
40123
40126
40127
40129
40131
40132
40133
40134
40135
40137
40140
40141
40142
40143
40144
40145
40146
40147
40149
40150
40151
40152
40157
40159
40160
40164
40166
40168
40169
40170
40172
40175
40177
40178
40180
40183
40184
40185
40187
40189
40191
40192
40193
40194
40195
40196
40200
40201
40202
40204
40205
40206
40209
40210
40211
40213
40214
40216
40217
40218
40219
40220
40221
40222
40223
40224
40225
40226
40227
40228
40232
40233
40234
40235
40236
40237
40239
40240
40242
40243
40244
40245
40246
40247
40248
40249
40250
40251
40254
40255
40256
40258
40260
40261
40262
40264
40265
40266
40267
40268
40269
40273
40274
40277
40279
40280
40281
40282
40283
40285
40286
40288
40289
40291
40292
40294
40296
40297
40298
40299
40300
40301
40303
40306
40307
40308
40313
40315
40316
40317
40318
40319
40320
40321
40322
40324
40325
40326
40327
40330
40331
40332
40333
40334
40340
40341
40342
40344
40345
40346
40347
40348
40349
40353
40354
40361
40363
40364
40366
40368
40369
40371
40373
40375
40376
40377
40379
40380
40382
40383
40384
40385
40388
40389
40390
40391
40392
40393
40394
40395
40396
40401
40402
40404
40407
40409
40410
40411
40412
40414
40417
40418
40421
40422
40423
40425
40426
40428
40431
40432
40433
40434
40435
40437
40439
40440
40441
40442
40445
40446
40447
40448
40449
40450
40451
40452
40454
40455
40458
40460
40462
40463
40464
40465
40466
40467
40469
40470
40471
40472
40473
40477
40478
40480
40482
40483
40484
40487
40488
40489
40491
40492
40494
40497
40498
40500
40501
40502
40508
40512
40515
40517
40519
40520
40521
40524
40525
40526
40528
40529
40530
40531
40532
40533
40534
40535
40537
40538
40540
40542
40543
40544
40546
40547
40550
40552
40553
40554
40555
40556
40558
40560
40561
40562
40563
40564
40566
40567
40571
40572
40573
40577
40578
40580
40582
40584
40585
40586
40589
40591
40592
40594
40595
40596
40597
40599
40600
40601
40602
40603
40604
40605
40606
40607
40609
40613
40614
40615
40616
40618
40620
40621
40623
40625
40626
40627
40630
40631
40632
40633
40634
40636
40637
40639
40641
40642
40643
40644
40646
40647
40649
40651
40653
40654
40655
40656
40658
40660
40661
40662
40663
40665
40667
40668
40669
40670
40672
40673
40674
40675
40676
40677
40678
40679
40680
40685
40686
40687
40688
40690
40691
40692
40694
40695
40697
40700
40703
40704
40705
40706
40709
40710
40711
40713
40714
40721
40725
40728
40731
40732
40733
40735
40738
40739
40740
40742
40743
40744
40745
40747
40749
40750
40752
40753
40754
40755
40756
40760
40761
40762
40763
40764
40765
40766
40768
40771
40772
40774
40776
40777
40778
40779
40780
40781
40782
40783
40785
40788
40792
40794
40796
40798
40800
40801
40804
40805
40806
40807
40808
40809
40810
40811
40812
40813
40814
40816
40820
40822
40824
40826
40827
40828
40829
40831
40836
40839
40840
40841
40842
40843
40844
40845
40847
40848
40850
40853
40854
40855
40856
40858
40859
40861
40862
40863
40865
40866
40867
40868
40869
40870
40871
40873
40875
40877
40879
40880
40881
40882
40883
40886
40888
40891
40892
40896
40897
40898
40899
40901
40902
40903
40908
40910
40915
40916
40917
40918
40919
40921
40924
40925
40926
40929
40930
40935
40938
40939
40942
40943
40944
40945
40949
40952
40953
40954
40955
40957
40958
40959
40960
40962
40963
40964
40965
40966
40968
40970
40971
40972
40973
40975
40976
40977
40981
40985
40987
40989
40991
40992
40993
40994
40995
40997
40998
40999
41001
41002
41003
41004
41005
41006
41007
41008
41011
41012
41013
41016
41018
41021
41022
41023
41025
41026
41027
41029
41030
41032
41033
41036
41037
41038
41041
41043
41044
41045
41048
41049
41051
41053
41056
41057
41058
41060
41061
41064
41065
41068
41069
41070
41072
41073
41074
41075
41077
41078
41079
41081
41082
41083
41084
41085
41087
41090
41091
41092
41093
41094
41097
41098
41099
41100
41101
41106
41107
41109
41110
41112
41115
41116
41117
41118
41121
41122
41123
41126
41128
41129
41130
41133
41134
41136
41137
41138
41140
41141
41142
41144
41146
41147
41149
41151
41154
41157
41158
41160
41161
41164
41165
41166
41167
41170
41174
41175
41176
41177
41178
41181
41183
41184
41185
41188
41189
41192
41193
41198
41199
41200
41201
41202
41203
41205
41206
41207
41208
41209
41210
41211
41212
41214
41215
41216
41217
41218
41221
41223
41225
41226
41227
41228
41230
41232
41233
41234
41236
41239
41240
41241
41242
41243
41245
41247
41249
41250
41251
41252
41253
41254
41256
41257
41258
41260
41262
41263
41264
41265
41268
41269
41271
41272
41273
41274
41276
41277
41281
41283
41284
41285
41287
41288
41290
41291
41296
41297
41299
41300
41301
41303
41305
41306
41307
41308
41309
41311
41312
41313
41315
41316
41318
41319
41321
41322
41323
41324
41328
41329
41331
41333
41334
41335
41336
41337
41338
41340
41341
41342
41343
41344
41346
41347
41348
41349
41350
41351
41353
41356
41357
41358
41359
41360
41361
41362
41363
41364
41366
41368
41370
41371
41373
41374
41375
41377
41379
41381
41383
41385
41386
41387
41389
41390
41391
41392
41393
41394
41396
41397
41398
41399
41400
41401
41404
41405
41406
41407
41408
41410
41415
41417
41418
41420
41421
41422
41423
41424
41425
41427
41428
41429
41430
41431
41432
41433
41434
41435
41436
41441
41442
41444
41446
41447
41448
41449
41450
41452
41453
41455
41456
41457
41459
41460
41461
41462
41463
41465
41466
41467
41470
41471
41474
41475
41476
41477
41478
41481
41482
41483
41484
41485
41486
41487
41492
41495
41496
41500
41501
41503
41504
41505
41506
41507
41511
41512
41514
41515
41516
41517
41518
41519
41520
41524
41525
41527
41528
41529
41530
41531
41533
41536
41537
41539
41540
41541
41542
41543
41544
41545
41546
41549
41551
41552
41555
41556
41557
41558
41561
41562
41564
41566
41567
41568
41570
41572
41573
41574
41576
41577
41580
41581
41582
41583
41585
41588
41589
41593
41595
41596
41597
41598
41600
41601
41602
41604
41605
41607
41608
41609
41610
41611
41612
41613
41614
41617
41618
41620
41621
41622
41624
41625
41626
41627
41628
41629
41631
41633
41634
41635
41637
41638
41639
41640
41644
41646
41648
41650
41651
41653
41655
41656
41658
41659
41660
41661
41664
41665
41666
41668
41669
41671
41672
41673
41674
41675
41676
41677
41678
41679
41680
41681
41682
41683
41684
41686
41688
41689
41690
41691
41692
41693
41694
41696
41699
41701
41703
41704
41705
41706
41707
41708
41709
41712
41713
41714
41715
41716
41719
41721
41723
41724
41725
41726
41727
41729
41730
41731
41732
41733
41734
41736
41737
41738
41740
41742
41744
41745
41746
41749
41752
41753
41754
41756
41757
41758
41759
41761
41762
41764
41765
41766
41767
41768
41770
41771
41772
41773
41775
41779
41780
41781
41782
41783
41785
41788
41789
41790
41791
41792
41795
41797
41798
41800
41801
41802
41803
41806
41809
41810
41811
41812
41817
41818
41819
41820
41821
41823
41825
41826
41827
41828
41829
41831
41835
41837
41838
41839
41840
41841
41842
41844
41845
41847
41851
41852
41853
41854
41855
41856
41857
41858
41859
41862
41864
41865
41867
41870
41872
41873
41875
41876
41879
41880
41881
41885
41886
41887
41889
41890
41891
41893
41894
41896
41897
41898
41899
41903
41904
41905
41907
41908
41909
41910
41911
41913
41914
41916
41917
41918
41919
41921
41922
41923
41924
41925
41926
41927
41929
41931
41934
41935
41936
41938
41941
41942
41945
41947
41949
41950
41952
41953
41957
41958
41961
41962
41963
41964
41965
41966
41967
41969
41970
41972
41975
41976
41977
41978
41980
41981
41983
41985
41986
41987
41988
41989
41990
41991
41992
41993
41995
41996
41999
42002
42004
42007
42008
42009
42010
42011
42014
42015
42016
42017
42019
42022
42025
42027
42028
42030
42031
42034
42036
42037
42038
42039
42040
42041
42042
42043
42044
42046
42047
42048
42050
42053
42054
42055
42056
42058
42059
42060
42061
42063
42064
42066
42067
42070
42071
42072
42073
42074
42075
42076
42077
42079
42081
42083
42084
42086
42087
42089
42090
42091
42092
42093
42094
42095
42097
42098
42102
42104
42107
42110
42111
42112
42113
42114
42115
42118
42119
42120
42121
42122
42126
42127
42128
42129
42130
42131
42134
42135
42137
42138
42139
42140
42141
42142
42143
42144
42145
42146
42147
42148
42150
42152
42155
42156
42157
42158
42159
42162
42163
42164
42167
42168
42172
42175
42176
42178
42179
42180
42182
42183
42184
42185
42186
42188
42189
42190
42191
42192
42193
42194
42195
42196
42197
42201
42202
42206
42207
42210
42211
42212
42213
42218
42219
42220
42221
42222
42223
42224
42226
42230
42231
42232
42233
42235
42239
42240
42242
42243
42244
42245
42247
42248
42250
42251
42252
42253
42255
42256
42257
42258
42259
42260
42261
42262
42263
42265
42267
42269
42271
42273
42274
42276
42277
42278
42280
42282
42283
42285
42286
42287
42289
42291
42292
42293
42294
42296
42297
42298
42299
42300
42301
42302
42304
42305
42307
42308
42309
42311
42312
42313
42315
42316
42317
42318
42319
42320
42321
42322
42323
42324
42325
42327
42330
42331
42335
42337
42340
42342
42343
42344
42345
42348
42350
42353
42356
42357
42358
42361
42362
42366
42368
42372
42373
42374
42375
42376
42378
42379
42381
42383
42385
42386
42387
42390
42392
42393
42394
42395
42397
42398
42399
42401
42403
42404
42405
42406
42407
42408
42409
42411
42412
42413
42415
42419
42420
42421
42422
42424
42426
42428
42430
42433
42434
42435
42437
42439
42440
42442
42443
42444
42446
42447
42448
42449
42450
42454
42455
42456
42457
42460
42461
42462
42464
42468
42469
42472
42474
42475
42478
42479
42482
42483
42484
42485
42486
42488
42491
42492
42493
42494
42496
42498
42500
42501
42502
42503
42504
42505
42507
42508
42509
42510
42511
42512
42515
42516
42518
42519
42520
42521
42522
42523
42525
42526
42528
42533
42536
42537
42539
42541
42542
42543
42544
42545
42546
42547
42548
42549
42550
42551
42552
42553
42554
42555
42556
42558
42560
42561
42562
42563
42565
42566
42567
42569
42570
42571
42572
42573
42574
42575
42576
42577
42578
42580
42581
42582
42586
42588
42591
42594
42595
42596
42599
42600
42601
42603
42604
42605
42607
42608
42609
42610
42611
42612
42617
42619
42620
42621
42622
42623
42624
42626
42627
42628
42631
42632
42633
42636
42637
42639
42640
42641
42644
42645
42646
42647
42649
42650
42652
42655
42656
42657
42659
42660
42665
42666
42667
42669
42670
42671
42672
42674
42675
42680
42681
42682
42686
42687
42688
42690
42691
42692
42693
42696
42697
42698
42699
42700
42701
42702
42703
42704
42706
42707
42708
42709
42710
42713
42715
42717
42719
42721
42722
42724
42725
42729
42730
42731
42733
42734
42735
42736
42737
42738
42740
42741
42745
42746
42747
42748
42751
42752
42754
42755
42756
42761
42762
42766
42770
42774
42775
42776
42777
42778
42779
42781
42782
42783
42784
42785
42786
42787
42790
42791
42792
42794
42795
42796
42799
42800
42801
42805
42806
42807
42808
42810
42811
42813
42814
42816
42817
42818
42819
42820
42821
42822
42823
42825
42826
42829
42830
42831
42832
42833
42834
42835
42838
42839
42840
42841
42844
42846
42847
42848
42851
42853
42854
42855
42856
42858
42861
42862
42863
42864
42865
42866
42867
42868
42869
42870
42871
42873
42874
42875
42877
42882
42883
42885
42886
42887
42888
42891
42892
42893
42894
42895
42900
42902
42904
42906
42907
42908
42910
42913
42915
42916
42917
42918
42919
42920
42921
42923
42924
42925
42927
42928
42930
42931
42934
42936
42937
42938
42940
42941
42942
42943
42944
42945
42947
42949
42952
42953
42956
42957
42958
42961
42963
42965
42966
42968
42969
42970
42971
42972
42973
42974
42975
42976
42977
42978
42980
42981
42982
42984
42985
42986
42987
42990
42992
42995
42998
42999
43002
43003
43005
43008
43009
43010
43011
43012
43013
43014
43017
43018
43019
43021
43023
43024
43025
43026
43027
43028
43029
43030
43031
43033
43034
43035
43036
43037
43040
43041
43044
43045
43046
43047
43050
43051
43052
43053
43054
43056
43058
43059
43060
43062
43063
43064
43066
43067
43068
43069
43073
43074
43076
43080
43081
43084
43085
43086
43087
43088
43089
43090
43091
43093
43094
43096
43097
43099
43102
43103
43104
43106
43107
43108
43109
43110
43111
43112
43113
43114
43115
43116
43118
43119
43122
43123
43124
43125
43126
43127
43128
43129
43132
43133
43134
43135
43136
43137
43140
43144
43145
43148
43149
43151
43152
43154
43158
43159
43160
43162
43163
43164
43165
43167
43170
43171
43172
43174
43175
43177
43180
43183
43184
43185
43186
43191
43192
43197
43198
43199
43200
43201
43202
43205
43206
43209
43211
43212
43213
43214
43216
43218
43221
43222
43223
43225
43228
43229
43230
43231
43232
43234
43235
43236
43237
43238
43241
43242
43246
43248
43249
43251
43252
43255
43256
43257
43258
43259
43261
43262
43263
43264
43271
43272
43273
43275
43276
43277
43279
43281
43282
43283
43284
43285
43286
43288
43289
43290
43291
43292
43293
43294
43297
43299
43300
43301
43302
43306
43307
43308
43309
43310
43312
43313
43315
43316
43319
43321
43322
43323
43325
43326
43328
43330
43331
43332
43334
43335
43336
43338
43340
43341
43343
43344
43349
43350
43351
43352
43356
43357
43358
43359
43360
43361
43362
43363
43368
43369
43370
43371
43372
43373
43376
43377
43378
43379
43380
43382
43383
43384
43385
43386
43387
43390
43391
43392
43395
43396
43398
43399
43401
43403
43404
43405
43407
43410
43416
43418
43420
43421
43422
43425
43426
43430
43431
43432
43434
43435
43436
43437
43438
43439
43440
43443
43444
43446
43447
43448
43450
43451
43452
43453
43455
43456
43457
43458
43459
43461
43462
43463
43464
43465
43466
43467
43469
43470
43473
43474
43475
43477
43479
43482
43484
43485
43488
43489
43490
43491
43492
43495
43496
43497
43498
43501
43503
43504
43506
43507
43512
43514
43515
43516
43517
43518
43519
43521
43525
43526
43528
43529
43530
43531
43533
43534
43536
43537
43538
43539
43541
43542
43544
43545
43547
43549
43550
43551
43553
43554
43556
43557
43558
43559
43560
43562
43566
43570
43572
43573
43574
43575
43576
43577
43578
43579
43580
43581
43583
43584
43586
43587
43588
43590
43591
43592
43593
43595
43596
43597
43598
43600
43601
43602
43603
43604
43605
43606
43607
43608
43609
43610
43611
43616
43620
43621
43622
43623
43624
43625
43626
43627
43628
43629
43631
43632
43634
43637
43639
43641
43642
43643
43646
43648
43651
43653
43655
43656
43657
43658
43659
43661
43663
43665
43666
43667
43668
43669
43671
43672
43674
43677
43678
43681
43682
43684
43686
43688
43689
43690
43691
43694
43695
43696
43698
43699
43701
43704
43705
43706
43707
43708
43710
43711
43712
43713
43714
43720
43721
43722
43723
43728
43729
43730
43734
43737
43738
43739
43742
43743
43744
43747
43748
43749
43751
43752
43753
43754
43757
43758
43759
43760
43762
43768
43769
43772
43773
43775
43776
43777
43778
43779
43780
43781
43783
43784
43785
43786
43787
43788
43789
43790
43791
43793
43794
43795
43796
43797
43798
43800
43802
43803
43805
43806
43807
43808
43809
43810
43811
43812
43813
43814
43816
43817
43818
43819
43820
43821
43822
43823
43824
43825
43827
43829
43830
43833
43834
43839
43840
43841
43842
43843
43846
43847
43848
43849
43851
43852
43855
43856
43857
43858
43859
43860
43862
43863
43864
43865
43868
43869
43870
43872
43873
43875
43876
43877
43878
43879
43880
43881
43885
43886
43888
43890
43891
43893
43894
43895
43896
43898
43901
43903
43904
43905
43907
43908
43909
43912
43914
43915
43916
43918
43919
43925
43926
43928
43930
43932
43933
43934
43936
43937
43940
43942
43944
43945
43947
43948
43950
43951
43952
43953
43955
43956
43961
43962
43963
43964
43965
43966
43968
43969
43970
43971
43972
43973
43974
43975
43976
43978
43979
43980
43981
43984
43985
43986
43987
43988
43989
43990
43991
43993
43994
43995
43998
43999
44000
44001
44002
44004
44008
44010
44011
44012
44013
44014
44015
44016
44017
44018
44019
44021
44024
44027
44029
44031
44032
44033
44034
44036
44039
44040
44044
44045
44046
44048
44049
44050
44051
44053
44054
44055
44056
44057
44058
44059
44060
44063
44064
44065
44067
44068
44069
44070
44071
44073
44074
44075
44076
44077
44081
44082
44084
44085
44086
44087
44088
44089
44090
44092
44093
44094
44097
44098
44100
44104
44105
44106
44107
44108
44109
44110
44113
44114
44117
44120
44121
44124
44126
44128
44130
44131
44132
44133
44134
44135
44136
44137
44138
44141
44146
44150
44151
44152
44153
44156
44160
44161
44162
44164
44167
44168
44170
44171
44172
44176
44177
44178
44179
44180
44181
44185
44186
44187
44188
44189
44190
44191
44194
44195
44196
44197
44198
44200
44202
44206
44209
44210
44215
44217
44221
44223
44224
44225
44226
44229
44230
44231
44233
44234
44235
44236
44238
44241
44242
44243
44246
44248
44249
44251
44252
44259
44261
44262
44263
44266
44267
44269
44270
44271
44273
44274
44275
44276
44277
44278
44279
44280
44281
44284
44285
44286
44288
44289
44291
44293
44294
44299
44302
44303
44304
44306
44307
44308
44309
44310
44311
44313
44315
44316
44317
44319
44320
44321
44322
44323
44324
44325
44326
44327
44328
44332
44333
44335
44338
44339
44342
44346
44347
44348
44350
44352
44353
44354
44355
44356
44357
44358
44359
44360
44362
44363
44364
44365
44366
44368
44369
44371
44372
44373
44376
44377
44379
44380
44381
44383
44384
44387
44388
44389
44390
44391
44392
44395
44403
44405
44406
44407
44408
44409
44412
44413
44415
44417
44419
44420
44422
44425
44426
44427
44428
44429
44430
44432
44434
44435
44436
44437
44438
44440
44442
44443
44444
44445
44448
44449
44450
44451
44452
44453
44454
44455
44458
44460
44461
44463
44464
44465
44466
44467
44468
44470
44471
44472
44473
44476
44478
44479
44480
44481
44482
44483
44488
44489
44490
44494
44495
44496
44497
44498
44499
44500
44502
44503
44505
44506
44508
44510
44513
44514
44516
44518
44519
44520
44522
44525
44527
44528
44531
44532
44535
44536
44537
44538
44539
44540
44541
44542
44544
44547
44553
44554
44557
44558
44559
44560
44561
44562
44563
44565
44566
44567
44568
44570
44571
44574
44579
44580
44581
44582
44583
44584
44589
44592
44593
44594
44596
44597
44599
44603
44604
44605
44607
44608
44609
44611
44612
44614
44617
44618
44619
44620
44621
44622
44623
44624
44626
44627
44630
44631
44632
44633
44634
44635
44636
44637
44640
44642
44643
44645
44648
44649
44650
44651
44652
44653
44654
44655
44656
44657
44658
44660
44661
44663
44664
44666
44667
44668
44676
44677
44678
44680
44682
44685
44686
44687
44688
44690
44691
44692
44694
44695
44696
44700
44701
44703
44704
44705
44706
44707
44708
44709
44710
44711
44714
44715
44719
44720
44721
44723
44724
44725
44726
44727
44728
44729
44730
44731
44733
44735
44736
44737
44738
44740
44741
44742
44743
44745
44747
44748
44749
44750
44751
44755
44757
44758
44759
44761
44762
44763
44764
44765
44766
44767
44769
44770
44772
44774
44775
44777
44778
44779
44781
44783
44784
44785
44786
44787
44789
44790
44792
44793
44797
44798
44799
44800
44801
44802
44803
44804
44806
44807
44808
44809
44813
44814
44815
44817
44818
44822
44825
44828
44830
44831
44832
44833
44834
44835
44836
44837
44838
44840
44841
44842
44848
44851
44853
44854
44855
44857
44859
44860
44861
44862
44863
44864
44865
44866
44867
44869
44870
44871
44873
44874
44875
44876
44877
44878
44879
44881
44882
44883
44885
44888
44889
44890
44891
44892
44894
44895
44899
44901
44902
44904
44905
44906
44907
44908
44909
44910
44911
44912
44913
44914
44915
44918
44919
44922
44924
44927
44928
44929
44930
44931
44933
44936
44937
44938
44939
44941
44942
44943
44945
44946
44949
44951
44954
44955
44956
44957
44960
44961
44962
44963
44964
44966
44968
44969
44970
44971
44973
44974
44976
44977
44979
44980
44981
44982
44983
44985
44986
44987
44989
44990
44991
44992
44993
44994
44997
44998
45000
45001
45004
45008
45009
45010
45012
45013
45014
45015
45016
45017
45018
45020
45023
45024
45025
45026
45027
45028
45029
45033
45034
45036
45039
45041
45043
45045
45046
45049
45050
45051
45052
45053
45054
45055
45057
45060
45062
45063
45064
45068
45069
45071
45072
45073
45074
45075
45078
45080
45082
45083
45086
45087
45088
45089
45090
45092
45093
45094
45095
45096
45098
45099
45100
45102
45103
45104
45105
45107
45108
45109
45110
45111
45113
45114
45116
45117
45118
45119
45120
45121
45122
45123
45125
45126
45129
45130
45133
45135
45136
45137
45139
45141
45142
45143
45144
45145
45146
45147
45148
45149
45150
45152
45153
45154
45155
45158
45159
45160
45162
45164
45165
45166
45169
45170
45171
45172
45176
45177
45178
45179
45180
45181
45183
45184
45185
45186
45187
45188
45190
45192
45193
45194
45195
45196
45198
45199
45200
45201
45204
45205
45206
45209
45211
45212
45215
45216
45218
45219
45220
45224
45225
45226
45228
45229
45230
45232
45233
45234
45235
45236
45237
45238
45239
45240
45242
45243
45244
45245
45248
45249
45250
45251
45254
45255
45257
45258
45261
45263
45264
45265
45267
45268
45269
45272
45273
45275
45278
45280
45281
45283
45284
45285
45290
45291
45292
45293
45295
45296
45297
45298
45301
45302
45303
45304
45311
45312
45313
45314
45315
45316
45317
45318
45319
45320
45321
45322
45323
45324
45325
45327
45330
45331
45332
45333
45335
45336
45337
45340
45341
45346
45348
45352
45354
45356
45357
45358
45359
45360
45362
45363
45364
45365
45367
45368
45370
45372
45375
45376
45377
45378
45379
45380
45381
45383
45384
45385
45386
45387
45390
45394
45396
45399
45401
45405
45407
45408
45409
45410
45411
45412
45413
45414
45415
45418
45419
45420
45421
45422
45423
45424
45430
45431
45432
45433
45434
45435
45436
45439
45441
45442
45443
45444
45445
45449
45450
45451
45452
45453
45454
45455
45456
45457
45458
45459
45461
45463
45464
45466
45467
45468
45470
45471
45472
45473
45474
45475
45476
45478
45479
45480
45483
45484
45485
45486
45489
45490
45491
45492
45494
45497
45500
45501
45503
45504
45505
45506
45508
45511
45512
45513
45515
45517
45518
45519
45520
45521
45523
45524
45526
45527
45530
45532
45533
45534
45535
45536
45539
45540
45541
45545
45546
45548
45549
45550
45552
45554
45556
45558
45560
45561
45564
45565
45567
45568
45570
45571
45572
45574
45575
45576
45578
45579
45580
45581
45582
45583
45586
45587
45588
45589
45590
45592
45593
45596
45598
45599
45600
45602
45603
45611
45612
45613
45614
45618
45619
45622
45623
45626
45627
45628
45629
45630
45634
45635
45636
45637
45638
45641
45644
45645
45646
45647
45648
45650
45651
45652
45653
45655
45656
45657
45659
45661
45662
45664
45665
45669
45671
45673
45674
45675
45677
45678
45679
45681
45682
45683
45685
45687
45688
45689
45692
45693
45694
45698
45699
45700
45702
45703
45705
45706
45708
45709
45710
45711
45712
45716
45717
45718
45720
45721
45723
45725
45727
45729
45733
45734
45735
45736
45737
45738
45739
45740
45742
45743
45744
45745
45746
45747
45748
45749
45751
45752
45755
45756
45757
45758
45761
45762
45763
45764
45766
45767
45768
45769
45770
45772
45773
45774
45775
45777
45778
45779
45780
45781
45782
45786
45787
45788
45789
45791
45792
45794
45795
45797
45799
45800
45801
45803
45804
45805
45806
45808
45809
45810
45812
45813
45814
45815
45818
45819
45820
45821
45824
45825
45826
45827
45831
45833
45834
45835
45837
45839
45840
45841
45844
45846
45849
45851
45854
45855
45856
45857
45858
45859
45860
45862
45864
45865
45868
45869
45870
45872
45873
45874
45878
45879
45880
45882
45886
45887
45889
45890
45891
45892
45893
45894
45895
45897
45898
45906
45907
45908
45909
45911
45913
45914
45915
45917
45921
45922
45923
45925
45926
45927
45929
45931
45932
45937
45939
45940
45944
45945
45949
45951
45952
45954
45955
45957
45958
45959
45960
45962
45963
45968
45969
45970
45971
45973
45974
45976
45977
45979
45980
45981
45982
45983
45984
45985
45986
45987
45988
45989
45990
45992
45994
45995
45996
45997
46002
46003
46004
46006
46007
46008
46009
46010
46011
46012
46014
46016
46017
46020
46021
46022
46023
46024
46025
46030
46031
46033
46034
46035
46036
46037
46038
46039
46042
46043
46044
46045
46046
46047
46049
46050
46051
46054
46055
46056
46057
46058
46060
46061
46062
46063
46064
46065
46067
46068
46070
46071
46072
46074
46075
46077
46078
46079
46080
46081
46082
46084
46085
46086
46087
46089
46090
46092
46094
46096
46097
46098
46099
46101
46102
46103
46104
46105
46106
46109
46110
46111
46112
46114
46115
46116
46117
46118
46119
46121
46122
46123
46125
46127
46130
46131
46136
46140
46141
46144
46145
46147
46148
46149
46150
46151
46152
46153
46159
46160
46162
46163
46164
46165
46166
46167
46169
46171
46172
46174
46175
46178
46179
46180
46182
46183
46184
46187
46189
46190
46191
46195
46196
46197
46198
46199
46200
46201
46202
46204
46205
46207
46209
46213
46214
46215
46217
46218
46219
46220
46221
46222
46223
46225
46226
46228
46229
46231
46232
46233
46234
46235
46236
46237
46240
46241
46242
46244
46245
46246
46248
46249
46252
46256
46258
46260
46263
46265
46266
46267
46268
46269
46273
46274
46276
46278
46280
46281
46282
46285
46286
46289
46292
46294
46295
46300
46301
46304
46305
46308
46310
46311
46312
46313
46314
46315
46319
46320
46321
46322
46327
46328
46330
46331
46334
46337
46339
46340
46342
46344
46345
46346
46350
46353
46354
46355
46357
46358
46359
46360
46362
46363
46364
46367
46368
46370
46371
46372
46375
46377
46380
46381
46382
46384
46385
46386
46387
46388
46391
46392
46393
46394
46395
46398
46400
46401
46402
46403
46407
46409
46410
46411
46412
46413
46414
46415
46416
46418
46419
46422
46425
46426
46427
46428
46429
46430
46431
46432
46435
46436
46437
46440
46442
46444
46445
46447
46448
46449
46450
46452
46454
46456
46457
46458
46460
46461
46462
46463
46465
46468
46470
46471
46475
46476
46477
46479
46480
46481
46483
46486
46487
46488
46489
46492
46494
46495
46496
46497
46498
46501
46502
46503
46504
46506
46507
46509
46510
46511
46513
46514
46515
46516
46520
46523
46527
46530
46531
46533
46534
46535
46536
46538
46539
46540
46542
46543
46544
46545
46546
46547
46548
46550
46551
46552
46553
46555
46558
46559
46561
46562
46563
46564
46565
46566
46572
46573
46575
46576
46578
46579
46581
46582
46583
46584
46585
46587
46588
46589
46592
46593
46596
46600
46603
46604
46605
46606
46610
46612
46613
46614
46615
46618
46619
46620
46621
46622
46623
46624
46626
46627
46628
46631
46635
46639
46640
46641
46642
46643
46644
46646
46647
46648
46650
46651
46652
46653
46654
46655
46656
46658
46659
46661
46662
46666
46667
46669
46672
46673
46674
46675
46677
46678
46679
46681
46682
46684
46685
46686
46687
46688
46690
46691
46692
46693
46694
46697
46698
46700
46701
46702
46706
46707
46708
46709
46710
46711
46712
46713
46715
46716
46717
46719
46721
46722
46725
46726
46729
46732
46735
46736
46738
46739
46740
46741
46742
46743
46745
46746
46748
46750
46752
46753
46754
46759
46760
46763
46764
46765
46766
46769
46770
46771
46774
46775
46777
46778
46779
46782
46783
46784
46786
46787
46788
46789
46791
46795
46796
46797
46798
46799
46800
46801
46802
46803
46804
46805
46807
46809
46810
46811
46812
46813
46814
46815
46816
46817
46818
46820
46821
46822
46823
46824
46827
46828
46830
46831
46832
46833
46836
46837
46840
46842
46843
46844
46845
46846
46849
46850
46851
46852
46854
46856
46857
46858
46859
46861
46863
46864
46865
46866
46868
46869
46873
46874
46875
46876
46879
46880
46884
46885
46886
46887
46888
46889
46890
46891
46893
46895
46896
46897
46898
46900
46901
46903
46905
46906
46907
46909
46910
46911
46912
46915
46916
46917
46918
46919
46920
46921
46922
46923
46924
46926
46928
46929
46932
46934
46935
46937
46938
46939
46940
46941
46942
46943
46947
46948
46949
46955
46958
46959
46960
46961
46964
46966
46967
46968
46969
46970
46971
46972
46973
46975
46978
46979
46980
46981
46984
46985
46986
46987
46989
46993
46994
46995
46996
46998
46999
47001
47002
47004
47006
47008
47009
47011
47012
47014
47015
47016
47017
47018
47019
47020
47021
47023
47024
47025
47026
47027
47028
47030
47031
47033
47034
47035
47036
47037
47039
47040
47041
47042
47043
47044
47046
47047
47048
47049
47050
47052
47053
47054
47055
47056
47057
47058
47059
47060
47061
47066
47067
47068
47070
47071
47073
47074
47076
47077
47078
47079
47081
47082
47083
47084
47085
47086
47087
47088
47089
47094
47097
47098
47100
47101
47102
47104
47105
47106
47107
47110
47112
47113
47114
47116
47118
47119
47120
47121
47122
47123
47125
47127
47129
47130
47135
47136
47137
47142
47143
47144
47145
47146
47147
47148
47150
47151
47152
47153
47155
47156
47157
47158
47159
47161
47162
47167
47168
47169
47170
47173
47174
47175
47176
47177
47178
47179
47180
47184
47186
47188
47189
47190
47191
47195
47196
47197
47200
47201
47203
47204
47205
47207
47208
47209
47210
47211
47212
47213
47215
47220
47221
47222
47223
47224
47225
47226
47227
47228
47229
47230
47231
47232
47233
47234
47235
47236
47237
47239
47240
47242
47243
47244
47245
47247
47250
47252
47253
47254
47255
47256
47257
47258
47259
47260
47261
47262
47263
47266
47268
47269
47270
47271
47273
47274
47275
47276
47278
47280
47281
47284
47287
47291
47293
47295
47297
47298
47301
47303
47304
47306
47307
47308
47311
47313
47314
47315
47316
47317
47318
47319
47320
47321
47322
47323
47327
47329
47330
47331
47333
47335
47336
47337
47340
47341
47342
47343
47344
47345
47346
47348
47349
47351
47352
47354
47356
47357
47358
47360
47361
47362
47365
47367
47369
47370
47372
47373
47374
47375
47376
47377
47378
47381
47382
47384
47385
47386
47387
47388
47390
47394
47395
47397
47400
47401
47402
47403
47406
47408
47409
47411
47412
47413
47414
47415
47416
47418
47420
47423
47425
47428
47429
47430
47431
47432
47434
47437
47439
47443
47444
47447
47449
47450
47453
47454
47456
47458
47462
47463
47465
47466
47467
47468
47469
47474
47475
47477
47480
47483
47484
47486
47487
47489
47490
47491
47494
47495
47497
47498
47503
47504
47505
47507
47509
47511
47512
47513
47514
47515
47516
47517
47518
47519
47520
47521
47522
47523
47525
47526
47527
47528
47529
47530
47531
47534
47536
47537
47538
47539
47541
47542
47544
47545
47546
47547
47549
47550
47552
47554
47556
47557
47559
47560
47561
47562
47564
47565
47566
47568
47569
47570
47571
47572
47574
47575
47576
47577
47578
47579
47581
47582
47583
47584
47585
47586
47589
47590
47591
47592
47593
47594
47595
47598
47599
47600
47604
47606
47607
47608
47609
47610
47611
47612
47613
47618
47619
47621
47623
47624
47629
47630
47633
47635
47636
47637
47638
47642
47643
47644
47647
47648
47652
47653
47657
47658
47659
47660
47662
47663
47664
47666
47668
47669
47670
47671
47672
47673
47674
47676
47677
47678
47679
47680
47682
47683
47684
47686
47687
47689
47691
47693
47694
47698
47700
47701
47702
47703
47704
47706
47707
47708
47710
47712
47713
47714
47715
47718
47720
47723
47724
47725
47727
47730
47734
47735
47736
47737
47738
47740
47741
47742
47744
47745
47746
47747
47748
47749
47752
47754
47757
47761
47762
47763
47766
47767
47768
47769
47770
47775
47776
47777
47780
47782
47783
47784
47786
47787
47788
47790
47791
47792
47794
47795
47796
47798
47801
47803
47804
47805
47806
47809
47810
47811
47813
47814
47815
47816
47817
47818
47819
47820
47823
47826
47827
47828
47830
47831
47832
47835
47836
47839
47840
47842
47843
47844
47845
47846
47847
47850
47852
47853
47854
47858
47859
47860
47863
47864
47865
47867
47868
47870
47871
47873
47874
47875
47876
47877
47878
47879
47880
47881
47882
47883
47884
47886
47888
47891
47893
47895
47896
47898
47899
47903
47904
47905
47908
47909
47910
47911
47912
47916
47917
47921
47922
47923
47924
47926
47928
47929
47931
47934
47935
47936
47937
47938
47941
47943
47945
47946
47947
47948
47949
47950
47951
47952
47957
47958
47960
47961
47963
47966
47967
47968
47969
47970
47972
47981
47982
47983
47986
47990
47991
47992
47994
47995
47996
47998
48001
48003
48006
48009
48012
48013
48014
48015
48016
48017
48018
48019
48022
48023
48024
48027
48029
48031
48032
48035
48036
48037
48042
48044
48045
48046
48048
48049
48050
48051
48053
48054
48056
48058
48059
48060
48061
48062
48065
48066
48067
48068
48069
48072
48073
48075
48077
48078
48079
48080
48082
48083
48084
48086
48087
48088
48089
48090
48091
48092
48094
48095
48096
48097
48099
48100
48101
48102
48103
48104
48105
48106
48107
48108
48109
48111
48112
48115
48120
48121
48122
48123
48124
48125
48126
48127
48128
48130
48131
48132
48133
48134
48137
48139
48141
48143
48146
48147
48149
48150
48151
48153
48154
48155
48157
48159
48160
48161
48164
48165
48166
48168
48169
48170
48171
48173
48174
48176
48178
48182
48186
48189
48190
48191
48192
48193
48194
48195
48196
48197
48198
48199
48201
48202
48203
48207
48208
48209
48211
48212
48214
48216
48223
48224
48226
48228
48229
48230
48231
48234
48235
48236
48237
48238
48239
48240
48244
48246
48247
48248
48249
48250
48251
48252
48253
48254
48255
48256
48257
48259
48261
48262
48264
48266
48267
48268
48269
48272
48273
48274
48276
48277
48278
48280
48281
48283
48284
48285
48286
48287
48288
48289
48290
48291
48293
48294
48295
48298
48299
48300
48301
48302
48303
48305
48306
48307
48309
48311
48313
48314
48315
48316
48317
48320
48321
48322
48327
48328
48329
48331
48333
48334
48335
48336
48337
48339
48341
48343
48344
48345
48346
48347
48348
48349
48350
48353
48355
48356
48358
48362
48363
48364
48365
48367
48368
48369
48370
48373
48374
48375
48376
48378
48379
48380
48381
48383
48384
48385
48386
48387
48388
48389
48391
48392
48395
48399
48400
48402
48404
48405
48406
48410
48411
48412
48414
48415
48416
48417
48418
48419
48420
48422
48423
48425
48426
48427
48428
48429
48431
48432
48433
48434
48435
48436
48437
48438
48441
48442
48443
48444
48445
48446
48447
48448
48449
48450
48451
48452
48454
48456
48457
48458
48459
48460
48462
48464
48466
48467
48469
48471
48472
48474
48475
48476
48477
48478
48479
48480
48484
48486
48487
48488
48491
48492
48493
48494
48495
48496
48498
48499
48500
48501
48502
48503
48504
48505
48506
48510
48511
48512
48513
48514
48515
48516
48517
48519
48520
48521
48522
48525
48526
48527
48530
48531
48532
48533
48534
48535
48537
48538
48539
48540
48541
48543
48544
48545
48546
48547
48548
48550
48552
48554
48555
48556
48557
48558
48559
48561
48562
48563
48566
48568
48572
48573
48574
48578
48579
48581
48582
48583
48584
48585
48586
48587
48589
48590
48593
48595
48597
48598
48599
48600
48602
48603
48605
48606
48607
48609
48610
48612
48613
48614
48615
48616
48617
48618
48619
48620
48621
48623
48625
48626
48627
48629
48630
48633
48634
48635
48638
48640
48642
48643
48644
48645
48646
48648
48649
48650
48651
48653
48654
48656
48657
48660
48661
48662
48663
48664
48665
48666
48669
48670
48672
48674
48676
48677
48678
48679
48681
48682
48683
48686
48687
48688
48690
48691
48692
48695
48696
48697
48701
48702
48703
48705
48706
48708
48709
48710
48711
48712
48714
48715
48716
48719
48720
48721
48722
48723
48724
48725
48726
48729
48730
48731
48732
48733
48736
48737
48740
48741
48742
48745
48746
48747
48748
48749
48750
48755
48756
48759
48760
48761
48762
48763
48764
48765
48766
48767
48768
48769
48770
48771
48772
48774
48776
48777
48779
48780
48781
48783
48784
48785
48787
48788
48789
48790
48793
48797
48799
48800
48801
48803
48807
48808
48813
48814
48815
48816
48817
48821
48822
48823
48824
48826
48827
48828
48829
48830
48833
48835
48836
48837
48838
48839
48840
48841
48842
48844
48845
48847
48848
48850
48852
48853
48854
48856
48857
48858
48860
48861
48862
48863
48866
48867
48869
48871
48873
48874
48875
48876
48878
48880
48882
48883
48884
48885
48888
48891
48892
48896
48898
48899
48900
48901
48902
48903
48907
48910
48912
48914
48915
48916
48918
48919
48920
48921
48922
48923
48924
48925
48930
48931
48933
48934
48935
48936
48938
48939
48940
48941
48942
48943
48944
48946
48947
48948
48949
48951
48952
48953
48954
48955
48959
48960
48961
48963
48965
48966
48968
48969
48972
48974
48976
48977
48978
48979
48980
48981
48983
48984
48985
48986
48987
48988
48989
48990
48991
48993
48995
48996
48999
49000
49001
49003
49004
49005
49009
49010
49012
49013
49014
49015
49016
49018
49019
49021
49023
49025
49026
49027
49028
49030
49032
49033
49035
49036
49041
49042
49043
49044
49045
49046
49047
49048
49049
49050
49052
49053
49055
49056
49057
49058
49059
49062
49063
49066
49067
49070
49071
49072
49073
49074
49076
49078
49079
49080
49081
49082
49084
49085
49086
49087
49088
49089
49090
49091
49092
49093
49094
49095
49099
49100
49102
49103
49104
49105
49106
49108
49109
49110
49111
49113
49114
49115
49116
49117
49118
49119
49122
49123
49127
49128
49129
49130
49132
49136
49137
49138
49140
49141
49144
49145
49149
49150
49151
49152
49154
49155
49156
49157
49158
49159
49160
49161
49164
49165
49166
49167
49168
49171
49173
49174
49176
49177
49178
49179
49180
49181
49182
49184
49185
49186
49188
49190
49191
49192
49194
49195
49196
49197
49199
49200
49201
49202
49206
49207
49209
49210
49212
49213
49214
49217
49218
49220
49221
49223
49224
49225
49226
49229
49230
49231
49232
49233
49234
49235
49236
49239
49241
49243
49244
49246
49247
49249
49250
49251
49252
49253
49254
49255
49257
49258
49260
49263
49266
49268
49269
49270
49271
49272
49274
49275
49277
49278
49280
49281
49283
49285
49286
49289
49290
49293
49294
49295
49297
49298
49299
49301
49302
49303
49304
49306
49308
49311
49312
49313
49315
49316
49317
49319
49321
49322
49323
49326
49327
49328
49330
49332
49335
49336
49341
49342
49343
49344
49345
49346
49347
49349
49350
49351
49354
49355
49356
49357
49358
49359
49360
49361
49362
49363
49366
49367
49368
49370
49371
49372
49373
49375
49376
49378
49379
49381
49383
49384
49385
49389
49391
49392
49395
49396
49397
49399
49400
49402
49404
49408
49409
49410
49411
49412
49413
49414
49415
49417
49418
49420
49421
49424
49425
49426
49427
49429
49431
49433
49434
49435
49436
49437
49438
49439
49440
49441
49442
49443
49444
49445
49446
49447
49448
49449
49450
49451
49452
49453
49454
49455
49457
49460
49463
49466
49467
49468
49470
49474
49475
49478
49479
49480
49481
49482
49483
49484
49486
49488
49489
49490
49491
49492
49493
49494
49495
49497
49499
49500
49502
49503
49504
49505
49506
49507
49508
49509
49510
49511
49514
49515
49517
49518
49519
49521
49522
49523
49524
49525
49526
49528
49529
49530
49532
49535
49537
49538
49541
49542
49543
49544
49546
49547
49548
49549
49551
49554
49556
49557
49559
49561
49562
49565
49566
49567
49568
49571
49573
49574
49576
49577
49578
49579
49582
49583
49584
49585
49586
49587
49588
49589
49590
49592
49593
49594
49596
49597
49598
49599
49601
49602
49603
49604
49605
49606
49609
49610
49611
49612
49613
49614
49615
49616
49619
49621
49622
49623
49624
49626
49628
49630
49631
49632
49633
49635
49636
49637
49638
49640
49641
49642
49643
49645
49646
49647
49648
49650
49652
49653
49654
49655
49656
49659
49660
49661
49662
49665
49666
49668
49670
49672
49673
49674
49676
49678
49679
49680
49681
49682
49683
49685
49686
49687
49688
49689
49690
49692
49694
49695
49696
49698
49699
49700
49704
49706
49707
49709
49711
49716
49717
49720
49721
49726
49727
49728
49730
49731
49732
49734
49735
49736
49737
49738
49739
49740
49742
49744
49745
49746
49747
49749
49750
49751
49752
49753
49755
49757
49758
49759
49760
49761
49762
49763
49764
49767
49768
49770
49771
49772
49774
49775
49777
49778
49779
49780
49781
49782
49783
49784
49785
49786
49789
49791
49792
49793
49794
49795
49797
49799
49800
49802
49803
49804
49805
49807
49808
49810
49811
49812
49813
49814
49815
49816
49817
49818
49819
49821
49822
49824
49826
49827
49828
49829
49831
49832
49833
49834
49837
49838
49840
49841
49842
49843
49844
49846
49847
49849
49850
49851
49852
49853
49854
49855
49856
49857
49861
49862
49864
49865
49866
49867
49870
49871
49872
49881
49883
49885
49886
49887
49888
49890
49892
49893
49894
49896
49900
49901
49902
49903
49904
49905
49908
49909
49910
49911
49914
49915
49916
49919
49920
49921
49922
49923
49925
49926
49929
49932
49933
49934
49935
49936
49937
49938
49942
49943
49944
49946
49947
49949
49950
49951
49952
49955
49956
49957
49958
49960
49961
49962
49964
49965
49967
49968
49969
49970
49972
49973
49974
49976
49977
49978
49979
49980
49981
49983
49984
49985
49986
49987
49988
49990
49993
49998
50000
50001
50002
50003
50004
50007
50008
50010
50011
50013
50014
50015
50016
50017
50018
50020
50021
50022
50023
50025
50026
50027
50028
50031
50032
50033
50034
50035
50036
50037
50038
50039
50040
50041
50043
50044
50045
50047
50048
50050
50051
50052
50053
50055
50058
50059
50060
50063
50064
50065
50066
50068
50070
50071
50072
50082
50085
50086
50088
50090
50091
50092
50093
50096
50097
50100
50101
50102
50103
50104
50105
50106
50108
50109
50111
50112
50115
50116
50117
50118
50119
50121
50122
50125
50126
50127
50130
50131
50132
50133
50134
50135
50136
50137
50138
50139
50140
50141
50142
50144
50146
50148
50149
50150
50152
50153
50154
50156
50157
50158
50159
50160
50162
50163
50164
50165
50166
50168
50169
50171
50172
50173
50175
50177
50179
50180
50181
50182
50183
50184
50185
50187
50189
50190
50191
50192
50193
50195
50197
50198
50200
50203
50204
50205
50207
50208
50209
50211
50212
50214
50215
50217
50218
50219
50221
50223
50225
50227
50228
50230
50231
50232
50234
50235
50236
50237
50238
50240
50241
50242
50243
50244
50249
50250
50253
50254
50255
50256
50257
50258
50259
50260
50261
50262
50264
50265
50266
50268
50269
50270
50271
50272
50274
50277
50279
50280
50281
50282
50283
50284
50286
50287
50289
50290
50293
50294
50295
50298
50299
50300
50301
50302
50303
50305
50306
50307
50308
50309
50312
50313
50314
50315
50316
50320
50321
50324
50325
50326
50327
50328
50329
50332
50334
50335
50336
50338
50341
50342
50343
50344
50347
50349
50351
50353
50354
50355
50356
50357
50362
50363
50364
50365
50367
50368
50370
50372
50373
50374
50375
50376
50377
50378
50380
50381
50383
50387
50388
50389
50391
50392
50393
50395
50399
50400
50401
50403
50404
50406
50408
50409
50410
50411
50412
50414
50416
50417
50418
50419
50420
50421
50423
50424
50425
50428
50429
50430
50431
50432
50434
50435
50437
50439
50440
50442
50443
50444
50446
50447
50448
50449
50451
50452
50453
50454
50455
50456
50457
50458
50459
50463
50464
50466
50468
50469
50470
50471
50473
50474
50475
50476
50477
50478
50479
50481
50482
50483
50484
50485
50486
50487
50488
50489
50490
50491
50493
50495
50496
50497
50498
50499
50501
50502
50503
50505
50506
50512
50513
50514
50516
50517
50518
50519
50520
50521
50522
50523
50524
50526
50527
50528
50529
50531
50532
50533
50535
50536
50537
50538
50539
50540
50542
50544
50546
50549
50550
50551
50552
50553
50554
50555
50556
50557
50558
50560
50561
50562
50563
50565
50566
50567
50568
50571
50573
50574
50575
50576
50577
50585
50586
50587
50590
50591
50592
50593
50594
50595
50596
50597
50598
50599
50600
50601
50602
50603
50604
50605
50607
50608
50609
50610
50611
50612
50613
50614
50616
50617
50618
50619
50620
50623
50624
50625
50626
50627
50628
50629
50630
50631
50632
50633
50637
50638
50639
50641
50643
50645
50646
50647
50648
50649
50650
50652
50653
50655
50658
50659
50660
50663
50664
50665
50666
50668
50670
50671
50672
50673
50674
50675
50676
50677
50678
50680
50682
50684
50685
50686
50687
50688
50689
50690
50691
50694
50695
50696
50697
50698
50699
50701
50704
50706
50709
50710
50711
50720
50721
50722
50723
50727
50728
50729
50730
50735
50737
50738
50739
50740
50741
50742
50744
50745
50748
50750
50753
50754
50755
50756
50758
50759
50762
50764
50765
50766
50768
50769
50771
50772
50773
50774
50775
50777
50778
50779
50780
50782
50783
50784
50785
50786
50787
50789
50791
50795
50796
50797
50798
50800
50805
50806
50807
50810
50813
50814
50815
50816
50818
50819
50820
50822
50823
50824
50825
50827
50828
50829
50830
50831
50833
50834
50835
50836
50837
50839
50840
50843
50846
50847
50849
50851
50855
50856
50858
50859
50862
50863
50864
50866
50867
50868
50869
50870
50872
50874
50875
50876
50878
50879
50880
50881
50883
50884
50886
50887
50888
50890
50892
50893
50894
50895
50896
50898
50899
50903
50906
50907
50908
50909
50911
50914
50915
50916
50917
50918
50919
50920
50922
50924
50925
50926
50927
50928
50929
50930
50931
50934
50937
50939
50941
50942
50945
50946
50948
50950
50952
50953
50954
50955
50959
50961
50963
50964
50966
50967
50968
50972
50973
50974
50975
50976
50978
50979
50980
50982
50983
50985
50987
50988
50989
50990
50991
50992
50994
50995
50996
50997
50999
51001
51002
51003
51004
51006
51007
51008
51009
51014
51015
51016
51019
51020
51021
51022
51023
51024
51025
51027
51028
51029
51030
51034
51036
51037
51038
51039
51040
51043
51044
51045
51048
51049
51050
51051
51052
51053
51054
51055
51056
51057
51059
51060
51061
51064
51065
51066
51067
51068
51069
51071
51075
51076
51077
51078
51079
51080
51082
51084
51095
51096
51097
51100
51106
51107
51108
51109
51110
51111
51112
51114
51115
51117
51120
51121
51122
51123
51124
51125
51126
51128
51129
51130
51131
51132
51134
51136
51137
51141
51143
51145
51146
51147
51149
51150
51151
51153
51154
51156
51157
51158
51160
51162
51163
51164
51165
51166
51167
51169
51170
51171
51172
51173
51174
51175
51176
51178
51180
51181
51182
51183
51184
51186
51188
51189
51190
51191
51194
51195
51196
51199
51200
51203
51206
51207
51208
51209
51210
51211
51212
51213
51214
51217
51218
51219
51221
51222
51223
51225
51226
51227
51229
51231
51232
51233
51235
51236
51237
51238
51239
51240
51242
51243
51244
51245
51246
51247
51248
51249
51250
51251
51252
51253
51255
51256
51257
51258
51259
51261
51262
51263
51264
51267
51270
51271
51276
51278
51279
51280
51281
51282
51283
51284
51286
51288
51289
51291
51293
51294
51295
51297
51298
51299
51303
51304
51305
51306
51307
51308
51309
51310
51311
51312
51313
51314
51318
51320
51321
51322
51325
51326
51327
51329
51330
51332
51335
51336
51337
51340
51341
51345
51346
51348
51349
51350
51351
51352
51354
51356
51358
51359
51360
51362
51363
51364
51366
51367
51369
51371
51373
51374
51375
51377
51378
51381
51382
51383
51385
51386
51387
51388
51391
51393
51396
51397
51398
51399
51400
51402
51407
51408
51409
51410
51411
51412
51413
51414
51417
51418
51419
51420
51421
51423
51428
51429
51430
51431
51432
51433
51434
51435
51436
51437
51438
51439
51440
51444
51445
51446
51447
51450
51452
51453
51455
51456
51457
51458
51459
51462
51463
51466
51468
51471
51472
51473
51474
51475
51478
51481
51482
51484
51485
51490
51494
51495
51496
51500
51502
51504
51506
51507
51508
51510
51511
51512
51513
51516
51518
51519
51521
51522
51523
51524
51528
51529
51530
51531
51532
51536
51537
51538
51539
51540
51542
51543
51544
51546
51547
51548
51549
51550
51551
51552
51553
51554
51555
51557
51558
51559
51560
51561
51562
51563
51564
51565
51566
51568
51570
51571
51572
51575
51576
51578
51579
51581
51582
51584
51585
51589
51592
51593
51594
51596
51597
51599
51600
51601
51602
51605
51606
51607
51608
51609
51610
51611
51612
51613
51614
51615
51616
51617
51618
51619
51620
51621
51624
51626
51627
51628
51629
51630
51631
51632
51633
51634
51636
51637
51639
51641
51643
51645
51646
51647
51649
51650
51651
51652
51653
51654
51655
51656
51658
51659
51660
51661
51662
51664
51665
51667
51668
51669
51670
51676
51677
51678
51679
51681
51682
51683
51684
51685
51686
51687
51690
51691
51692
51693
51696
51697
51698
51699
51700
51701
51702
51704
51705
51706
51707
51708
51709
51710
51711
51712
51713
51714
51715
51717
51718
51720
51721
51722
51723
51724
51725
51726
51727
51728
51729
51731
51732
51734
51735
51736
51737
51738
51739
51740
51742
51743
51745
51746
51747
51749
51750
51751
51752
51753
51754
51755
51757
51758
51759
51760
51761
51764
51766
51767
51768
51769
51771
51772
51773
51776
51777
51778
51779
51780
51781
51782
51784
51786
51787
51788
51789
51791
51793
51798
51799
51801
51802
51803
51804
51805
51806
51807
51808
51810
51811
51813
51815
51816
51817
51818
51820
51821
51823
51824
51825
51826
51827
51828
51829
51830
51832
51835
51836
51837
51838
51839
51840
51841
51843
51844
51845
51846
51847
51848
51849
51850
51851
51852
51853
51854
51855
51856
51857
51858
51863
51864
51865
51867
51869
51870
51871
51872
51873
51876
51877
51879
51882
51884
51885
51887
51889
51890
51892
51893
51894
51895
51897
51898
51900
51902
51903
51904
51906
51907
51909
51910
51911
51912
51914
51915
51916
51917
51918
51919
51920
51921
51924
51925
51926
51927
51928
51930
51931
51933
51935
51936
51938
51939
51940
51941
51942
51943
51944
51945
51946
51947
51949
51951
51955
51956
51957
51960
51961
51962
51963
51965
51968
51970
51971
51972
51973
51974
51977
51978
51979
51980
51981
51982
51984
51986
51987
51988
51991
51992
51995
51996
51998
51999
52002
52003
52005
52008
52009
52011
52012
52016
52020
52021
52022
52024
52025
52026
52028
52029
52030
52032
52033
52034
52035
52036
52037
52038
52040
52042
52043
52044
52045
52046
52047
52049
52050
52051
52052
52054
52056
52057
52061
52063
52064
52065
52066
52069
52071
52072
52073
52074
52075
52076
52077
52079
52080
52081
52082
52083
52084
52085
52086
52087
52088
52089
52090
52091
52093
52095
52096
52097
52099
52101
52102
52104
52107
52108
52110
52111
52112
52113
52114
52115
52116
52118
52119
52120
52121
52122
52123
52125
52126
52127
52128
52129
52130
52132
52133
52134
52135
52136
52137
52138
52142
52143
52147
52148
52149
52153
52154
52155
52156
52157
52159
52161
52162
52163
52164
52165
52168
52169
52171
52173
52177
52180
52181
52183
52184
52186
52187
52188
52190
52192
52196
52198
52200
52201
52203
52205
52206
52207
52208
52209
52210
52212
52216
52217
52219
52221
52222
52223
52224
52226
52227
52228
52229
52231
52233
52234
52235
52236
52237
52239
52241
52243
52244
52245
52246
52247
52248
52249
52251
52252
52253
52255
52258
52259
52260
52261
52262
52263
52265
52266
52267
52268
52269
52271
52272
52273
52274
52276
52277
52279
52280
52282
52283
52284
52286
52289
52290
52291
52292
52293
52296
52298
52301
52303
52307
52308
52311
52312
52313
52314
52315
52316
52318
52319
52322
52324
52325
52327
52328
52329
52330
52331
52333
52334
52335
52336
52337
52338
52342
52344
52345
52346
52348
52350
52353
52355
52356
52358
52359
52360
52361
52362
52364
52365
52366
52367
52368
52370
52372
52374
52375
52376
52377
52378
52381
52382
52383
52385
52386
52387
52388
52389
52391
52393
52394
52395
52398
52399
52401
52402
52403
52407
52409
52410
52413
52414
52415
52416
52418
52419
52420
52421
52423
52424
52425
52427
52428
52429
52430
52431
52432
52433
52435
52436
52437
52438
52439
52440
52441
52442
52443
52445
52446
52447
52452
52454
52455
52457
52458
52459
52460
52461
52465
52466
52467
52469
52470
52474
52475
52478
52480
52481
52482
52484
52485
52486
52489
52490
52491
52495
52497
52498
52499
52500
52501
52503
52504
52505
52506
52508
52509
52510
52511
52512
52518
52521
52522
52523
52524
52526
52527
52528
52529
52530
52531
52532
52533
52534
52535
52536
52537
52538
52539
52540
52541
52542
52543
52544
52545
52546
52547
52548
52550
52551
52552
52553
52554
52555
52556
52557
52558
52559
52561
52563
52564
52566
52567
52568
52571
52574
52575
52577
52578
52579
52580
52581
52582
52583
52584
52585
52586
52587
52588
52590
52592
52593
52595
52596
52598
52599
52600
52601
52602
52603
52604
52605
52606
52607
52609
52612
52613
52614
52616
52617
52619
52620
52621
52623
52624
52625
52627
52628
52629
52630
52631
52632
52635
52637
52639
52641
52642
52644
52646
52647
52648
52649
52650
52651
52653
52656
52658
52660
52663
52664
52666
52667
52668
52669
52670
52671
52672
52673
52674
52675
52676
52677
52678
52679
52681
52683
52684
52686
52687
52689
52690
52691
52692
52693
52694
52697
52698
52699
52700
52701
52702
52703
52704
52705
52706
52708
52710
52713
52715
52716
52717
52719
52720
52721
52724
52727
52728
52729
52732
52734
52735
52737
52739
52740
52743
52744
52745
52746
52747
52750
52751
52755
52757
52758
52760
52762
52763
52764
52765
52766
52768
52769
52770
52771
52772
52773
52774
52775
52776
52777
52780
52781
52785
52786
52787
52788
52791
52792
52793
52794
52795
52798
52799
52800
52802
52803
52804
52805
52806
52807
52808
52809
52812
52813
52814
52815
52816
52817
52818
52820
52821
52822
52824
52826
52827
52829
52831
52832
52833
52834
52835
52837
52839
52840
52841
52842
52843
52844
52845
52846
52848
52849
52851
52852
52854
52858
52860
52861
52862
52863
52866
52867
52868
52869
52872
52873
52874
52875
52878
52879
52880
52881
52882
52884
52885
52886
52889
52890
52891
52893
52894
52895
52897
52898
52899
52900
52902
52904
52905
52906
52908
52909
52911
52912
52913
52914
52917
52918
52921
52923
52925
52926
52927
52928
52929
52930
52936
52937
52939
52940
52941
52944
52945
52946
52947
52948
52950
52952
52957
52959
52962
52963
52964
52968
52970
52972
52974
52976
52978
52979
52980
52981
52982
52983
52984
52985
52986
52987
52988
52989
52990
52991
52994
52995
52996
52997
52999
53000
53001
53003
53005
53006
53008
53009
53011
53012
53013
53018
53019
53020
53022
53025
53026
53027
53028
53029
53031
53032
53033
53034
53035
53036
53039
53043
53047
53048
53049
53051
53052
53053
53054
53055
53056
53058
53059
53061
53062
53066
53067
53068
53069
53071
53072
53073
53075
53076
53078
53081
53082
53083
53086
53088
53089
53090
53091
53093
53095
53096
53097
53099
53101
53103
53104
53106
53107
53108
53111
53112
53113
53115
53116
53117
53118
53119
53120
53122
53123
53124
53127
53128
53129
53130
53131
53134
53135
53136
53137
53138
53139
53141
53142
53143
53144
53145
53147
53148
53149
53150
53151
53153
53154
53155
53157
53158
53160
53161
53162
53164
53165
53168
53169
53171
53173
53174
53175
53178
53179
53180
53181
53183
53185
53186
53188
53189
53190
53191
53192
53194
53195
53197
53198
53199
53200
53201
53202
53203
53204
53205
53206
53208
53209
53210
53212
53213
53214
53215
53216
53217
53218
53219
53220
53221
53222
53223
53224
53225
53226
53227
53229
53232
53233
53234
53239
53240
53241
53242
53243
53246
53247
53249
53250
53252
53254
53255
53256
53257
53258
53260
53262
53263
53266
53267
53268
53272
53273
53274
53275
53278
53279
53280
53282
53284
53285
53286
53287
53288
53289
53290
53291
53295
53296
53297
53299
53300
53301
53302
53305
53307
53308
53311
53312
53313
53314
53316
53317
53318
53319
53320
53321
53324
53325
53327
53329
53330
53331
53332
53334
53335
53336
53338
53340
53341
53342
53347
53348
53351
53352
53353
53355
53356
53357
53360
53362
53363
53364
53366
53367
53368
53370
53371
53372
53373
53375
53377
53378
53381
53382
53383
53384
53386
53387
53388
53389
53391
53392
53393
53395
53397
53398
53399
53400
53401
53402
53404
53406
53407
53408
53410
53411
53412
53413
53414
53416
53417
53418
53419
53420
53421
53422
53423
53424
53425
53426
53428
53430
53431
53434
53437
53438
53443
53444
53445
53446
53447
53448
53449
53450
53451
53452
53456
53457
53458
53459
53460
53461
53462
53464
53465
53466
53467
53468
53469
53471
53472
53473
53474
53476
53477
53478
53479
53480
53481
53484
53485
53486
53487
53490
53491
53492
53493
53494
53495
53496
53497
53498
53500
53501
53502
53503
53504
53505
53506
53507
53509
53511
53512
53514
53515
53516
53517
53519
53520
53521
53522
53524
53528
53529
53530
53531
53534
53537
53538
53539
53540
53541
53542
53543
53544
53545
53546
53547
53548
53550
53551
53552
53553
53554
53555
53556
53558
53560
53561
53563
53564
53565
53567
53568
53570
53572
53575
53576
53578
53580
53581
53584
53585
53586
53587
53588
53589
53590
53592
53593
53594
53595
53599
53600
53602
53603
53604
53605
53608
53610
53614
53616
53619
53620
53622
53623
53625
53626
53627
53628
53629
53632
53633
53634
53635
53639
53641
53643
53644
53646
53647
53648
53651
53652
53655
53656
53657
53658
53659
53660
53661
53662
53664
53668
53669
53670
53671
53673
53674
53675
53676
53680
53681
53682
53684
53685
53686
53687
53689
53690
53692
53693
53694
53695
53696
53697
53698
53699
53702
53703
53704
53705
53706
53711
53712
53713
53715
53716
53719
53721
53723
53724
53725
53726
53728
53729
53730
53731
53732
53734
53735
53736
53737
53738
53741
53742
53743
53744
53745
53747
53748
53750
53751
53752
53755
53756
53757
53758
53760
53763
53764
53765
53766
53767
53770
53771
53772
53774
53775
53776
53777
53778
53780
53781
53783
53784
53785
53786
53787
53788
53789
53790
53791
53792
53793
53794
53795
53796
53798
53799
53801
53802
53803
53804
53805
53806
53807
53808
53811
53813
53814
53816
53817
53819
53820
53821
53827
53828
53830
53831
53834
53835
53837
53838
53839
53841
53842
53846
53847
53849
53850
53853
53854
53855
53858
53859
53860
53861
53862
53864
53867
53868
53869
53872
53873
53874
53875
53876
53877
53883
53884
53885
53887
53888
53889
53890
53891
53892
53894
53895
53896
53900
53901
53902
53903
53904
53905
53907
53909
53910
53911
53912
53913
53914
53915
53917
53918
53919
53920
53921
53922
53925
53926
53929
53930
53931
53932
53933
53934
53935
53936
53939
53940
53941
53942
53943
53944
53945
53946
53947
53948
53949
53950
53951
53952
53954
53956
53957
53958
53960
53962
53963
53964
53965
53967
53968
53970
53972
53973
53974
53975
53976
53978
53979
53980
53981
53984
53985
53986
53987
53988
53991
53994
53996
53997
53999
54000
54002
54003
54005
54007
54008
54009
54010
54011
54012
54014
54015
54016
54017
54019
54020
54021
54022
54023
54024
54025
54026
54027
54028
54029
54034
54035
54036
54037
54038
54039
54041
54042
54043
54045
54046
54047
54049
54050
54053
54054
54058
54059
54060
54061
54062
54063
54064
54067
54068
54069
54070
54071
54073
54074
54075
54076
54077
54078
54079
54080
54081
54082
54083
54085
54086
54087
54089
54090
54096
54098
54100
54101
54103
54104
54105
54106
54107
54110
54112
54113
54118
54119
54120
54121
54122
54123
54124
54125
54126
54127
54128
54130
54134
54136
54137
54139
54141
54142
54143
54144
54145
54146
54147
54148
54151
54153
54156
54158
54160
54162
54163
54164
54165
54167
54168
54169
54171
54172
54173
54174
54175
54176
54177
54178
54179
54180
54182
54183
54186
54187
54188
54190
54191
54193
54194
54196
54198
54199
54201
54203
54204
54206
54207
54208
54212
54213
54214
54215
54216
54217
54219
54220
54221
54222
54224
54225
54226
54228
54229
54230
54232
54234
54235
54238
54239
54240
54242
54243
54244
54245
54248
54249
54252
54253
54257
54258
54259
54260
54261
54267
54268
54269
54270
54271
54272
54273
54274
54276
54277
54280
54282
54283
54284
54285
54286
54289
54290
54291
54292
54293
54295
54297
54298
54299
54300
54301
54303
54305
54306
54308
54309
54311
54314
54316
54317
54319
54320
54321
54322
54324
54325
54326
54330
54333
54334
54336
54337
54340
54341
54342
54343
54344
54345
54346
54347
54348
54349
54351
54352
54353
54354
54355
54356
54357
54358
54359
54363
54364
54365
54366
54367
54368
54370
54371
54373
54375
54376
54377
54385
54387
54389
54390
54393
54396
54398
54399
54401
54402
54404
54405
54406
54407
54408
54410
54411
54413
54414
54415
54416
54417
54418
54420
54421
54422
54423
54424
54425
54426
54427
54429
54432
54433
54434
54435
54436
54437
54438
54439
54441
54442
54443
54445
54446
54447
54448
54450
54451
54453
54454
54456
54458
54459
54460
54461
54462
54463
54464
54465
54466
54468
54469
54470
54471
54472
54473
54475
54477
54478
54479
54480
54481
54482
54483
54485
54486
54487
54489
54490
54491
54492
54493
54494
54495
54496
54498
54499
54500
54501
54502
54503
54504
54505
54506
54507
54508
54510
54511
54512
54515
54516
54517
54519
54520
54521
54522
54523
54524
54525
54526
54527
54530
54531
54532
54534
54535
54536
54537
54538
54540
54541
54542
54543
54544
54545
54546
54547
54548
54549
54550
54552
54553
54555
54560
54561
54564
54565
54566
54567
54569
54573
54575
54576
54578
54579
54580
54581
54583
54584
54586
54587
54593
54594
54595
54596
54597
54598
54599
54601
54602
54604
54605
54606
54609
54610
54611
54612
54613
54614
54615
54617
54618
54619
54620
54623
54626
54627
54629
54630
54631
54632
54634
54635
54636
54637
54640
54642
54643
54644
54645
54646
54647
54648
54650
54651
54652
54653
54654
54655
54657
54658
54660
54662
54663
54665
54666
54669
54670
54671
54672
54673
54674
54675
54676
54677
54678
54679
54680
54682
54683
54685
54687
54688
54689
54690
54691
54692
54696
54698
54700
54701
54702
54704
54707
54709
54710
54711
54715
54716
54717
54718
54720
54721
54722
54724
54725
54727
54728
54729
54730
54732
54733
54734
54735
54736
54737
54739
54742
54743
54745
54746
54748
54749
54750
54753
54754
54755
54758
54760
54761
54762
54763
54764
54766
54767
54768
54769
54770
54772
54773
54774
54775
54776
54777
54779
54780
54781
54783
54784
54785
54786
54787
54788
54790
54792
54793
54795
54798
54799
54800
54801
54803
54804
54805
54806
54807
54808
54809
54811
54812
54813
54814
54815
54818
54819
54820
54822
54824
54825
54826
54828
54829
54830
54831
54832
54834
54836
54838
54839
54840
54843
54844
54845
54846
54847
54849
54850
54854
54855
54856
54857
54860
54861
54862
54863
54864
54865
54868
54870
54872
54873
54875
54876
54880
54881
54882
54884
54885
54887
54888
54889
54890
54891
54892
54893
54895
54896
54897
54898
54899
54900
54901
54903
54904
54905
54906
54908
54910
54912
54913
54914
54915
54916
54918
54919
54920
54921
54922
54924
54925
54926
54927
54928
54930
54932
54933
54935
54936
54937
54939
54941
54942
54943
54944
54945
54946
54947
54948
54949
54950
54951
54954
54956
54957
54958
54959
54960
54961
54963
54967
54968
54969
54970
54971
54972
54973
54974
54975
54976
54977
54980
54981
54982
54983
54984
54985
54989
54990
54991
54992
54993
54994
54995
54997
54999
55001
55002
55004
55005
55006
55007
55009
55010
55011
55012
55013
55014
55016
55017
55018
55019
55022
55023
55026
55027
55028
55029
55030
55031
55033
55034
55035
55037
55039
55040
55041
55042
55044
55048
55050
55051
55052
55053
55055
55056
55057
55058
55059
55060
55061
55062
55063
55064
55065
55066
55067
55068
55069
55070
55071
55072
55073
55075
55076
55077
55078
55081
55082
55083
55084
55085
55086
55087
55088
55090
55091
55092
55093
55094
55095
55096
55097
55098
55099
55100
55102
55104
55105
55107
55109
55111
55113
55115
55117
55118
55119
55121
55122
55123
55125
55126
55127
55128
55130
55131
55132
55133
55134
55137
55139
55140
55141
55142
55144
55145
55146
55147
55149
55151
55152
55154
55155
55159
55162
55164
55165
55166
55168
55169
55171
55172
55173
55174
55176
55177
55178
55179
55180
55181
55182
55183
55184
55185
55186
55187
55188
55191
55192
55193
55194
55196
55197
55198
55199
55200
55202
55203
55204
55205
55206
55207
55208
55210
55211
55212
55215
55218
55219
55220
55222
55225
55227
55228
55229
55230
55232
55234
55235
55236
55237
55238
55239
55240
55241
55242
55243
55244
55245
55246
55247
55248
55250
55252
55253
55254
55255
55257
55258
55259
55260
55261
55263
55265
55266
55268
55270
55271
55272
55277
55279
55280
55282
55283
55284
55285
55286
55290
55291
55294
55295
55296
55298
55300
55301
55302
55303
55304
55305
55306
55309
55310
55311
55313
55314
55315
55316
55318
55319
55321
55324
55325
55326
55327
55328
55329
55330
55331
55332
55336
55337
55341
55345
55346
55347
55348
55349
55351
55352
55353
55354
55355
55356
55357
55358
55359
55361
55362
55364
55366
55367
55368
55369
55371
55372
55376
55377
55378
55379
55380
55381
55382
55383
55385
55386
55388
55389
55390
55391
55392
55393
55394
55396
55397
55398
55400
55401
55405
55407
55412
55414
55416
55417
55418
55419
55420
55422
55424
55426
55427
55428
55429
55430
55433
55434
55437
55439
55442
55443
55445
55447
55448
55449
55450
55452
55453
55455
55458
55459
55460
55464
55466
55467
55469
55470
55472
55473
55474
55475
55476
55477
55478
55479
55480
55481
55484
55485
55486
55487
55488
55489
55490
55491
55493
55494
55495
55497
55498
55499
55500
55501
55502
55505
55509
55510
55511
55512
55514
55515
55517
55518
55520
55521
55522
55524
55527
55529
55532
55533
55534
55535
55536
55537
55538
55540
55541
55542
55543
55544
55545
55546
55547
55548
55554
55555
55556
55560
55561
55562
55563
55565
55566
55567
55568
55569
55570
55571
55572
55574
55575
55576
55578
55579
55580
55583
55584
55585
55586
55587
55589
55590
55591
55592
55593
55594
55595
55596
55597
55599
55600
55601
55602
55603
55605
55607
55608
55611
55612
55614
55615
55617
55618
55620
55621
55622
55623
55624
55625
55627
55629
55631
55632
55633
55636
55637
55638
55640
55641
55642
55645
55648
55649
55650
55653
55654
55655
55656
55659
55660
55662
55663
55664
55666
55667
55668
55669
55670
55672
55673
55674
55675
55676
55677
55678
55679
55683
55684
55690
55691
55693
55694
55695
55696
55697
55699
55700
55701
55702
55703
55704
55705
55706
55707
55708
55710
55711
55712
55714
55715
55716
55717
55720
55721
55724
55725
55726
55727
55729
55730
55731
55732
55733
55734
55735
55736
55737
55738
55740
55741
55742
55745
55746
55749
55750
55751
55752
55754
55756
55757
55758
55759
55760
55761
55762
55764
55765
55766
55767
55768
55770
55772
55773
55774
55776
55777
55779
55780
55782
55783
55784
55785
55787
55788
55789
55790
55793
55794
55795
55796
55797
55799
55800
55801
55806
55808
55809
55813
55814
55815
55817
55819
55820
55822
55825
55826
55827
55828
55829
55830
55831
55833
55834
55835
55836
55837
55840
55841
55842
55843
55844
55845
55847
55849
55850
55853
55854
55858
55859
55861
55862
55863
55865
55866
55868
55871
55872
55873
55874
55875
55877
55878
55879
55880
55881
55882
55884
55885
55886
55887
55888
55890
55891
55892
55893
55894
55895
55896
55897
55898
55900
55901
55902
55903
55904
55905
55907
55908
55909
55910
55912
55915
55916
55918
55919
55920
55922
55924
55927
55928
55929
55930
55932
55933
55934
55935
55936
55937
55938
55939
55941
55942
55945
55946
55949
55951
55952
55954
55957
55958
55960
55961
55962
55963
55965
55966
55969
55970
55972
55974
55975
55977
55978
55980
55982
55983
55986
55987
55988
55989
55990
55991
55992
55995
55996
55997
55998
55999
56000
56001
56003
56006
56007
56011
56012
56013
56015
56016
56017
56018
56019
56020
56021
56022
56023
56025
56026
56027
56030
56032
56033
56035
56036
56038
56039
56042
56043
56044
56046
56047
56048
56049
56050
56051
56052
56054
56056
56057
56058
56061
56062
56063
56064
56065
56069
56070
56071
56072
56076
56078
56079
56080
56081
56082
56083
56084
56085
56086
56087
56088
56089
56090
56093
56094
56096
56097
56098
56099
56100
56101
56102
56103
56104
56106
56107
56109
56110
56112
56115
56116
56117
56118
56119
56123
56124
56125
56126
56129
56131
56132
56135
56136
56137
56138
56139
56143
56145
56146
56151
56152
56153
56154
56155
56156
56158
56159
56160
56161
56162
56164
56168
56169
56170
56171
56173
56174
56175
56176
56177
56179
56181
56182
56184
56185
56186
56187
56188
56189
56190
56192
56194
56195
56196
56197
56198
56200
56201
56203
56204
56206
56207
56208
56209
56210
56211
56213
56215
56217
56218
56219
56220
56221
56223
56224
56226
56227
56228
56229
56230
56233
56234
56235
56238
56241
56242
56245
56247
56249
56251
56252
56254
56256
56257
56258
56259
56261
56263
56264
56265
56268
56269
56271
56272
56273
56274
56275
56277
56278
56280
56281
56282
56283
56285
56286
56287
56288
56289
56290
56292
56294
56295
56296
56297
56298
56299
56300
56301
56302
56303
56304
56305
56307
56308
56309
56310
56311
56312
56313
56314
56315
56318
56319
56321
56322
56323
56324
56325
56326
56327
56329
56332
56333
56334
56337
56338
56340
56342
56344
56345
56347
56348
56349
56350
56351
56352
56353
56354
56355
56356
56357
56359
56361
56362
56363
56365
56367
56369
56370
56371
56372
56375
56377
56379
56381
56382
56386
56387
56388
56389
56390
56391
56393
56396
56398
56399
56400
56401
56402
56403
56404
56405
56406
56407
56408
56409
56410
56411
56412
56413
56414
56417
56418
56419
56420
56422
56423
56424
56425
56426
56427
56428
56429
56431
56432
56433
56436
56437
56440
56441
56442
56443
56444
56446
56447
56448
56449
56450
56451
56452
56454
56456
56457
56458
56462
56463
56464
56469
56471
56472
56473
56474
56475
56476
56477
56479
56480
56484
56487
56488
56489
56490
56492
56494
56496
56498
56499
56500
56502
56503
56504
56505
56508
56509
56510
56512
56513
56514
56515
56516
56517
56519
56520
56521
56522
56523
56524
56526
56528
56529
56530
56531
56533
56534
56535
56536
56537
56540
56541
56543
56544
56545
56549
56550
56554
56556
56557
56560
56562
56563
56566
56567
56568
56569
56570
56573
56574
56575
56576
56577
56579
56580
56581
56582
56583
56584
56585
56586
56587
56588
56589
56590
56591
56592
56595
56596
56599
56600
56601
56602
56603
56604
56605
56606
56607
56609
56610
56614
56615
56616
56617
56618
56619
56620
56621
56622
56624
56625
56628
56629
56630
56631
56632
56633
56634
56635
56636
56637
56638
56639
56640
56641
56642
56644
56646
56648
56649
56650
56651
56653
56654
56655
56656
56657
56658
56659
56660
56661
56662
56663
56666
56667
56668
56669
56672
56673
56674
56675
56676
56677
56679
56680
56681
56682
56683
56685
56686
56687
56688
56689
56691
56692
56693
56694
56698
56699
56701
56702
56704
56706
56708
56709
56710
56711
56712
56713
56714
56715
56716
56717
56718
56719
56721
56722
56726
56729
56731
56732
56733
56734
56735
56736
56737
56739
56740
56741
56742
56744
56746
56747
56750
56751
56752
56753
56754
56755
56756
56758
56760
56762
56763
56765
56767
56770
56772
56773
56775
56776
56777
56778
56780
56781
56782
56783
56784
56785
56786
56787
56789
56790
56792
56793
56794
56795
56796
56797
56798
56799
56800
56802
56803
56804
56806
56807
56808
56810
56811
56812
56813
56815
56816
56819
56821
56824
56825
56827
56828
56829
56830
56831
56832
56833
56834
56836
56837
56838
56841
56842
56843
56844
56845
56846
56847
56848
56849
56850
56851
56852
56853
56854
56855
56857
56859
56861
56863
56864
56865
56866
56867
56868
56869
56870
56873
56874
56875
56876
56877
56878
56880
56882
56883
56884
56886
56887
56889
56890
56891
56892
56893
56894
56895
56897
56901
56902
56903
56904
56906
56907
56908
56910
56913
56914
56915
56916
56917
56918
56919
56921
56922
56923
56924
56926
56927
56928
56929
56931
56932
56934
56935
56936
56937
56938
56939
56942
56945
56947
56950
56951
56952
56954
56955
56956
56957
56959
56960
56961
56962
56963
56964
56965
56966
56967
56968
56969
56971
56973
56975
56976
56978
56979
56980
56981
56982
56983
56984
56985
56987
56988
56989
56990
56994
56995
56996
56998
56999
57001
57002
57004
57005
57006
57007
57008
57010
57012
57014
57015
57016
57017
57021
57022
57023
57025
57026
57029
57030
57031
57032
57033
57034
57037
57039
57040
57041
57044
57045
57046
57047
57049
57052
57053
57054
57055
57056
57057
57058
57059
57061
57062
57063
57065
57066
57067
57069
57071
57072
57073
57074
57075
57076
57077
57080
57082
57083
57085
57088
57089
57090
57091
57092
57093
57095
57096
57097
57098
57099
57101
57102
57103
57104
57105
57107
57109
57113
57114
57116
57117
57118
57119
57120
57121
57124
57125
57128
57131
57132
57133
57134
57135
57136
57137
57138
57140
57141
57142
57143
57144
57145
57147
57152
57155
57157
57158
57159
57160
57162
57164
57166
57169
57170
57174
57175
57176
57177
57179
57180
57181
57182
57184
57185
57186
57187
57188
57189
57191
57192
57193
57194
57196
57197
57198
57202
57203
57204
57205
57206
57209
57210
57211
57212
57213
57214
57215
57217
57218
57219
57220
57221
57222
57224
57225
57226
57228
57231
57232
57236
57237
57239
57240
57243
57244
57245
57249
57251
57252
57254
57256
57257
57259
57264
57266
57268
57269
57270
57271
57272
57273
57274
57275
57276
57277
57278
57279
57280
57281
57282
57283
57284
57285
57286
57287
57288
57290
57291
57293
57294
57295
57298
57299
57300
57301
57302
57303
57305
57306
57307
57310
57312
57313
57314
57315
57317
57318
57319
57320
57321
57322
57324
57325
57326
57327
57328
57329
57330
57331
57332
57333
57335
57336
57337
57339
57340
57342
57343
57344
57345
57346
57347
57349
57351
57356
57358
57361
57362
57363
57364
57365
57366
57367
57368
57369
57370
57372
57373
57374
57375
57376
57377
57378
57379
57380
57381
57382
57383
57384
57385
57386
57387
57391
57392
57395
57397
57398
57399
57400
57401
57403
57404
57406
57407
57408
57410
57414
57416
57418
57420
57421
57422
57424
57425
57426
57427
57428
57429
57430
57431
57432
57433
57434
57437
57438
57439
57440
57443
57444
57445
57446
57447
57448
57449
57451
57452
57453
57455
57456
57457
57458
57459
57461
57462
57466
57467
57470
57471
57472
57473
57476
57477
57478
57480
57481
57483
57484
57485
57486
57489
57490
57492
57493
57494
57495
57497
57498
57499
57500
57501
57502
57503
57504
57505
57506
57507
57510
57511
57514
57515
57516
57518
57519
57521
57522
57523
57525
57526
57527
57528
57529
57531
57533
57537
57540
57541
57543
57544
57546
57548
57549
57553
57557
57558
57560
57561
57562
57563
57564
57565
57567
57568
57569
57572
57573
57574
57575
57577
57578
57579
57580
57581
57582
57583
57584
57585
57586
57587
57588
57591
57592
57593
57594
57595
57598
57600
57601
57602
57603
57604
57605
57606
57608
57611
57612
57613
57614
57615
57616
57618
57620
57622
57624
57625
57626
57628
57629
57630
57631
57632
57633
57634
57635
57636
57637
57638
57639
57640
57641
57642
57643
57645
57647
57648
57649
57650
57652
57653
57654
57655
57656
57657
57658
57661
57662
57663
57664
57665
57666
57667
57669
57671
57672
57673
57676
57677
57678
57681
57682
57683
57684
57685
57686
57687
57688
57690
57691
57692
57693
57694
57695
57697
57700
57701
57702
57705
57706
57709
57713
57714
57716
57718
57719
57721
57723
57725
57726
57730
57731
57732
57733
57734
57735
57736
57737
57738
57740
57741
57742
57743
57744
57746
57747
57748
57749
57750
57751
57752
57753
57754
57755
57757
57759
57760
57763
57764
57765
57767
57769
57770
57771
57772
57773
57775
57776
57777
57778
57780
57781
57782
57783
57784
57786
57787
57788
57789
57790
57792
57793
57795
57796
57798
57800
57801
57802
57803
57804
57805
57808
57809
57811
57812
57816
57817
57819
57820
57821
57822
57823
57824
57826
57827
57828
57829
57830
57831
57837
57839
57841
57842
57843
57846
57847
57848
57849
57850
57851
57852
57853
57854
57855
57856
57857
57858
57859
57860
57861
57862
57863
57864
57866
57869
57871
57874
57875
57876
57877
57879
57880
57882
57883
57884
57885
57886
57887
57888
57891
57892
57894
57896
57897
57899
57900
57902
57903
57905
57906
57907
57908
57909
57910
57911
57912
57915
57916
57917
57918
57919
57920
57921
57922
57923
57924
57926
57927
57928
57929
57930
57932
57934
57935
57936
57937
57938
57939
57940
57941
57942
57944
57946
57947
57948
57950
57951
57952
57953
57955
57957
57958
57959
57960
57962
57963
57966
57967
57968
57969
57970
57971
57973
57974
57975
57977
57978
57979
57981
57982
57983
57984
57985
57987
57989
57991
57992
57993
57995
57996
57999
58000
58001
58002
58004
58005
58006
58007
58008
58009
58010
58011
58012
58014
58015
58018
58019
58020
58021
58022
58023
58025
58026
58027
58028
58029
58030
58031
58032
58033
58034
58035
58037
58039
58041
58043
58045
58047
58048
58049
58050
58051
58052
58053
58054
58055
58056
58057
58059
58060
58061
58062
58063
58064
58065
58066
58067
58069
58070
58071
58072
58074
58076
58077
58078
58079
58080
58081
58083
58084
58086
58087
58088
58089
58090
58091
58092
58093
58094
58096
58097
58098
58099
58100
58101
58102
58104
58105
58106
58107
58108
58109
58110
58111
58113
58114
58115
58116
58117
58119
58121
58122
58123
58125
58126
58129
58131
58132
58133
58134
58135
58137
58138
58139
58140
58141
58143
58145
58147
58148
58149
58151
58152
58154
58155
58157
58159
58160
58163
58165
58166
58167
58170
58171
58175
58177
58178
58179
58180
58181
58182
58184
58185
58186
58187
58189
58192
58193
58194
58195
58198
58199
58200
58201
58202
58203
58204
58205
58206
58207
58208
58209
58210
58211
58214
58215
58216
58217
58218
58220
58221
58223
58224
58225
58226
58227
58228
58229
58230
58231
58232
58233
58234
58235
58238
58239
58240
58241
58243
58244
58245
58249
58250
58252
58253
58255
58258
58259
58260
58262
58263
58264
58265
58266
58268
58269
58271
58272
58273
58274
58275
58277
58279
58280
58281
58284
58285
58287
58288
58289
58290
58291
58292
58293
58294
58295
58296
58297
58298
58299
58302
58303
58307
58310
58311
58312
58313
58314
58315
58316
58318
58319
58320
58321
58322
58324
58325
58326
58327
58328
58329
58330
58331
58332
58337
58338
58339
58341
58342
58343
58344
58346
58349
58352
58353
58355
58357
58358
58359
58361
58363
58365
58367
58368
58370
58372
58373
58374
58375
58376
58378
58379
58380
58381
58382
58385
58386
58388
58390
58392
58393
58394
58395
58398
58399
58401
58402
58403
58404
58406
58407
58408
58409
58413
58414
58415
58416
58417
58418
58419
58421
58422
58424
58427
58428
58429
58430
58431
58434
58436
58437
58438
58440
58441
58442
58443
58444
58445
58447
58448
58450
58451
58452
58453
58454
58455
58457
58458
58459
58461
58464
58465
58466
58468
58470
58471
58472
58474
58475
58476
58479
58480
58481
58482
58483
58484
58485
58486
58487
58488
58489
58490
58491
58492
58494
58495
58498
58500
58503
58505
58506
58507
58508
58509
58510
58511
58512
58513
58516
58517
58518
58519
58520
58521
58525
58526
58528
58529
58530
58531
58534
58536
58537
58538
58541
58543
58545
58546
58547
58548
58550
58551
58552
58553
58554
58555
58556
58557
58558
58560
58561
58563
58564
58565
58566
58567
58568
58569
58570
58573
58575
58576
58577
58578
58580
58582
58583
58584
58585
58586
58587
58588
58590
58591
58592
58594
58595
58596
58597
58598
58600
58601
58602
58603
58604
58605
58608
58610
58611
58612
58613
58614
58618
58619
58620
58622
58624
58625
58628
58630
58631
58632
58633
58635
58638
58639
58640
58641
58642
58643
58644
58645
58647
58649
58650
58652
58654
58656
58657
58660
58661
58662
58663
58664
58665
58666
58667
58668
58670
58672
58673
58674
58675
58676
58677
58678
58680
58681
58682
58683
58684
58686
58687
58688
58689
58690
58692
58693
58697
58698
58700
58701
58703
58704
58705
58707
58708
58709
58710
58711
58712
58713
58714
58715
58718
58719
58720
58726
58727
58728
58730
58731
58732
58733
58734
58735
58736
58738
58739
58741
58743
58745
58746
58747
58748
58749
58750
58752
58753
58754
58756
58757
58758
58760
58761
58763
58765
58767
58771
58772
58773
58774
58775
58776
58777
58779
58781
58782
58784
58785
58786
58787
58789
58790
58791
58792
58794
58795
58796
58798
58799
58800
58801
58802
58803
58804
58805
58808
58809
58810
58811
58812
58813
58816
58817
58820
58821
58822
58823
58825
58826
58827
58830
58831
58833
58834
58835
58836
58838
58839
58840
58842
58845
58846
58848
58850
58851
58852
58853
58854
58857
58858
58859
58863
58864
58865
58866
58867
58869
58870
58871
58872
58874
58876
58878
58879
58880
58881
58882
58884
58885
58886
58887
58888
58889
58890
58891
58892
58893
58896
58897
58899
58900
58902
58903
58904
58905
58906
58907
58908
58909
58910
58911
58912
58913
58914
58915
58920
58924
58926
58927
58928
58931
58932
58933
58934
58936
58937
58939
58940
58941
58942
58943
58944
58947
58948
58951
58952
58953
58954
58955
58956
58958
58959
58960
58961
58962
58963
58964
58966
58967
58968
58969
58970
58971
58973
58974
58976
58978
58982
58983
58984
58985
58988
58989
58992
58994
58995
58996
58997
58998
58999
59000
59001
59002
59003
59004
59005
59006
59008
59009
59010
59011
59013
59014
59018
59019
59020
59021
59023
59024
59025
59026
59027
59028
59029
59030
59031
59032
59033
59034
59035
59038
59039
59041
59043
59044
59045
59046
59050
59051
59053
59057
59058
59060
59061
59062
59063
59065
59067
59068
59069
59071
59072
59073
59074
59075
59077
59078
59079
59081
59083
59084
59085
59087
59088
59089
59090
59091
59092
59093
59094
59095
59096
59097
59098
59099
59100
59101
59102
59104
59105
59107
59108
59109
59110
59111
59112
59113
59114
59116
59117
59118
59119
59120
59121
59122
59123
59125
59126
59127
59129
59130
59131
59132
59133
59134
59135
59136
59137
59138
59139
59142
59146
59147
59148
59149
59150
59151
59153
59154
59155
59156
59157
59158
59159
59160
59162
59163
59164
59165
59166
59167
59168
59169
59170
59172
59173
59174
59179
59180
59183
59184
59185
59186
59188
59189
59191
59192
59193
59194
59195
59197
59198
59200
59201
59202
59203
59206
59207
59208
59209
59210
59211
59213
59215
59216
59217
59218
59221
59223
59224
59225
59226
59228
59235
59236
59237
59238
59241
59242
59244
59245
59246
59247
59248
59249
59251
59252
59253
59254
59255
59256
59257
59258
59259
59260
59261
59262
59263
59266
59268
59269
59270
59271
59272
59274
59275
59277
59278
59279
59280
59281
59283
59285
59286
59289
59290
59291
59292
59293
59295
59296
59297
59298
59299
59300
59302
59303
59304
59305
59306
59309
59311
59312
59313
59314
59315
59318
59319
59321
59323
59324
59325
59331
59332
59333
59334
59335
59336
59337
59338
59339
59342
59343
59344
59345
59347
59350
59351
59352
59353
59354
59356
59357
59358
59359
59360
59363
59366
59368
59369
59370
59371
59372
59373
59375
59377
59378
59379
59381
59383
59384
59385
59387
59389
59390
59391
59392
59393
59394
59395
59396
59397
59398
59399
59400
59401
59402
59403
59404
59405
59406
59409
59412
59413
59414
59415
59416
59417
59418
59420
59423
59424
59425
59426
59428
59430
59431
59434
59435
59437
59438
59439
59441
59443
59445
59447
59450
59451
59452
59455
59456
59458
59459
59461
59462
59464
59467
59468
59470
59471
59472
59473
59475
59477
59478
59481
59483
59485
59486
59488
59490
59491
59492
59494
59495
59496
59497
59498
59499
59501
59503
59504
59505
59508
59510
59512
59516
59517
59518
59519
59520
59522
59523
59524
59525
59526
59527
59528
59530
59532
59534
59535
59536
59538
59539
59540
59541
59544
59545
59546
59548
59550
59551
59552
59553
59554
59555
59556
59558
59559
59560
59561
59562
59564
59565
59566
59567
59568
59569
59570
59572
59573
59574
59575
59576
59577
59578
59579
59580
59581
59582
59583
59584
59586
59587
59588
59589
59591
59592
59594
59595
59596
59599
59601
59602
59603
59604
59607
59608
59609
59610
59611
59613
59616
59617
59618
59619
59620
59621
59623
59625
59627
59628
59629
59630
59631
59633
59634
59635
59636
59637
59638
59639
59642
59643
59644
59645
59647
59648
59649
59650
59651
59652
59654
59655
59656
59657
59658
59659
59660
59661
59662
59663
59664
59665
59667
59668
59672
59674
59675
59676
59679
59681
59682
59683
59684
59690
59692
59693
59694
59695
59696
59697
59698
59703
59704
59705
59706
59707
59708
59709
59711
59712
59714
59715
59717
59719
59720
59721
59722
59723
59724
59725
59726
59727
59728
59729
59731
59732
59737
59738
59740
59742
59743
59745
59746
59747
59748
59749
59750
59751
59752
59753
59755
59756
59757
59758
59759
59762
59764
59765
59766
59767
59768
59772
59773
59774
59775
59776
59777
59778
59779
59783
59784
59787
59788
59789
59790
59791
59792
59795
59796
59797
59798
59800
59801
59803
59804
59805
59807
59809
59812
59813
59814
59815
59816
59817
59818
59819
59820
59821
59822
59823
59825
59826
59827
59828
59829
59830
59831
59832
59833
59834
59835
59836
59837
59838
59839
59840
59842
59845
59846
59847
59848
59849
59850
59851
59853
59857
59858
59861
59862
59863
59864
59866
59867
59868
59871
59872
59873
59875
59877
59879
59880
59881
59884
59885
59886
59888
59889
59892
59893
59894
59895
59896
59897
59898
59900
59901
59903
59904
59906
59909
59910
59911
59912
59913
59914
59917
59918
59919
59921
59923
59925
59927
59928
59931
59932
59934
59935
59936
59937
59938
59939
59940
59941
59942
59943
59945
59947
59948
59949
59950
59954
59955
59958
59959
59960
59961
59962
59963
59965
59967
59968
59969
59971
59972
59973
59974
59975
59976
59978
59979
59980
59983
59984
59985
59986
59988
59989
59990
59991
59992
59994
59999
60000
60001
60005
60007
60008
60009
60011
60013
60014
60015
60016
60017
60019
60021
60022
60023
60024
60027
60028
60030
60031
60032
60034
60035
60036
60038
60040
60042
60043
60044
60045
60047
60048
60049
60050
60051
60053
60054
60056
60057
60058
60060
60061
60062
60063
60064
60065
60066
60067
60068
60069
60070
60072
60074
60075
60076
60077
60078
60079
60080
60081
60082
60083
60084
60086
60087
60088
60089
60090
60091
60092
60093
60094
60095
60096
60097
60098
60103
60104
60105
60109
60110
60111
60112
60113
60114
60115
60116
60117
60118
60119
60120
60121
60123
60124
60125
60127
60128
60129
60130
60131
60133
60134
60135
60136
60137
60139
60140
60141
60142
60143
60144
60145
60146
60147
60148
60149
60150
60152
60153
60154
60155
60156
60157
60158
60160
60161
60163
60164
60165
60166
60167
60168
60169
60170
60171
60172
60174
60175
60177
60178
60179
60181
60183
60184
60185
60186
60187
60188
60189
60191
60193
60194
60195
60196
60198
60199
60200
60201
60202
60203
60205
60206
60207
60208
60209
60211
60212
60213
60214
60215
60216
60217
60218
60220
60221
60222
60223
60224
60225
60227
60228
60229
60230
60231
60232
60233
60235
60236
60237
60240
60241
60243
60245
60247
60248
60249
60250
60251
60252
60253
60256
60257
60260
60261
60262
60263
60264
60268
60269
60270
60272
60274
60276
60278
60279
60281
60284
60285
60286
60287
60289
60290
60292
60293
60295
60297
60298
60299
60300
60301
60302
60303
60304
60305
60307
60308
60309
60310
60311
60313
60315
60316
60317
60319
60320
60323
60324
60326
60328
60329
60330
60332
60334
60335
60336
60338
60339
60340
60341
60342
60344
60345
60347
60348
60349
60351
60353
60354
60356
60357
60358
60360
60361
60362
60364
60365
60366
60368
60369
60370
60371
60372
60373
60374
60375
60376
60377
60379
60380
60381
60382
60383
60386
60387
60388
60389
60390
60391
60392
60393
60398
60399
60400
60402
60405
60407
60409
60410
60411
60412
60414
60415
60416
60417
60420
60421
60422
60423
60424
60425
60426
60428
60429
60430
60432
60434
60437
60438
60439
60440
60441
60442
60444
60446
60447
60448
60449
60450
60451
60452
60454
60455
60456
60457
60458
60460
60461
60463
60464
60466
60468
60469
60471
60472
60473
60474
60475
60476
60479
60483
60486
60487
60488
60490
60492
60494
60495
60496
60498
60499
60500
60501
60502
60503
60504
60505
60506
60507
60508
60509
60510
60511
60512
60513
60515
60519
60521
60522
60524
60525
60527
60529
60530
60532
60533
60534
60535
60536
60537
60538
60539
60540
60541
60542
60543
60546
60548
60549
60550
60551
60555
60556
60558
60559
60561
60562
60563
60566
60567
60569
60570
60571
60572
60573
60575
60576
60577
60578
60579
60580
60581
60582
60585
60586
60587
60588
60589
60590
60591
60592
60594
60595
60596
60597
60598
60600
60603
60604
60605
60606
60607
60611
60613
60614
60615
60616
60620
60621
60622
60624
60625
60626
60627
60628
60632
60633
60634
60635
60636
60637
60638
60639
60641
60642
60643
60644
60645
60646
60648
60649
60650
60651
60652
60653
60654
60655
60656
60657
60658
60659
60660
60661
60663
60664
60665
60666
60668
60670
60672
60673
60674
60675
60677
60678
60679
60680
60682
60685
60686
60687
60688
60689
60692
60693
60695
60696
60697
60700
60703
60704
60705
60706
60707
60708
60709
60710
60711
60713
60714
60715
60716
60717
60718
60719
60720
60721
60722
60723
60724
60725
60726
60727
60728
60729
60732
60733
60739
60740
60741
60742
60743
60744
60745
60746
60747
60749
60750
60751
60752
60753
60754
60755
60757
60758
60759
60760
60761
60762
60763
60764
60765
60766
60767
60768
60769
60771
60772
60773
60774
60776
60778
60780
60781
60784
60785
60787
60788
60790
60791
60792
60796
60798
60801
60802
60803
60804
60805
60806
60807
60808
60809
60811
60812
60813
60814
60815
60816
60817
60818
60819
60820
60821
60822
60823
60824
60825
60826
60828
60833
60834
60835
60836
60837
60838
60841
60842
60843
60844
60845
60847
60848
60849
60850
60852
60853
60855
60858
60859
60860
60861
60862
60864
60866
60867
60868
60872
60873
60874
60875
60877
60878
60879
60880
60881
60882
60884
60885
60886
60888
60889
60890
60892
60895
60896
60898
60899
60900
60902
60903
60904
60905
60906
60908
60909
60910
60911
60912
60913
60914
60915
60916
60917
60918
60920
60923
60924
60926
60927
60928
60929
60930
60931
60932
60933
60934
60935
60938
60940
60941
60944
60945
60948
60949
60951
60952
60953
60954
60955
60956
60957
60958
60959
60960
60961
60962
60963
60964
60965
60966
60968
60969
60970
60971
60972
60973
60974
60975
60977
60978
60979
60980
60981
60982
60984
60985
60986
60987
60989
60990
60992
60993
60994
60997
60999
61000
61001
61002
61004
61006
61007
61008
61009
61011
61012
61014
61015
61016
61017
61018
61019
61020
61022
61023
61024
61025
61026
61027
61028
61029
61030
61031
61032
61033
61034
61039
61040
61041
61042
61043
61044
61045
61046
61047
61048
61049
61050
61051
61054
61055
61056
61057
61058
61061
61063
61064
61065
61066
61067
61068
61069
61070
61071
61072
61075
61077
61078
61080
61081
61082
61083
61086
61087
61088
61089
61090
61091
61093
61094
61096
61097
61099
61100
61101
61102
61104
61105
61109
61110
61111
61112
61113
61115
61118
61119
61120
61121
61122
61123
61125
61127
61128
61129
61130
61131
61132
61133
61134
61135
61136
61137
61138
61139
61141
61142
61146
61147
61148
61149
61150
61151
61152
61154
61155
61156
61157
61158
61159
61160
61162
61163
61164
61165
61166
61167
61168
61169
61171
61172
61173
61174
61175
61176
61177
61179
61180
61181
61182
61183
61184
61185
61186
61187
61189
61191
61193
61194
61196
61197
61198
61199
61200
61201
61202
61203
61204
61206
61207
61208
61212
61213
61214
61215
61216
61217
61218
61219
61220
61221
61225
61227
61229
61230
61231
61232
61233
61234
61235
61236
61237
61238
61239
61241
61242
61244
61246
61247
61248
61249
61251
61252
61253
61255
61256
61257
61258
61259
61260
61262
61263
61266
61267
61268
61270
61271
61272
61273
61275
61276
61277
61278
61279
61280
61283
61285
61286
61287
61288
61289
61290
61291
61292
61293
61296
61297
61298
61300
61301
61302
61304
61306
61308
61310
61311
61313
61314
61315
61316
61317
61318
61320
61321
61322
61323
61324
61326
61327
61328
61329
61330
61332
61333
61334
61335
61338
61339
61340
61341
61344
61345
61347
61348
61349
61350
61353
61355
61356
61357
61358
61359
61360
61362
61363
61365
61366
61367
61371
61372
61373
61375
61376
61377
61378
61379
61380
61381
61382
61385
61388
61390
61392
61393
61394
61395
61396
61397
61398
61399
61401
61402
61403
61404
61408
61413
61414
61415
61417
61418
61419
61420
61421
61422
61423
61424
61425
61426
61427
61428
61429
61430
61432
61433
61434
61436
61437
61438
61439
61440
61443
61447
61451
61452
61454
61455
61456
61457
61458
61459
61460
61461
61462
61463
61464
61465
61466
61467
61469
61470
61472
61474
61475
61477
61480
61481
61482
61486
61488
61489
61490
61491
61492
61494
61495
61497
61498
61500
61502
61503
61504
61505
61506
61508
61509
61510
61511
61512
61513
61514
61515
61516
61517
61518
61519
61520
61522
61523
61524
61525
61526
61529
61530
61531
61532
61533
61534
61537
61538
61539
61540
61541
61542
61543
61545
61546
61547
61548
61549
61550
61552
61554
61555
61559
61560
61561
61562
61563
61564
61565
61566
61567
61572
61573
61575
61577
61579
61581
61582
61583
61584
61586
61587
61588
61589
61590
61591
61592
61593
61594
61595
61596
61597
61598
61599
61600
61602
61603
61604
61605
61606
61608
61609
61611
61612
61614
61615
61617
61618
61619
61621
61622
61623
61624
61625
61626
61627
61628
61629
61630
61631
61632
61633
61634
61636
61638
61640
61641
61642
61645
61647
61648
61650
61651
61652
61653
61654
61655
61656
61657
61658
61660
61661
61662
61663
61664
61665
61666
61667
61668
61673
61675
61676
61677
61679
61680
61681
61682
61683
61684
61687
61688
61690
61691
61692
61694
61695
61697
61699
61700
61701
61702
61704
61705
61706
61707
61708
61710
61711
61712
61713
61714
61715
61716
61717
61718
61719
61720
61721
61722
61723
61724
61725
61726
61727
61728
61729
61731
61732
61733
61734
61735
61736
61737
61739
61740
61742
61743
61745
61746
61747
61748
61749
61750
61751
61753
61754
61755
61756
61757
61760
61761
61763
61764
61765
61766
61770
61771
61773
61775
61776
61777
61778
61780
61782
61783
61784
61785
61786
61787
61788
61790
61791
61792
61793
61795
61796
61798
61800
61803
61804
61805
61807
61808
61810
61811
61812
61813
61814
61817
61819
61820
61821
61823
61824
61825
61827
61828
61829
61830
61831
61832
61833
61836
61838
61839
61840
61842
61843
61844
61845
61847
61848
61849
61850
61851
61852
61853
61854
61855
61856
61857
61858
61859
61860
61863
61864
61866
61867
61868
61869
61871
61873
61874
61875
61880
61881
61882
61883
61884
61886
61887
61888
61892
61893
61894
61895
61896
61897
61899
61900
61901
61902
61903
61904
61905
61907
61908
61909
61910
61912
61914
61915
61917
61918
61919
61921
61922
61923
61926
61929
61930
61931
61933
61935
61936
61937
61938
61940
61942
61943
61945
61947
61948
61949
61951
61952
61953
61954
61957
61959
61960
61961
61962
61963
61965
61968
61969
61972
61973
61974
61975
61976
61977
61978
61980
61981
61982
61983
61984
61985
61986
61989
61990
61991
61992
61993
61994
61996
61997
61998
62000
62001
62002
62003
62004
62005
62006
62007
62008
62009
62010
62011
62012
62013
62014
62015
62016
62017
62018
62019
62021
62022
62025
62026
62027
62028
62029
62030
62031
62032
62033
62034
62036
62037
62038
62039
62040
62042
62045
62046
62048
62051
62052
62053
62054
62056
62058
62060
62062
62063
62064
62066
62067
62069
62070
62071
62074
62075
62077
62079
62080
62081
62082
62083
62084
62085
62087
62088
62089
62090
62091
62093
62094
62098
62099
62100
62101
62102
62103
62104
62105
62106
62107
62108
62110
62112
62113
62114
62115
62118
62120
62121
62122
62123
62125
62126
62128
62129
62131
62132
62133
62136
62140
62142
62144
62145
62146
62147
62148
62149
62150
62152
62153
62154
62155
62156
62157
62158
62159
62160
62161
62162
62163
62164
62165
62166
62167
62168
62169
62170
62172
62173
62174
62175
62176
62177
62178
62181
62182
62184
62186
62187
62188
62190
62191
62192
62193
62194
62199
62201
62202
62203
62204
62205
62206
62207
62208
62209
62210
62211
62212
62213
62214
62215
62216
62218
62220
62221
62222
62223
62224
62226
62227
62228
62229
62230
62231
62232
62233
62235
62237
62239
62240
62241
62242
62245
62246
62247
62248
62249
62252
62254
62255
62257
62258
62260
62267
62270
62271
62273
62274
62275
62276
62277
62278
62279
62280
62281
62282
62286
62287
62289
62292
62294
62295
62297
62298
62299
62300
62301
62302
62303
62308
62309
62310
62311
62313
62315
62317
62318
62319
62320
62321
62322
62323
62324
62325
62326
62328
62330
62333
62334
62336
62338
62339
62340
62341
62342
62343
62347
62348
62349
62350
62352
62353
62354
62355
62357
62358
62360
62361
62362
62363
62365
62367
62368
62370
62372
62373
62374
62375
62376
62378
62379
62380
62383
62384
62385
62386
62387
62388
62389
62390
62391
62392
62393
62394
62395
62396
62397
62400
62401
62402
62403
62405
62408
62409
62410
62412
62415
62416
62417
62418
62419
62420
62422
62424
62425
62426
62427
62428
62429
62430
62431
62432
62433
62434
62435
62436
62437
62438
62439
62440
62442
62443
62444
62445
62447
62448
62449
62450
62451
62454
62455
62457
62458
62459
62460
62461
62464
62465
62466
62467
62468
62469
62470
62472
62473
62474
62476
62477
62478
62479
62480
62481
62482
62483
62484
62485
62486
62488
62489
62490
62492
62493
62495
62496
62497
62498
62499
62500
62503
62504
62505
62506
62508
62509
62510
62511
62512
62513
62514
62515
62516
62518
62519
62520
62521
62522
62523
62524
62526
62527
62528
62530
62531
62535
62536
62537
62539
62540
62541
62542
62544
62545
62547
62548
62551
62552
62553
62554
62555
62556
62559
62560
62561
62562
62564
62565
62566
62567
62570
62571
62572
62573
62574
62575
62576
62577
62580
62581
62582
62583
62585
62587
62588
62589
62591
62593
62594
62596
62597
62598
62599
62600
62601
62602
62603
62604
62605
62606
62607
62608
62609
62612
62613
62614
62615
62616
62617
62619
62620
62621
62622
62623
62624
62625
62627
62628
62629
62630
62632
62635
62636
62637
62638
62641
62642
62644
62645
62646
62647
62648
62649
62650
62651
62652
62653
62654
62655
62656
62657
62659
62660
62661
62662
62663
62664
62665
62666
62668
62669
62670
62672
62673
62674
62676
62678
62679
62680
62681
62682
62684
62687
62688
62690
62692
62693
62698
62699
62702
62703
62704
62705
62706
62707
62708
62709
62710
62712
62713
62714
62715
62716
62718
62721
62722
62723
62725
62726
62729
62730
62731
62733
62734
62736
62738
62740
62741
62742
62743
62745
62747
62749
62752
62753
62754
62757
62759
62761
62762
62763
62764
62765
62766
62767
62769
62772
62773
62774
62775
62777
62779
62780
62781
62783
62784
62785
62786
62787
62791
62792
62793
62794
62795
62796
62797
62798
62799
62800
62801
62802
62803
62804
62805
62806
62809
62812
62813
62816
62817
62818
62821
62822
62823
62826
62827
62828
62830
62831
62832
62835
62838
62839
62841
62846
62847
62848
62849
62850
62851
62852
62853
62854
62855
62856
62857
62858
62859
62860
62861
62864
62865
62866
62868
62869
62870
62872
62874
62875
62876
62878
62879
62880
62882
62883
62886
62887
62888
62889
62890
62891
62892
62893
62894
62895
62896
62897
62898
62899
62900
62901
62902
62904
62905
62906
62907
62908
62909
62911
62913
62914
62915
62916
62917
62918
62921
62922
62923
62924
62925
62926
62927
62928
62931
62933
62934
62935
62936
62937
62938
62939
62941
62943
62944
62945
62946
62947
62949
62950
62952
62953
62954
62955
62956
62958
62960
62961
62962
62964
62965
62967
62968
62970
62972
62973
62975
62976
62977
62978
62979
62981
62983
62986
62987
62990
62993
62995
62996
62998
62999
63000
63002
63004
63005
63006
63007
63009
63010
63012
63013
63014
63017
63018
63019
63022
63023
63024
63025
63027
63028
63029
63030
63031
63033
63035
63036
63037
63038
63039
63040
63041
63044
63045
63046
63047
63048
63049
63050
63052
63053
63054
63055
63058
63059
63060
63061
63063
63064
63066
63067
63071
63072
63074
63075
63076
63077
63078
63079
63080
63081
63082
63083
63084
63085
63086
63087
63088
63089
63091
63093
63095
63096
63097
63100
63101
63102
63103
63104
63105
63108
63109
63110
63111
63112
63114
63115
63116
63120
63121
63122
63123
63124
63125
63126
63127
63128
63129
63131
63132
63133
63134
63135
63136
63137
63139
63140
63141
63143
63144
63146
63147
63150
63152
63153
63154
63156
63158
63159
63160
63162
63163
63164
63166
63167
63168
63171
63172
63175
63176
63177
63178
63179
63181
63182
63183
63184
63185
63188
63190
63191
63194
63195
63197
63199
63200
63201
63202
63203
63205
63206
63207
63209
63210
63211
63212
63213
63214
63215
63216
63217
63218
63219
63220
63221
63223
63224
63225
63226
63227
63229
63231
63233
63234
63235
63237
63238
63239
63240
63241
63242
63243
63244
63245
63246
63247
63251
63252
63253
63254
63255
63256
63257
63258
63259
63260
63263
63264
63267
63268
63269
63270
63271
63272
63273
63275
63277
63279
63282
63283
63284
63287
63288
63289
63290
63291
63292
63293
63294
63295
63296
63298
63300
63301
63302
63303
63304
63306
63308
63309
63311
63312
63313
63314
63315
63316
63317
63318
63319
63322
63323
63324
63325
63326
63327
63328
63329
63331
63332
63333
63334
63336
63338
63339
63340
63341
63342
63344
63345
63347
63348
63349
63351
63353
63354
63355
63356
63357
63358
63360
63361
63362
63363
63364
63365
63366
63369
63370
63371
63372
63373
63374
63375
63376
63377
63378
63379
63380
63381
63382
63383
63384
63385
63387
63388
63389
63390
63392
63394
63395
63400
63401
63402
63404
63405
63407
63408
63409
63410
63411
63413
63414
63416
63417
63418
63419
63420
63421
63423
63424
63426
63427
63428
63429
63431
63432
63433
63434
63435
63436
63437
63438
63439
63440
63441
63443
63444
63446
63448
63449
63450
63451
63454
63455
63457
63458
63459
63460
63461
63462
63463
63465
63466
63467
63469
63470
63472
63473
63474
63475
63480
63481
63482
63483
63484
63485
63486
63487
63488
63490
63491
63493
63496
63497
63498
63499
63500
63501
63502
63503
63507
63508
63509
63510
63511
63512
63513
63514
63515
63516
63517
63518
63519
63523
63524
63525
63526
63528
63529
63530
63531
63532
63533
63534
63535
63536
63538
63539
63540
63541
63542
63544
63545
63546
63547
63549
63550
63552
63553
63554
63555
63556
63560
63562
63563
63564
63565
63566
63567
63570
63571
63572
63573
63574
63578
63579
63580
63581
63583
63584
63586
63587
63588
63589
63590
63591
63592
63593
63594
63595
63597
63598
63599
63602
63604
63607
63608
63609
63610
63611
63612
63613
63614
63615
63617
63618
63620
63621
63622
63623
63625
63626
63627
63628
63631
63632
63633
63634
63635
63637
63638
63639
63640
63641
63642
63643
63644
63646
63647
63648
63650
63651
63652
63654
63655
63657
63663
63664
63665
63666
63667
63668
63671
63672
63674
63675
63676
63677
63679
63680
63683
63684
63685
63686
63688
63689
63690
63692
63693
63694
63695
63696
63698
63699
63700
63701
63703
63704
63705
63706
63707
63708
63709
63710
63711
63712
63713
63715
63716
63719
63720
63721
63722
63724
63729
63732
63735
63737
63739
63740
63741
63742
63743
63744
63745
63746
63747
63748
63750
63751
63752
63753
63756
63758
63759
63760
63761
63762
63763
63764
63765
63767
63768
63769
63771
63772
63773
63774
63775
63776
63777
63778
63779
63780
63782
63783
63784
63785
63787
63790
63791
63794
63795
63797
63798
63800
63801
63803
63804
63805
63807
63808
63810
63811
63812
63813
63814
63817
63818
63819
63820
63822
63823
63825
63826
63827
63828
63829
63830
63831
63833
63834
63836
63837
63838
63839
63841
63842
63843
63844
63846
63847
63848
63849
63850
63853
63855
63856
63857
63859
63861
63864
63865
63867
63870
63874
63875
63876
63877
63879
63883
63884
63886
63887
63889
63890
63891
63892
63894
63895
63897
63899
63900
63901
63902
63904
63907
63909
63911
63912
63913
63914
63915
63916
63918
63919
63920
63921
63922
63924
63925
63926
63928
63931
63933
63934
63936
63937
63938
63939
63940
63941
63942
63944
63947
63948
63949
63950
63951
63952
63953
63955
63956
63957
63958
63959
63960
63962
63964
63965
63966
63968
63969
63970
63971
63972
63973
63975
63976
63977
63978
63981
63984
63986
63988
63989
63991
63992
63993
63994
63995
63996
63997
63999
64000
64001
64002
64003
64007
64008
64010
64011
64012
64014
64015
64016
64018
64019
64020
64021
64022
64025
64026
64027
64030
64031
64032
64033
64035
64036
64037
64038
64039
64040
64041
64043
64045
64047
64049
64050
64051
64052
64054
64056
64058
64059
64061
64063
64064
64065
64066
64067
64068
64072
64074
64076
64077
64078
64079
64080
64081
64082
64083
64084
64085
64086
64087
64088
64089
64091
64092
64093
64094
64095
64096
64097
64098
64099
64100
64103
64104
64105
64106
64107
64109
64110
64112
64113
64114
64115
64116
64117
64118
64119
64122
64123
64124
64125
64126
64128
64129
64130
64131
64134
64135
64136
64137
64139
64140
64141
64142
64143
64147
64148
64149
64150
64151
64152
64153
64154
64155
64156
64158
64159
64160
64161
64163
64165
64167
64168
64169
64170
64171
64172
64175
64176
64177
64178
64179
64180
64182
64183
64184
64186
64188
64189
64190
64191
64192
64193
64195
64197
64198
64199
64200
64202
64205
64206
64207
64208
64210
64211
64212
64213
64214
64215
64216
64217
64218
64220
64221
64222
64223
64224
64225
64226
64227
64228
64229
64230
64231
64232
64233
64235
64236
64237
64238
64240
64242
64243
64244
64245
64246
64247
64248
64249
64250
64252
64253
64254
64255
64256
64257
64260
64261
64262
64263
64264
64265
64266
64267
64268
64270
64271
64272
64274
64275
64276
64277
64278
64279
64280
64282
64284
64286
64287
64288
64290
64291
64292
64293
64294
64296
64299
64300
64301
64302
64304
64305
64306
64307
64308
64309
64311
64315
64316
64317
64318
64320
64321
64322
64323
64324
64325
64327
64328
64330
64332
64334
64336
64337
64338
64339
64340
64341
64342
64343
64344
64347
64348
64350
64352
64353
64354
64356
64359
64361
64363
64364
64365
64366
64367
64368
64369
64372
64373
64377
64378
64380
64383
64384
64385
64386
64387
64388
64389
64390
64391
64392
64393
64394
64396
64397
64398
64399
64400
64401
64402
64404
64405
64407
64408
64409
64410
64411
64412
64413
64414
64415
64417
64418
64420
64421
64424
64426
64427
64428
64429
64430
64431
64432
64433
64435
64436
64437
64438
64439
64440
64442
64443
64445
64449
64450
64451
64452
64453
64454
64456
64457
64459
64461
64463
64465
64466
64468
64469
64470
64471
64472
64473
64474
64475
64476
64477
64478
64480
64481
64482
64486
64488
64490
64492
64493
64494
64495
64496
64497
64499
64500
64501
64502
64503
64505
64506
64507
64508
64509
64510
64511
64513
64514
64515
64516
64517
64518
64519
64520
64521
64523
64524
64525
64526
64527
64529
64530
64532
64533
64534
64535
64536
64537
64539
64540
64542
64543
64544
64545
64546
64548
64549
64551
64552
64553
64554
64555
64556
64559
64560
64562
64563
64564
64565
64566
64567
64568
64569
64570
64571
64572
64573
64574
64576
64577
64578
64579
64580
64581
64582
64583
64584
64585
64587
64588
64590
64592
64593
64594
64596
64598
64600
64601
64602
64603
64605
64607
64609
64610
64611
64612
64613
64614
64617
64619
64620
64621
64623
64624
64625
64626
64627
64628
64629
64630
64631
64632
64634
64637
64638
64639
64640
64641
64643
64644
64645
64647
64648
64649
64650
64652
64653
64654
64656
64657
64658
64659
64660
64664
64665
64666
64667
64668
64669
64670
64671
64672
64676
64677
64680
64681
64683
64685
64687
64690
64691
64692
64693
64694
64695
64698
64699
64701
64702
64703
64705
64709
64710
64711
64712
64713
64714
64715
64716
64717
64718
64719
64720
64722
64725
64727
64728
64729
64731
64732
64733
64734
64735
64736
64737
64738
64739
64740
64741
64742
64743
64744
64745
64746
64747
64749
64750
64751
64755
64757
64759
64760
64762
64763
64764
64765
64766
64767
64769
64770
64771
64772
64774
64776
64777
64779
64780
64782
64785
64786
64787
64788
64789
64790
64791
64793
64794
64795
64797
64799
64800
64801
64803
64805
64806
64807
64812
64813
64814
64815
64817
64819
64820
64821
64822
64823
64824
64825
64826
64827
64828
64829
64830
64831
64833
64834
64835
64837
64839
64840
64841
64842
64843
64844
64845
64846
64847
64848
64849
64851
64852
64853
64854
64855
64856
64857
64858
64859
64860
64861
64862
64863
64864
64865
64866
64869
64870
64873
64874
64875
64876
64877
64878
64880
64884
64885
64888
64889
64890
64892
64894
64895
64896
64897
64898
64899
64900
64902
64903
64905
64906
64907
64909
64911
64912
64917
64918
64920
64921
64922
64923
64924
64925
64929
64930
64931
64932
64933
64935
64936
64937
64938
64939
64940
64942
64943
64944
64946
64947
64949
64950
64953
64954
64956
64957
64959
64960
64961
64962
64964
64966
64967
64968
64969
64970
64972
64974
64975
64976
64977
64978
64979
64980
64981
64982
64983
64984
64986
64988
64989
64991
64992
64993
64994
64995
64996
64997
64998
64999
65000
65002
65003
65004
65005
65006
65007
65008
65009
65010
65011
65012
65014
65016
65018
65019
65020
65022
65023
65024
65026
65027
65028
65029
65031
65033
65034
65035
65036
65037
65038
65039
65040
65044
65045
65046
65047
65048
65049
65050
65051
65052
65053
65055
65056
65060
65061
65064
65066
65068
65069
65070
65072
65073
65074
65075
65076
65077
65078
65079
65080
65082
65083
65084
65089
65090
65091
65093
65094
65095
65096
65097
65098
65099
65101
65102
65103
65104
65105
65106
65107
65108
65110
65112
65113
65114
65115
65116
65117
65120
65121
65122
65123
65124
65126
65127
65128
65129
65130
65131
65132
65133
65134
65135
65137
65138
65140
65143
65144
65145
65146
65148
65149
65152
65153
65154
65155
65156
65157
65158
65159
65160
65161
65162
65163
65164
65165
65166
65167
65168
65169
65170
65171
65172
65173
65175
65176
65178
65179
65180
65181
65182
65183
65185
65186
65187
65188
65189
65190
65191
65192
65193
65195
65196
65197
65198
65200
65202
65203
65204
65206
65207
65208
65210
65211
65212
65213
65214
65215
65216
65218
65220
65221
65222
65223
65224
65225
65226
65227
65228
65231
65232
65233
65235
65236
65237
65238
65239
65240
65241
65242
65243
65246
65247
65248
65249
65251
65253
65254
65255
65258
65259
65260
65262
65263
65264
65265
65266
65267
65268
65270
65271
65273
65276
65278
65279
65280
65281
65282
65283
65284
65285
65287
65288
65289
65290
65291
65292
65293
65294
65295
65296
65299
65300
65301
65302
65303
65304
65306
65307
65308
65309
65310
65311
65312
65315
65317
65318
65320
65321
65323
65324
65325
65326
65327
65328
65329
65330
65331
65332
65333
65336
65338
65339
65340
65343
65344
65345
65346
65347
65348
65349
65350
65351
65352
65353
65354
65355
65357
65359
65360
65361
65364
65365
65366
65369
65370
65371
65373
65374
65375
65376
65377
65378
65379
65380
65381
65382
65383
65386
65387
65388
65391
65392
65394
65397
65398
65400
65401
65402
65404
65407
65408
65411
65412
65415
65416
65419
65420
65421
65422
65424
65426
65428
65429
65431
65432
65433
65434
65435
65436
65437
65438
65439
65440
65441
65442
65443
65445
65447
65448
65449
65451
65452
65453
65456
65457
65458
65459
65460
65461
65462
65464
65466
65467
65468
65469
65470
65472
65474
65475
65476
65477
65478
65479
65481
65482
65483
65484
65485
65487
65488
65490
65492
65494
65497
65499
65501
65502
65503
65504
65505
65506
65508
65509
65512
65513
65515
65516
65517
65518
65519
65520
65521
65522
65525
65527
65528
65530
65532
65533
65534
65535
65536
65537
65538
65539
65540
65541
65542
65543
65544
65545
65548
65549
65551
65553
65555
65556
65557
65558
65559
65561
65562
65563
65564
65565
65566
65567
65568
65569
65570
65572
65573
65574
65575
65576
65577
65578
65579
65583
65586
65587
65588
65589
65591
65592
65594
65595
65596
65597
65599
65600
65601
65602
65603
65606
65607
65608
65609
65610
65612
65613
65614
65615
65616
65617
65620
65622
65624
65626
65627
65628
65629
65632
65633
65634
65635
65636
65638
65640
65642
65643
65644
65645
65647
65648
65650
65651
65653
65656
65658
65659
65660
65661
65663
65664
65665
65668
65670
65671
65672
65673
65674
65675
65676
65677
65678
65679
65680
65682
65683
65685
65686
65687
65688
65689
65692
65693
65694
65695
65697
65698
65699
65700
65701
65703
65704
65707
65709
65712
65713
65714
65715
65716
65717
65718
65719
65720
65722
65723
65725
65726
65727
65728
65729
65730
65732
65733
65734
65735
65737
65738
65739
65740
65741
65742
65743
65744
65745
65746
65747
65748
65749
65750
65751
65752
65754
65755
65758
65760
65762
65763
65764
65766
65767
65768
65769
65770
65772
65774
65775
65776
65778
65779
65780
65781
65782
65783
65784
65785
65788
65790
65791
65793
65795
65796
65797
65798
65799
65800
65801
65802
65803
65805
65807
65808
65809
65810
65811
65813
65815
65816
65817
65818
65820
65822
65825
65829
65830
65831
65834
65835
65836
65837
65839
65840
65841
65842
65843
65845
65846
65847
65849
65850
65851
65852
65853
65854
65855
65857
65858
65859
65860
65865
65866
65868
65869
65871
65872
65873
65874
65875
65877
65879
65880
65881
65882
65887
65888
65889
65890
65891
65892
65893
65896
65897
65898
65899
65900
65901
65905
65906
65907
65908
65910
65911
65912
65913
65916
65917
65918
65919
65920
65921
65922
65923
65925
65926
65927
65929
65931
65933
65934
65935
65936
65938
65939
65940
65942
65943
65945
65946
65947
65948
65949
65951
65953
65954
65955
65956
65957
65958
65959
65960
65961
65962
65963
65965
65966
65967
65968
65969
65970
65972
65974
65976
65978
65979
65980
65981
65983
65984
65985
65986
65988
65989
65991
65992
65996
65997
65998
65999
66001
66002
66003
66004
66006
66008
66009
66010
66011
66012
66013
66014
66015
66016
66017
66018
66019
66021
66022
66023
66024
66025
66027
66030
66031
66032
66033
66035
66036
66040
66041
66042
66043
66044
66046
66047
66048
66049
66050
66051
66053
66055
66056
66058
66059
66060
66062
66063
66065
66066
66067
66068
66070
66071
66075
66076
66077
66078
66079
66080
66081
66082
66083
66084
66085
66086
66087
66089
66090
66091
66092
66093
66094
66095
66096
66097
66098
66099
66102
66103
66104
66105
66106
66107
66108
66109
66110
66111
66112
66113
66114
66115
66116
66117
66118
66119
66120
66121
66122
66123
66124
66125
66126
66127
66128
66129
66130
66131
66132
66133
66135
66136
66137
66139
66140
66141
66142
66143
66144
66145
66146
66147
66148
66149
66150
66151
66152
66154
66155
66156
66157
66158
66159
66160
66161
66162
66163
66164
66165
66166
66170
66173
66175
66176
66177
66178
66179
66180
66182
66183
66184
66185
66186
66187
66188
66189
66190
66191
66192
66193
66194
66195
66196
66197
66198
66199
66200
66201
66202
66204
66206
66207
66208
66209
66210
66211
66212
66213
66214
66215
66216
66218
66219
66220
66221
66222
66223
66224
66226
66227
66228
66232
66233
66234
66235
66236
66237
66238
66241
66242
66243
66245
66247
66248
66250
66251
66252
66253
66255
66257
66258
66259
66260
66261
66262
66266
66267
66268
66270
66272
66273
66274
66277
66278
66279
66280
66281
66283
66284
66285
66286
66287
66288
66290
66291
66292
66293
66294
66295
66296
66297
66298
66301
66302
66303
66304
66305
66308
66309
66310
66311
66312
66315
66316
66318
66321
66325
66326
66327
66331
66332
66333
66334
66340
66341
66342
66343
66344
66345
66346
66347
66348
66353
66354
66355
66356
66357
66359
66360
66361
66363
66364
66368
66369
66370
66371
66372
66377
66378
66379
66380
66382
66383
66384
66385
66386
66387
66388
66390
66391
66392
66393
66395
66397
66398
66399
66400
66401
66402
66403
66406
66407
66408
66409
66410
66411
66412
66413
66414
66415
66416
66417
66421
66422
66423
66427
66428
66429
66430
66432
66433
66434
66435
66436
66437
66438
66439
66440
66441
66442
66445
66448
66450
66451
66452
66453
66456
66457
66458
66461
66462
66463
66464
66465
66466
66467
66468
66470
66472
66475
66476
66477
66478
66479
66480
66481
66482
66483
66484
66485
66487
66489
66491
66492
66493
66494
66495
66497
66498
66500
66501
66502
66503
66505
66507
66509
66511
66513
66514
66515
66516
66518
66519
66520
66521
66523
66525
66526
66527
66528
66529
66530
66531
66534
66538
66540
66542
66543
66545
66548
66549
66550
66551
66552
66553
66554
66556
66557
66560
66562
66563
66564
66565
66566
66567
66568
66570
66572
66573
66574
66575
66578
66582
66585
66587
66589
66593
66594
66595
66596
66597
66598
66599
66600
66601
66602
66603
66604
66606
66607
66608
66610
66611
66612
66613
66614
66616
66617
66618
66619
66620
66621
66622
66624
66625
66626
66627
66628
66629
66630
66632
66634
66635
66637
66639
66641
66643
66644
66645
66646
66647
66648
66649
66650
66651
66652
66653
66655
66656
66659
66660
66661
66662
66664
66665
66666
66669
66670
66671
66672
66673
66675
66676
66677
66678
66679
66682
66684
66686
66687
66688
66689
66693
66694
66695
66696
66697
66698
66699
66700
66701
66703
66704
66705
66707
66709
66711
66712
66714
66715
66716
66717
66718
66720
66721
66722
66725
66726
66727
66728
66731
66732
66734
66735
66736
66737
66738
66739
66740
66741
66742
66743
66744
66745
66747
66748
66749
66750
66752
66754
66755
66757
66759
66760
66761
66763
66764
66766
66767
66769
66770
66771
66772
66773
66774
66776
66777
66778
66779
66780
66781
66782
66784
66785
66786
66787
66789
66790
66791
66792
66794
66796
66797
66798
66800
66801
66802
66803
66804
66805
66806
66807
66808
66810
66811
66812
66813
66815
66816
66817
66819
66820
66823
66824
66826
66827
66829
66830
66831
66832
66833
66834
66836
66837
66838
66839
66840
66841
66842
66843
66844
66845
66846
66847
66849
66850
66851
66852
66853
66855
66857
66858
66859
66860
66861
66863
66864
66865
66866
66867
66869
66871
66872
66873
66874
66875
66876
66878
66879
66881
66883
66884
66886
66887
66888
66889
66891
66892
66893
66894
66895
66896
66897
66898
66899
66900
66901
66903
66904
66906
66907
66908
66909
66910
66911
66912
66913
66914
66915
66916
66917
66918
66919
66920
66921
66922
66924
66925
66927
66928
66929
66930
66931
66932
66933
66934
66935
66936
66937
66938
66940
66941
66942
66943
66944
66945
66946
66947
66948
66949
66950
66951
66952
66953
66954
66955
66956
66957
66958
66960
66961
66962
66963
66964
66965
66966
66968
66969
66970
66972
66974
66977
66980
66981
66982
66984
66985
66986
66987
66988
66989
66990
66991
66992
66994
66995
66996
66997
66998
66999
67000
67001
67002
67003
67004
67005
67006
67007
67009
67010
67012
67013
67014
67015
67018
67019
67020
67021
67023
67024
67025
67026
67027
67028
67030
67031
67032
67033
67035
67036
67038
67040
67041
67043
67045
67046
67047
67048
67049
67050
67051
67052
67053
67054
67055
67056
67057
67058
67059
67060
67062
67063
67067
67068
67069
67070
67071
67073
67074
67075
67076
67077
67078
67079
67080
67081
67082
67084
67086
67087
67088
67089
67090
67091
67092
67093
67094
67096
67097
67098
67099
67100
67101
67102
67103
67104
67105
67106
67108
67109
67110
67111
67113
67114
67115
67116
67117
67118
67119
67120
67122
67123
67124
67125
67127
67128
67130
67131
67132
67134
67135
67136
67137
67139
67140
67141
67142
67143
67144
67145
67146
67147
67148
67151
67153
67154
67155
67158
67159
67160
67161
67162
67163
67165
67168
67169
67170
67171
67173
67175
67176
67177
67178
67179
67180
67181
67182
67183
67184
67186
67188
67189
67191
67192
67193
67195
67196
67197
67198
67199
67201
67202
67203
67204
67206
67207
67208
67213
67214
67215
67216
67217
67218
67219
67221
67222
67223
67224
67225
67226
67227
67229
67231
67232
67233
67236
67239
67240
67241
67242
67243
67244
67245
67246
67247
67248
67249
67250
67251
67252
67253
67254
67255
67256
67258
67259
67260
67261
67263
67264
67266
67267
67269
67270
67271
67272
67274
67275
67276
67277
67278
67280
67281
67282
67286
67289
67291
67292
67293
67294
67295
67296
67297
67298
67299
67300
67301
67302
67303
67304
67308
67309
67310
67311
67312
67313
67314
67315
67316
67318
67319
67320
67321
67322
67323
67324
67325
67326
67327
67328
67329
67330
67331
67332
67333
67335
67336
67337
67338
67339
67340
67341
67342
67343
67344
67346
67348
67349
67350
67351
67352
67353
67354
67355
67357
67358
67359
67361
67362
67363
67364
67366
67367
67369
67370
67371
67372
67376
67377
67379
67380
67381
67382
67383
67384
67385
67386
67390
67391
67392
67394
67395
67396
67397
67398
67400
67401
67402
67403
67404
67405
67408
67409
67411
67412
67413
67414
67415
67416
67417
67419
67420
67421
67423
67424
67426
67427
67428
67429
67430
67431
67432
67433
67434
67435
67436
67437
67438
67439
67440
67441
67442
67443
67444
67446
67449
67450
67451
67452
67453
67454
67457
67458
67460
67461
67462
67465
67466
67468
67469
67470
67471
67472
67473
67474
67475
67476
67477
67478
67479
67480
67481
67483
67485
67487
67488
67490
67491
67492
67493
67494
67495
67496
67497
67498
67500
67501
67502
67505
67506
67507
67508
67509
67510
67511
67512
67513
67514
67515
67517
67519
67520
67522
67523
67525
67526
67527
67529
67530
67532
67534
67535
67538
67539
67540
67542
67543
67544
67545
67546
67549
67550
67551
67552
67553
67554
67555
67556
67557
67559
67560
67561
67562
67563
67564
67565
67566
67567
67568
67569
67570
67572
67573
67574
67576
67577
67578
67579
67580
67581
67582
67583
67586
67587
67588
67589
67590
67591
67593
67594
67595
67596
67598
67599
67602
67603
67604
67606
67609
67610
67611
67612
67613
67614
67615
67616
67618
67620
67621
67624
67626
67628
67629
67632
67633
67634
67636
67637
67638
67640
67641
67642
67643
67644
67645
67646
67647
67648
67650
67651
67652
67653
67655
67656
67658
67659
67660
67661
67662
67664
67665
67666
67667
67669
67671
67672
67673
67674
67675
67676
67679
67682
67683
67684
67685
67686
67687
67688
67689
67690
67691
67692
67693
67694
67695
67696
67697
67698
67699
67700
67701
67702
67703
67705
67706
67707
67711
67712
67713
67714
67716
67717
67718
67719
67720
67723
67726
67727
67728
67730
67732
67733
67734
67735
67736
67737
67738
67739
67741
67742
67743
67744
67746
67748
67749
67750
67751
67753
67755
67756
67758
67760
67762
67763
67765
67767
67768
67769
67770
67771
67772
67776
67777
67778
67780
67781
67782
67783
67784
67785
67787
67788
67789
67790
67791
67792
67793
67794
67795
67796
67798
67799
67800
67801
67803
67804
67805
67806
67808
67809
67810
67811
67812
67813
67814
67815
67816
67817
67818
67819
67820
67822
67823
67824
67825
67826
67827
67829
67830
67831
67832
67833
67835
67836
67837
67839
67840
67841
67842
67843
67844
67846
67847
67848
67849
67851
67852
67853
67855
67856
67858
67859
67860
67861
67862
67864
67865
67866
67867
67869
67870
67873
67874
67875
67876
67877
67878
67879
67880
67881
67882
67884
67888
67889
67890
67891
67893
67895
67898
67900
67901
67903
67904
67905
67906
67907
67908
67909
67910
67911
67912
67914
67918
67919
67922
67924
67925
67926
67927
67928
67930
67932
67933
67934
67936
67937
67938
67939
67941
67942
67943
67944
67946
67947
67948
67951
67952
67953
67954
67955
67956
67957
67958
67961
67962
67963
67964
67965
67967
67969
67970
67971
67972
67974
67975
67977
67979
67980
67982
67984
67985
67986
67987
67988
67989
67990
67991
67992
67993
67994
67995
67997
67998
67999
68000
68001
68002
68003
68004
68006
68008
68009
68010
68011
68012
68013
68014
68016
68018
68020
68021
68023
68025
68026
68027
68028
68030
68031
68032
68033
68038
68039
68040
68044
68045
68046
68047
68048
68049
68051
68052
68053
68054
68056
68057
68058
68059
68060
68061
68062
68063
68065
68067
68068
68070
68071
68073
68074
68075
68076
68077
68078
68079
68081
68082
68083
68084
68085
68087
68088
68089
68090
68091
68092
68093
68095
68097
68098
68100
68101
68102
68103
68104
68105
68106
68107
68108
68109
68110
68112
68114
68115
68116
68119
68120
68121
68122
68123
68124
68125
68127
68128
68129
68130
68132
68133
68134
68135
68137
68138
68140
68141
68142
68145
68146
68147
68148
68149
68150
68151
68152
68153
68154
68155
68157
68158
68160
68161
68162
68164
68166
68167
68168
68169
68170
68171
68172
68173
68174
68175
68176
68177
68178
68179
68180
68181
68182
68183
68184
68185
68186
68187
68188
68189
68190
68191
68193
68195
68196
68198
68199
68200
68201
68202
68203
68205
68206
68209
68210
68211
68212
68213
68214
68215
68216
68217
68219
68220
68221
68223
68224
68225
68226
68227
68228
68229
68231
68232
68233
68235
68238
68239
68240
68241
68243
68244
68245
68246
68247
68248
68249
68250
68254
68255
68256
68257
68258
68260
68261
68263
68264
68265
68266
68269
68270
68271
68272
68273
68275
68276
68280
68281
68284
68285
68286
68287
68288
68289
68290
68292
68293
68294
68295
68296
68299
68301
68302
68303
68305
68306
68309
68310
68311
68314
68315
68316
68317
68318
68319
68320
68321
68322
68324
68325
68326
68329
68330
68331
68332
68333
68334
68335
68338
68339
68340
68341
68342
68344
68346
68347
68348
68349
68350
68351
68352
68353
68355
68356
68357
68358
68363
68364
68365
68367
68368
68370
68371
68372
68374
68375
68377
68378
68379
68381
68382
68383
68384
68385
68387
68388
68389
68391
68392
68393
68398
68399
68400
68401
68404
68407
68409
68411
68412
68413
68415
68416
68417
68418
68419
68420
68421
68423
68424
68425
68426
68427
68428
68431
68432
68433
68435
68436
68437
68438
68439
68440
68441
68442
68443
68444
68445
68446
68448
68449
68450
68451
68452
68454
68455
68456
68458
68460
68461
68462
68464
68466
68467
68468
68469
68472
68474
68475
68477
68478
68480
68481
68482
68483
68484
68485
68487
68488
68489
68490
68491
68492
68493
68494
68496
68497
68498
68499
68500
68501
68503
68504
68505
68506
68510
68511
68512
68513
68514
68515
68516
68517
68518
68519
68520
68521
68522
68523
68524
68527
68528
68529
68530
68533
68535
68536
68537
68538
68539
68540
68541
68542
68543
68544
68545
68546
68547
68549
68551
68553
68554
68556
68557
68558
68561
68562
68563
68564
68566
68567
68570
68571
68573
68575
68576
68577
68579
68580
68581
68582
68583
68584
68587
68588
68590
68591
68592
68593
68594
68595
68596
68597
68599
68601
68602
68603
68604
68605
68606
68607
68608
68609
68610
68613
68614
68615
68616
68617
68618
68619
68621
68622
68624
68625
68627
68628
68629
68630
68633
68634
68635
68636
68637
68638
68640
68642
68643
68644
68645
68646
68647
68649
68650
68653
68655
68658
68660
68662
68663
68664
68665
68666
68667
68668
68669
68670
68671
68673
68674
68675
68676
68677
68678
68679
68680
68682
68683
68684
68685
68686
68687
68690
68691
68692
68693
68694
68695
68696
68697
68698
68699
68702
68704
68705
68708
68709
68712
68713
68714
68715
68716
68717
68718
68719
68721
68722
68723
68724
68726
68728
68729
68730
68731
68732
68736
68738
68740
68743
68744
68746
68747
68748
68749
68751
68753
68756
68757
68758
68759
68760
68761
68762
68763
68766
68768
68770
68771
68773
68774
68776
68778
68779
68780
68781
68782
68784
68785
68787
68788
68789
68790
68791
68792
68793
68794
68795
68796
68797
68798
68799
68800
68801
68805
68807
68808
68809
68810
68811
68812
68813
68814
68815
68816
68817
68818
68819
68820
68821
68823
68824
68825
68826
68827
68828
68830
68832
68833
68834
68835
68836
68837
68838
68839
68840
68841
68842
68843
68845
68846
68847
68849
68850
68851
68852
68854
68855
68856
68857
68858
68859
68860
68861
68864
68865
68869
68870
68871
68872
68874
68877
68878
68879
68880
68881
68882
68883
68884
68885
68886
68888
68889
68892
68893
68894
68895
68896
68897
68899
68900
68902
68904
68905
68906
68907
68908
68909
68910
68911
68913
68915
68916
68917
68921
68922
68927
68928
68930
68931
68932
68934
68936
68938
68939
68940
68941
68942
68943
68944
68945
68946
68949
68951
68952
68953
68955
68956
68958
68959
68960
68961
68963
68965
68968
68970
68971
68973
68974
68975
68976
68977
68978
68979
68982
68983
68984
68985
68986
68987
68989
68990
68991
68992
68993
68994
68995
68996
68997
68999
69003
69005
69007
69008
69009
69010
69011
69012
69013
69014
69016
69018
69019
69020
69021
69022
69023
69025
69026
69027
69028
69029
69030
69032
69034
69035
69036
69037
69038
69040
69042
69043
69044
69045
69046
69048
69049
69051
69053
69055
69056
69057
69058
69059
69060
69062
69063
69064
69065
69066
69067
69068
69069
69070
69071
69073
69074
69075
69076
69080
69081
69082
69083
69085
69086
69090
69091
69092
69094
69096
69097
69098
69099
69100
69101
69102
69103
69105
69106
69108
69110
69111
69113
69115
69118
69119
69120
69121
69122
69123
69125
69127
69128
69129
69130
69131
69133
69134
69135
69138
69139
69140
69141
69143
69144
69145
69146
69147
69148
69149
69150
69151
69152
69153
69156
69158
69159
69161
69162
69164
69165
69166
69168
69169
69170
69171
69172
69173
69174
69175
69176
69177
69178
69179
69182
69183
69185
69186
69187
69188
69189
69190
69191
69192
69194
69195
69196
69197
69198
69199
69200
69201
69203
69204
69205
69206
69209
69210
69212
69213
69215
69216
69218
69219
69220
69221
69222
69223
69224
69225
69227
69228
69229
69230
69233
69234
69235
69236
69237
69238
69240
69241
69242
69244
69245
69246
69247
69248
69249
69250
69252
69253
69254
69256
69257
69258
69259
69260
69261
69262
69263
69266
69268
69269
69271
69272
69274
69275
69276
69277
69278
69279
69280
69281
69283
69284
69285
69286
69287
69288
69289
69290
69291
69292
69293
69294
69296
69297
69300
69301
69302
69304
69306
69307
69308
69309
69310
69311
69312
69313
69314
69316
69317
69318
69319
69322
69324
69326
69327
69328
69329
69332
69333
69336
69337
69338
69339
69340
69341
69342
69345
69346
69347
69348
69349
69350
69352
69353
69356
69359
69360
69362
69363
69364
69365
69366
69367
69370
69371
69372
69373
69374
69378
69379
69380
69381
69384
69385
69386
69387
69389
69390
69391
69392
69394
69396
69398
69399
69401
69403
69404
69405
69408
69409
69410
69411
69414
69415
69416
69417
69419
69420
69421
69422
69423
69425
69427
69428
69430
69432
69433
69435
69436
69437
69440
69444
69445
69446
69447
69448
69450
69453
69455
69456
69457
69459
69460
69461
69462
69463
69465
69467
69468
69469
69470
69474
69476
69477
69478
69479
69481
69482
69483
69484
69485
69487
69488
69489
69490
69491
69492
69493
69494
69495
69497
69498
69499
69500
69502
69503
69506
69507
69509
69510
69511
69512
69513
69516
69517
69518
69519
69520
69521
69522
69523
69524
69526
69527
69529
69530
69531
69532
69533
69534
69535
69536
69537
69538
69539
69541
69542
69543
69545
69547
69548
69550
69552
69553
69554
69555
69556
69557
69559
69560
69561
69562
69564
69565
69570
69571
69572
69573
69575
69576
69579
69580
69581
69582
69584
69585
69586
69588
69589
69590
69591
69593
69594
69595
69596
69597
69598
69599
69600
69601
69602
69603
69604
69605
69607
69608
69610
69611
69613
69616
69617
69618
69620
69621
69622
69623
69624
69625
69626
69627
69629
69630
69632
69633
69634
69636
69637
69638
69639
69640
69641
69643
69645
69646
69647
69650
69651
69652
69653
69654
69655
69656
69657
69658
69662
69663
69664
69666
69667
69668
69669
69670
69671
69672
69673
69674
69675
69676
69677
69678
69679
69680
69681
69682
69683
69686
69688
69689
69690
69691
69694
69696
69698
69700
69701
69704
69705
69706
69708
69711
69712
69713
69714
69715
69716
69717
69718
69719
69721
69722
69723
69728
69729
69731
69732
69733
69734
69735
69737
69738
69739
69741
69742
69745
69746
69747
69748
69749
69750
69751
69752
69753
69754
69755
69757
69758
69760
69761
69762
69763
69766
69767
69769
69770
69771
69773
69774
69775
69776
69778
69779
69780
69781
69782
69783
69784
69786
69787
69789
69790
69791
69792
69793
69794
69795
69796
69799
69801
69802
69803
69804
69806
69807
69808
69809
69810
69811
69815
69816
69817
69818
69819
69820
69821
69822
69823
69825
69826
69829
69830
69835
69836
69837
69838
69839
69840
69841
69842
69844
69845
69846
69848
69849
69850
69852
69853
69854
69855
69856
69857
69858
69859
69860
69862
69863
69864
69866
69867
69868
69869
69870
69871
69872
69873
69874
69875
69877
69879
69880
69881
69883
69885
69887
69889
69891
69894
69895
69896
69899
69901
69902
69903
69904
69906
69908
69909
69910
69911
69912
69913
69914
69915
69918
69919
69922
69924
69925
69927
69928
69929
69930
69931
69932
69933
69934
69935
69936
69939
69940
69941
69942
69943
69944
69946
69948
69949
69950
69951
69952
69953
69954
69955
69956
69959
69960
69962
69965
69967
69968
69969
69971
69972
69973
69974
69975
69978
69979
69980
69981
69982
69984
69985
69986
69988
69989
69990
69991
69992
69994
69995
69996
69997
69998
69999
70000
70001
70002
70003
70004
70005
70006
70008
70009
70010
70011
70012
70014
70015
70016
70017
70018
70019
70020
70021
70023
70025
70026
70028
70029
70030
70031
70032
70033
70034
70035
70036
70037
70038
70039
70040
70041
70043
70044
70045
70047
70048
70050
70052
70054
70055
70056
70057
70060
70061
70062
70063
70064
70066
70067
70068
70070
70071
70073
70074
70076
70077
70079
70080
70082
70083
70084
70086
70087
70088
70089
70090
70091
70095
70096
70099
70100
70101
70102
70103
70104
70105
70107
70108
70109
70111
70113
70115
70117
70119
70121
70124
70125
70127
70128
70129
70130
70131
70132
70133
70134
70135
70138
70139
70140
70142
70143
70144
70146
70147
70148
70149
70151
70152
70154
70155
70156
70158
70159
70163
70164
70165
70166
70167
70168
70169
70170
70171
70176
70177
70178
70179
70180
70181
70183
70184
70185
70187
70188
70189
70191
70192
70194
70195
70198
70199
70200
70201
70202
70205
70208
70209
70210
70211
70212
70213
70215
70216
70217
70218
70219
70222
70223
70224
70225
70226
70227
70228
70230
70231
70232
70233
70234
70235
70236
70237
70239
70240
70241
70242
70245
70247
70249
70250
70251
70252
70253
70256
70257
70258
70259
70260
70261
70262
70263
70264
70265
70268
70269
70270
70272
70273
70274
70275
70276
70279
70280
70281
70283
70284
70285
70286
70287
70288
70291
70292
70293
70294
70295
70296
70297
70298
70299
70300
70301
70302
70303
70305
70306
70308
70310
70311
70315
70316
70317
70319
70323
70324
70325
70326
70327
70328
70329
70330
70331
70332
70333
70334
70335
70336
70339
70341
70343
70344
70345
70347
70348
70350
70351
70352
70353
70354
70355
70356
70357
70358
70359
70360
70361
70362
70363
70364
70365
70366
70367
70369
70370
70372
70373
70374
70375
70377
70379
70382
70384
70386
70387
70389
70390
70392
70393
70394
70395
70397
70398
70399
70400
70403
70404
70405
70406
70407
70408
70409
70411
70412
70413
70415
70417
70418
70419
70420
70421
70422
70423
70424
70425
70426
70428
70429
70430
70431
70432
70434
70435
70436
70437
70438
70439
70441
70442
70443
70444
70445
70447
70449
70450
70451
70453
70455
70456
70457
70459
70460
70461
70462
70464
70465
70466
70467
70468
70469
70470
70471
70472
70474
70475
70476
70477
70479
70480
70481
70482
70483
70485
70486
70487
70488
70491
70492
70493
70497
70498
70499
70500
70501
70503
70504
70506
70508
70509
70510
70511
70516
70517
70519
70522
70523
70524
70525
70526
70528
70530
70531
70532
70533
70535
70537
70539
70540
70541
70543
70545
70548
70549
70550
70554
70555
70557
70559
70560
70562
70563
70565
70566
70568
70569
70570
70571
70572
70574
70576
70578
70579
70580
70581
70584
70586
70587
70588
70589
70590
70591
70592
70593
70595
70597
70598
70599
70600
70601
70602
70603
70605
70606
70607
70608
70609
70610
70612
70613
70614
70615
70616
70618
70619
70622
70623
70626
70628
70630
70631
70632
70633
70634
70635
70636
70637
70638
70639
70640
70643
70645
70646
70647
70648
70650
70651
70652
70653
70654
70655
70656
70657
70658
70659
70660
70661
70662
70663
70666
70667
70668
70669
70670
70671
70673
70674
70675
70677
70678
70681
70682
70683
70685
70686
70687
70689
70690
70693
70694
70695
70696
70699
70700
70701
70704
70705
70706
70707
70708
70709
70710
70711
70712
70713
70715
70716
70717
70718
70719
70720
70721
70722
70724
70725
70727
70729
70730
70731
70732
70733
70734
70737
70738
70739
70740
70741
70742
70744
70745
70746
70747
70748
70749
70750
70751
70752
70753
70754
70756
70759
70761
70762
70763
70764
70765
70766
70767
70769
70771
70772
70774
70775
70776
70777
70779
70781
70783
70784
70786
70787
70788
70789
70790
70791
70792
70793
70795
70796
70797
70799
70800
70801
70802
70803
70805
70806
70808
70810
70811
70813
70814
70815
70816
70817
70819
70822
70823
70824
70826
70828
70829
70830
70831
70832
70834
70835
70836
70837
70840
70843
70844
70845
70846
70847
70849
70850
70851
70852
70854
70856
70857
70858
70859
70860
70861
70862
70863
70864
70865
70866
70867
70868
70869
70871
70872
70873
70874
70875
70876
70877
70878
70880
70881
70882
70885
70887
70889
70890
70891
70892
70893
70895
70897
70898
70900
70902
70903
70904
70905
70906
70907
70909
70910
70911
70912
70913
70914
70916
70917
70919
70920
70922
70924
70925
70926
70928
70929
70930
70931
70933
70934
70935
70937
70938
70939
70940
70941
70943
70944
70945
70946
70947
70948
70949
70951
70952
70954
70955
70956
70957
70958
70961
70962
70963
70966
70967
70968
70969
70970
70972
70973
70976
70977
70978
70979
70980
70981
70983
70985
70986
70987
70989
70990
70991
70992
70993
70994
70995
70997
70998
70999
71000
71001
71002
71004
71005
71006
71007
71009
71010
71011
71012
71013
71014
71016
71019
71020
71021
71022
71023
71024
71025
71027
71028
71030
71032
71033
71034
71035
71036
71037
71038
71041
71043
71044
71045
71047
71048
71049
71050
71051
71054
71055
71056
71057
71058
71059
71060
71061
71063
71064
71067
71068
71069
71070
71071
71074
71075
71076
71077
71078
71079
71080
71081
71082
71085
71086
71087
71089
71090
71092
71094
71095
71098
71099
71100
71103
71104
71105
71106
71108
71109
71111
71112
71113
71114
71115
71116
71117
71119
71120
71121
71122
71123
71124
71125
71128
71129
71130
71131
71132
71134
71135
71136
71137
71138
71143
71148
71149
71151
71153
71154
71155
71156
71157
71160
71161
71162
71163
71165
71166
71167
71168
71169
71170
71171
71173
71174
71175
71176
71177
71178
71179
71181
71184
71186
71189
71190
71191
71192
71193
71195
71197
71198
71199
71200
71201
71202
71203
71205
71206
71207
71208
71210
71211
71212
71215
71221
71222
71223
71224
71225
71226
71227
71228
71229
71231
71232
71233
71234
71235
71236
71237
71239
71241
71242
71245
71246
71248
71249
71250
71251
71253
71254
71255
71256
71257
71258
71259
71260
71262
71263
71264
71265
71266
71267
71268
71269
71270
71271
71272
71273
71275
71276
71277
71278
71280
71281
71282
71283
71284
71286
71287
71288
71289
71292
71293
71294
71295
71298
71299
71300
71301
71302
71303
71304
71305
71306
71307
71310
71311
71312
71313
71315
71317
71318
71319
71321
71322
71324
71325
71327
71329
71330
71331
71332
71333
71335
71337
71338
71340
71341
71342
71343
71344
71345
71346
71347
71348
71350
71351
71352
71353
71354
71355
71356
71357
71358
71359
71361
71362
71363
71364
71365
71369
71370
71371
71372
71373
71374
71375
71378
71379
71382
71383
71384
71388
71390
71392
71393
71394
71395
71396
71397
71398
71400
71401
71402
71403
71404
71407
71409
71410
71412
71413
71414
71415
71416
71417
71418
71419
71420
71421
71423
71425
71426
71427
71429
71430
71431
71433
71434
71435
71437
71438
71441
71442
71443
71444
71445
71450
71451
71453
71454
71455
71456
71457
71459
71461
71465
71468
71469
71470
71472
71473
71474
71475
71476
71477
71478
71480
71484
71485
71486
71487
71488
71489
71490
71491
71493
71494
71498
71499
71500
71502
71503
71504
71506
71509
71510
71513
71517
71518
71519
71521
71523
71524
71525
71526
71527
71529
71530
71531
71532
71533
71534
71535
71536
71537
71538
71539
71540
71541
71542
71543
71544
71546
71547
71549
71550
71551
71554
71555
71556
71557
71558
71559
71560
71561
71562
71563
71564
71567
71568
71569
71572
71573
71574
71575
71576
71578
71579
71580
71581
71582
71583
71584
71586
71587
71588
71589
71591
71593
71594
71595
71596
71597
71598
71600
71601
71602
71603
71604
71605
71606
71607
71608
71609
71610
71611
71612
71613
71614
71617
71618
71619
71620
71621
71622
71623
71624
71625
71627
71628
71631
71635
71636
71637
71638
71639
71640
71641
71642
71643
71644
71645
71646
71648
71649
71650
71651
71654
71656
71657
71658
71659
71661
71662
71664
71665
71666
71667
71668
71669
71670
71671
71672
71673
71675
71676
71677
71678
71680
71682
71683
71684
71687
71688
71689
71690
71691
71692
71693
71694
71695
71696
71697
71698
71700
71702
71703
71704
71705
71706
71707
71708
71710
71711
71712
71713
71714
71716
71717
71718
71719
71721
71722
71723
71724
71725
71726
71728
71729
71730
71731
71732
71733
71734
71735
71737
71738
71739
71740
71741
71742
71745
71746
71747
71748
71749
71751
71752
71753
71754
71756
71757
71758
71760
71762
71763
71765
71768
71769
71770
71771
71772
71773
71774
71775
71776
71777
71778
71779
71780
71781
71782
71783
71784
71785
71787
71788
71790
71791
71792
71793
71794
71795
71797
71798
71799
71801
71803
71804
71806
71807
71808
71809
71810
71811
71812
71813
71814
71815
71816
71817
71818
71819
71820
71822
71823
71824
71825
71826
71827
71828
71829
71831
71832
71833
71834
71835
71837
71839
71840
71841
71842
71843
71844
71845
71846
71847
71848
71849
71850
71851
71852
71853
71854
71855
71856
71858
71859
71860
71861
71863
71864
71865
71867
71868
71869
71870
71871
71872
71873
71876
71877
71879
71880
71881
71882
71883
71884
71885
71886
71887
71889
71890
71891
71892
71893
71894
71895
71897
71898
71899
71900
71901
71902
71904
71905
71906
71907
71908
71909
71911
71913
71914
71916
71917
71918
71919
71920
71922
71925
71926
71928
71929
71930
71931
71932
71933
71934
71935
71936
71937
71938
71941
71944
71945
71947
71948
71949
71950
71951
71954
71955
71956
71957
71958
71961
71965
71966
71967
71968
71969
71971
71972
71973
71974
71975
71976
71977
71978
71979
71980
71981
71982
71983
71984
71985
71987
71988
71990
71991
71992
71993
71994
71995
71996
71997
71999
72001
72002
72003
72004
72005
72006
72010
72011
72013
72014
72015
72016
72018
72019
72020
72021
72023
72024
72025
72027
72028
72029
72030
72031
72032
72033
72034
72035
72036
72037
72038
72041
72042
72043
72044
72047
72048
72050
72051
72054
72055
72056
72058
72059
72061
72064
72065
72066
72068
72069
72070
72071
72073
72074
72077
72078
72079
72080
72081
72082
72083
72084
72085
72086
72087
72088
72089
72090
72092
72093
72094
72095
72096
72098
72099
72100
72101
72102
72103
72104
72106
72107
72109
72112
72113
72117
72118
72119
72120
72121
72124
72125
72126
72127
72129
72131
72132
72133
72134
72135
72136
72137
72139
72140
72142
72143
72144
72145
72146
72147
72148
72151
72153
72156
72157
72158
72159
72160
72161
72162
72163
72164
72165
72166
72168
72169
72170
72171
72173
72174
72175
72176
72177
72178
72179
72180
72183
72186
72187
72188
72189
72191
72192
72193
72195
72196
72197
72199
72200
72201
72202
72205
72206
72207
72208
72209
72211
72212
72213
72214
72215
72217
72219
72220
72222
72223
72224
72225
72226
72227
72228
72229
72230
72231
72232
72233
72234
72235
72236
72237
72238
72239
72241
72242
72246
72247
72248
72250
72251
72252
72254
72255
72258
72259
72260
72261
72262
72263
72264
72265
72266
72267
72268
72269
72270
72271
72273
72274
72275
72277
72278
72279
72282
72283
72284
72287
72288
72289
72290
72292
72293
72294
72295
72296
72297
72299
72300
72301
72302
72303
72304
72305
72306
72307
72309
72311
72312
72313
72316
72317
72318
72319
72320
72321
72323
72324
72326
72327
72328
72329
72330
72331
72332
72333
72334
72335
72336
72337
72338
72339
72340
72341
72342
72343
72344
72351
72352
72353
72354
72355
72356
72358
72359
72360
72362
72363
72365
72366
72367
72368
72369
72370
72372
72373
72374
72375
72376
72377
72378
72379
72380
72381
72382
72383
72386
72387
72388
72389
72391
72392
72394
72395
72397
72400
72402
72404
72406
72407
72408
72411
72412
72416
72417
72418
72420
72421
72422
72423
72424
72425
72426
72427
72428
72429
72430
72432
72433
72434
72435
72436
72438
72439
72440
72441
72442
72445
72446
72447
72448
72449
72450
72451
72452
72453
72455
72456
72457
72458
72459
72460
72461
72462
72463
72465
72466
72467
72468
72469
72471
72475
72476
72477
72478
72480
72482
72483
72484
72485
72486
72487
72489
72490
72491
72492
72494
72495
72497
72498
72500
72501
72502
72503
72505
72506
72507
72508
72509
72511
72512
72513
72514
72515
72516
72517
72518
72520
72521
72522
72523
72524
72525
72528
72529
72530
72531
72532
72533
72534
72535
72536
72537
72538
72539
72542
72543
72544
72545
72546
72547
72548
72549
72551
72552
72554
72556
72558
72559
72560
72562
72563
72564
72565
72566
72568
72570
72574
72575
72576
72578
72579
72580
72581
72582
72584
72585
72586
72587
72589
72590
72591
72592
72593
72594
72596
72597
72598
72600
72601
72602
72604
72607
72608
72609
72610
72612
72614
72615
72616
72617
72618
72619
72620
72621
72623
72625
72627
72628
72629
72634
72635
72638
72641
72642
72643
72644
72646
72647
72648
72649
72650
72651
72652
72653
72654
72655
72656
72660
72662
72663
72664
72665
72666
72667
72668
72669
72672
72673
72675
72676
72678
72679
72683
72684
72685
72686
72687
72688
72689
72690
72692
72693
72695
72696
72697
72698
72700
72701
72702
72703
72704
72705
72706
72708
72709
72711
72712
72713
72714
72715
72718
72719
72720
72721
72723
72724
72725
72727
72728
72730
72732
72733
72736
72737
72738
72739
72740
72741
72742
72744
72745
72747
72748
72749
72750
72752
72753
72754
72756
72757
72759
72760
72761
72762
72763
72764
72765
72767
72768
72769
72770
72771
72773
72774
72776
72777
72778
72779
72780
72784
72786
72787
72788
72789
72790
72791
72793
72794
72795
72797
72798
72799
72800
72801
72802
72804
72806
72807
72808
72810
72811
72814
72815
72816
72817
72818
72819
72820
72821
72822
72823
72824
72825
72827
72828
72829
72832
72834
72835
72836
72839
72841
72842
72843
72844
72845
72846
72847
72848
72849
72850
72851
72852
72853
72854
72855
72856
72857
72861
72862
72863
72864
72865
72866
72867
72868
72869
72871
72872
72874
72875
72876
72877
72879
72880
72882
72884
72886
72888
72889
72890
72891
72892
72893
72894
72895
72897
72898
72899
72900
72901
72902
72903
72904
72905
72907
72908
72910
72911
72912
72913
72914
72917
72919
72922
72923
72924
72925
72926
72927
72928
72929
72930
72931
72932
72934
72935
72936
72937
72939
72941
72942
72943
72944
72945
72946
72947
72948
72949
72950
72951
72952
72953
72955
72956
72957
72961
72962
72966
72969
72970
72971
72972
72973
72974
72976
72977
72979
72980
72981
72982
72984
72985
72988
72989
72990
72991
72992
72993
72994
72995
72997
73000
73001
73002
73003
73004
73006
73007
73008
73009
73010
73011
73012
73013
73014
73015
73020
73021
73022
73023
73024
73025
73026
73027
73028
73029
73030
73031
73035
73036
73037
73038
73039
73040
73041
73042
73043
73044
73045
73046
73047
73049
73050
73052
73053
73056
73057
73059
73060
73061
73062
73063
73064
73066
73069
73070
73071
73072
73073
73075
73077
73079
73080
73082
73083
73084
73085
73086
73087
73088
73089
73090
73091
73092
73094
73095
73097
73098
73099
73100
73101
73103
73104
73105
73106
73108
73109
73110
73112
73115
73116
73121
73122
73123
73124
73125
73126
73128
73130
73131
73132
73133
73134
73136
73137
73138
73139
73142
73143
73144
73146
73147
73148
73149
73150
73151
73153
73154
73155
73156
73157
73159
73160
73161
73162
73164
73168
73169
73170
73175
73177
73179
73180
73181
73182
73184
73185
73186
73187
73188
73189
73190
73191
73192
73195
73196
73198
73199
73200
73202
73203
73204
73207
73208
73210
73211
73213
73214
73215
73217
73218
73221
73222
73223
73224
73225
73228
73229
73230
73231
73232
73233
73235
73237
73238
73239
73240
73241
73242
73243
73244
73245
73246
73247
73248
73249
73251
73252
73253
73254
73255
73256
73257
73258
73259
73261
73265
73266
73267
73268
73269
73270
73271
73272
73274
73275
73276
73277
73278
73279
73281
73282
73283
73284
73286
73287
73288
73290
73291
73292
73293
73295
73296
73297
73298
73299
73300
73301
73302
73303
73304
73305
73306
73308
73309
73310
73311
73312
73317
73318
73319
73320
73321
73322
73323
73324
73325
73326
73327
73328
73329
73330
73333
73334
73336
73337
73338
73339
73340
73341
73342
73343
73344
73345
73346
73347
73348
73349
73351
73352
73353
73354
73357
73358
73359
73362
73363
73364
73365
73366
73367
73368
73369
73370
73371
73372
73373
73374
73375
73376
73378
73379
73380
73381
73382
73383
73384
73385
73386
73388
73389
73390
73392
73393
73394
73395
73396
73398
73400
73402
73404
73407
73408
73409
73410
73411
73412
73413
73415
73417
73418
73419
73420
73422
73423
73424
73426
73428
73429
73430
73431
73432
73433
73434
73435
73436
73437
73438
73439
73440
73443
73444
73446
73447
73448
73449
73450
73451
73452
73453
73454
73456
73457
73458
73459
73460
73462
73463
73465
73466
73467
73468
73469
73471
73473
73474
73475
73476
73478
73479
73480
73482
73483
73484
73485
73487
73488
73489
73490
73491
73492
73494
73495
73496
73497
73499
73500
73502
73505
73506
73508
73509
73510
73511
73512
73513
73514
73515
73517
73518
73519
73521
73522
73523
73524
73525
73526
73527
73528
73529
73530
73534
73536
73537
73538
73539
73540
73541
73542
73543
73545
73547
73548
73550
73551
73552
73553
73554
73556
73558
73559
73560
73562
73563
73564
73567
73568
73569
73570
73572
73575
73576
73577
73578
73579
73581
73582
73583
73585
73586
73587
73588
73590
73591
73592
73593
73594
73597
73599
73600
73601
73603
73604
73605
73606
73607
73608
73609
73611
73614
73615
73616
73617
73618
73620
73621
73622
73625
73626
73628
73629
73630
73631
73632
73633
73634
73636
73637
73639
73640
73641
73644
73645
73646
73647
73648
73649
73650
73651
73652
73653
73654
73655
73656
73657
73659
73662
73663
73664
73665
73668
73669
73670
73671
73672
73674
73676
73677
73678
73679
73680
73683
73684
73685
73686
73687
73688
73689
73690
73692
73694
73696
73697
73698
73699
73700
73701
73702
73703
73704
73706
73708
73710
73711
73712
73714
73715
73717
73718
73720
73721
73722
73724
73725
73726
73727
73729
73730
73731
73733
73734
73735
73736
73737
73739
73740
73741
73742
73744
73746
73747
73748
73750
73751
73752
73753
73754
73757
73758
73759
73760
73761
73762
73763
73764
73765
73766
73768
73769
73770
73771
73772
73773
73774
73776
73777
73778
73779
73780
73781
73782
73785
73786
73787
73788
73789
73790
73791
73792
73793
73795
73796
73798
73799
73800
73803
73804
73805
73806
73808
73810
73811
73812
73813
73814
73816
73817
73818
73819
73820
73821
73822
73823
73824
73826
73827
73829
73831
73832
73834
73835
73836
73837
73838
73839
73841
73842
73843
73845
73847
73848
73849
73850
73851
73852
73853
73854
73856
73857
73858
73862
73863
73864
73866
73867
73869
73870
73871
73874
73876
73877
73878
73880
73881
73882
73884
73885
73886
73887
73888
73889
73890
73891
73894
73895
73896
73897
73899
73902
73903
73904
73905
73906
73907
73908
73910
73912
73914
73915
73917
73918
73919
73920
73921
73924
73925
73926
73927
73928
73929
73932
73933
73934
73935
73936
73937
73938
73939
73940
73941
73942
73943
73945
73946
73947
73948
73949
73952
73953
73954
73955
73958
73959
73960
73961
73962
73964
73965
73967
73968
73969
73971
73973
73974
73975
73976
73978
73979
73980
73981
73983
73984
73985
73986
73987
73988
73989
73991
73993
73994
73995
73996
73997
73998
73999
74000
74002
74003
74004
74005
74006
74007
74008
74009
74010
74013
74014
74015
74016
74017
74018
74019
74020
74021
74022
74023
74024
74025
74026
74028
74029
74030
74031
74032
74033
74035
74036
74038
74040
74044
74048
74049
74051
74052
74053
74054
74056
74057
74058
74059
74061
74064
74065
74066
74067
74068
74069
74070
74072
74073
74074
74076
74077
74078
74079
74080
74081
74083
74084
74085
74086
74087
74088
74090
74092
74093
74095
74096
74097
74098
74099
74101
74102
74103
74105
74107
74108
74109
74111
74112
74113
74114
74115
74118
74119
74121
74123
74124
74125
74126
74127
74128
74129
74130
74132
74133
74134
74136
74138
74139
74140
74141
74142
74143
74144
74146
74147
74148
74149
74150
74154
74155
74156
74157
74158
74160
74161
74164
74165
74166
74167
74169
74170
74171
74172
74173
74174
74175
74176
74178
74180
74181
74182
74184
74185
74186
74187
74188
74191
74192
74194
74195
74196
74198
74199
74200
74203
74205
74207
74209
74210
74211
74212
74213
74214
74215
74217
74218
74219
74220
74221
74222
74223
74227
74228
74229
74230
74231
74232
74233
74234
74237
74239
74240
74241
74242
74244
74245
74246
74247
74248
74249
74250
74251
74253
74254
74255
74257
74258
74259
74260
74261
74262
74263
74264
74265
74266
74267
74268
74269
74271
74272
74273
74274
74275
74276
74277
74278
74279
74280
74281
74282
74283
74284
74285
74287
74288
74289
74290
74292
74294
74295
74296
74297
74299
74300
74301
74302
74303
74304
74305
74306
74307
74308
74309
74310
74311
74312
74313
74315
74316
74317
74318
74320
74322
74323
74325
74326
74329
74330
74331
74333
74334
74337
74338
74339
74340
74341
74342
74343
74344
74346
74347
74348
74349
74350
74351
74352
74353
74354
74355
74356
74357
74359
74360
74362
74364
74365
74366
74367
74368
74369
74370
74371
74372
74373
74374
74375
74376
74377
74378
74379
74380
74382
74384
74385
74388
74389
74390
74392
74393
74394
74395
74396
74397
74398
74400
74401
74403
74405
74406
74407
74408
74409
74410
74411
74412
74413
74414
74415
74416
74417
74418
74419
74421
74422
74423
74424
74425
74426
74427
74428
74429
74430
74431
74432
74433
74434
74435
74436
74437
74438
74439
74440
74445
74446
74447
74448
74449
74450
74452
74453
74454
74456
74457
74458
74459
74460
74461
74462
74463
74465
74466
74467
74469
74470
74472
74473
74474
74475
74476
74478
74479
74480
74481
74482
74485
74486
74490
74491
74494
74495
74496
74497
74498
74499
74500
74501
74502
74503
74507
74509
74510
74511
74512
74513
74514
74516
74517
74518
74519
74520
74521
74522
74523
74524
74526
74527
74529
74530
74531
74532
74534
74535
74536
74538
74539
74540
74541
74542
74543
74544
74545
74546
74547
74548
74549
74552
74555
74556
74557
74558
74559
74560
74561
74562
74563
74564
74566
74567
74568
74570
74571
74572
74573
74575
74576
74578
74579
74580
74582
74583
74584
74585
74586
74588
74589
74590
74591
74592
74594
74595
74596
74600
74601
74602
74603
74605
74606
74607
74608
74610
74611
74613
74615
74616
74617
74618
74619
74621
74622
74623
74624
74625
74627
74628
74629
74631
74632
74633
74635
74636
74637
74638
74639
74640
74642
74643
74644
74647
74650
74651
74652
74653
74654
74655
74657
74658
74659
74660
74663
74664
74665
74666
74667
74668
74669
74672
74673
74674
74675
74676
74677
74678
74679
74680
74681
74682
74683
74684
74685
74687
74688
74690
74692
74693
74694
74696
74698
74699
74700
74702
74703
74704
74705
74706
74707
74709
74710
74711
74712
74713
74714
74717
74719
74720
74721
74722
74723
74725
74726
74727
74728
74729
74732
74733
74737
74738
74739
74740
74741
74742
74743
74744
74745
74746
74747
74749
74750
74752
74753
74754
74756
74758
74759
74760
74761
74762
74763
74764
74765
74766
74767
74768
74769
74770
74771
74772
74774
74775
74776
74778
74779
74780
74782
74783
74784
74785
74786
74787
74789
74790
74791
74792
74795
74796
74797
74798
74800
74801
74802
74803
74805
74806
74809
74810
74811
74812
74813
74815
74816
74817
74818
74819
74820
74822
74823
74824
74825
74826
74827
74828
74829
74831
74832
74833
74834
74836
74837
74838
74840
74841
74842
74844
74845
74846
74847
74848
74850
74851
74852
74853
74856
74857
74858
74859
74861
74862
74864
74865
74866
74867
74868
74869
74871
74873
74874
74875
74876
74877
74878
74879
74881
74882
74883
74884
74885
74886
74887
74888
74889
74890
74891
74892
74893
74896
74897
74898
74899
74900
74901
74902
74904
74905
74906
74907
74908
74909
74910
74911
74912
74913
74914
74915
74916
74917
74918
74919
74920
74921
74923
74925
74926
74928
74929
74930
74933
74934
74935
74937
74938
74940
74941
74942
74943
74944
74947
74948
74949
74950
74951
74952
74953
74954
74955
74957
74960
74961
74962
74963
74964
74965
74966
74967
74968
74969
74971
74972
74973
74974
74975
74976
74977
74978
74979
74980
74981
74982
74983
74984
74985
74986
74987
74989
74990
74996
74997
74998
74999
75000
75001
75002
75003
75004
75005
75006
75009
75011
75013
75014
75016
75017
75018
75019
75020
75022
75023
75024
75027
75029
75030
75031
75033
75034
75036
75037
75038
75039
75040
75043
75044
75045
75046
75047
75049
75050
75052
75053
75055
75056
75057
75059
75061
75062
75063
75064
75065
75067
75069
75071
75072
75073
75074
75075
75076
75077
75078
75080
75082
75083
75084
75085
75086
75088
75089
75090
75091
75093
75094
75095
75096
75097
75098
75099
75100
75101
75104
75107
75109
75111
75112
75113
75114
75116
75117
75119
75120
75121
75123
75124
75126
75127
75128
75129
75134
75135
75137
75139
75141
75142
75144
75146
75147
75148
75149
75153
75154
75155
75156
75157
75158
75159
75160
75161
75162
75163
75164
75165
75167
75168
75170
75171
75172
75173
75175
75176
75178
75179
75181
75182
75183
75184
75185
75186
75187
75189
75190
75191
75192
75193
75194
75195
75197
75198
75201
75202
75204
75205
75207
75208
75209
75211
75212
75213
75214
75215
75216
75217
75218
75223
75224
75225
75226
75228
75229
75231
75233
75235
75236
75238
75239
75240
75241
75242
75244
75246
75247
75248
75249
75250
75251
75252
75253
75254
75255
75256
75257
75261
75262
75263
75264
75265
75268
75269
75270
75271
75272
75273
75274
75276
75277
75278
75280
75281
75283
75284
75285
75286
75287
75288
75289
75291
75292
75293
75294
75295
75296
75298
75299
75300
75301
75302
75303
75306
75308
75309
75310
75311
75312
75313
75315
75316
75318
75319
75320
75321
75322
75325
75332
75333
75337
75338
75339
75341
75342
75343
75344
75346
75347
75348
75349
75350
75351
75353
75355
75356
75358
75359
75360
75361
75362
75363
75365
75366
75367
75368
75369
75373
75374
75375
75376
75377
75378
75380
75381
75382
75383
75384
75385
75386
75387
75388
75390
75391
75392
75393
75394
75397
75398
75399
75402
75403
75404
75405
75406
75407
75408
75410
75411
75412
75413
75414
75415
75416
75417
75418
75421
75423
75426
75427
75430
75431
75433
75434
75435
75436
75437
75438
75439
75441
75442
75443
75444
75445
75447
75448
75449
75450
75451
75453
75455
75456
75460
75464
75466
75467
75470
75471
75474
75476
75477
75479
75480
75481
75482
75483
75484
75485
75486
75487
75488
75491
75492
75497
75498
75500
75501
75502
75504
75506
75508
75510
75511
75513
75514
75517
75518
75520
75521
75522
75523
75524
75525
75526
75529
75531
75532
75533
75534
75535
75536
75537
75539
75540
75542
75543
75545
75546
75547
75548
75550
75551
75552
75553
75554
75556
75557
75559
75560
75561
75562
75563
75564
75565
75566
75567
75568
75569
75570
75571
75572
75573
75574
75575
75576
75577
75578
75580
75581
75582
75585
75586
75587
75588
75589
75590
75591
75594
75595
75596
75597
75598
75599
75602
75603
75607
75609
75610
75611
75612
75613
75614
75615
75616
75617
75618
75619
75620
75621
75623
75624
75627
75628
75631
75632
75633
75634
75635
75636
75637
75638
75639
75640
75641
75642
75643
75644
75645
75647
75648
75651
75653
75655
75656
75657
75658
75659
75660
75663
75664
75665
75666
75667
75668
75669
75670
75671
75673
75675
75676
75677
75678
75679
75680
75681
75682
75683
75684
75685
75686
75687
75688
75689
75690
75691
75692
75694
75695
75696
75697
75698
75699
75700
75702
75704
75705
75706
75707
75708
75709
75710
75712
75713
75716
75717
75718
75719
75720
75721
75722
75723
75725
75726
75727
75728
75729
75730
75731
75732
75733
75734
75735
75736
75737
75738
75739
75742
75744
75746
75747
75748
75749
75750
75752
75753
75754
75755
75756
75757
75758
75760
75761
75762
75763
75764
75765
75766
75768
75769
75770
75772
75773
75774
75775
75776
75777
75779
75780
75781
75782
75783
75784
75785
75786
75787
75788
75791
75793
75794
75795
75796
75797
75798
75799
75800
75801
75802
75803
75804
75805
75806
75807
75808
75811
75812
75813
75814
75815
75816
75817
75818
75819
75820
75821
75822
75823
75824
75826
75827
75828
75831
75832
75834
75836
75837
75839
75840
75841
75842
75844
75845
75846
75847
75849
75850
75852
75854
75856
75857
75858
75859
75861
75863
75864
75865
75866
75867
75868
75869
75870
75871
75872
75873
75874
75875
75876
75877
75878
75880
75882
75883
75885
75886
75887
75888
75889
75890
75891
75892
75893
75894
75895
75896
75897
75898
75901
75903
75904
75905
75906
75908
75909
75910
75912
75913
75914
75915
75916
75917
75919
75922
75923
75924
75925
75926
75927
75928
75929
75933
75934
75935
75936
75937
75938
75939
75940
75941
75942
75943
75944
75945
75946
75947
75948
75949
75950
75951
75952
75953
75954
75956
75957
75958
75960
75961
75965
75967
75968
75969
75970
75971
75972
75974
75975
75976
75977
75978
75979
75981
75982
75984
75985
75986
75987
75990
75991
75993
75994
75995
75996
75997
75998
75999
76000
76001
76002
76003
76004
76007
76008
76009
76010
76011
76012
76013
76014
76015
76016
76019
76020
76021
76022
76023
76024
76025
76027
76028
76029
76030
76032
76033
76034
76036
76038
76039
76041
76042
76043
76044
76046
76047
76050
76051
76052
76054
76055
76056
76057
76059
76060
76061
76062
76063
76064
76065
76066
76067
76069
76071
76072
76073
76075
76076
76077
76078
76082
76083
76085
76086
76087
76088
76089
76090
76091
76092
76093
76094
76096
76097
76098
76099
76103
76105
76106
76107
76109
76110
76111
76112
76114
76115
76116
76117
76118
76119
76120
76121
76122
76124
76125
76126
76127
76128
76129
76130
76131
76132
76133
76134
76135
76136
76137
76139
76140
76141
76142
76143
76145
76146
76148
76150
76151
76152
76153
76154
76155
76156
76157
76160
76161
76162
76163
76164
76166
76167
76168
76169
76170
76171
76172
76173
76174
76175
76177
76178
76180
76181
76182
76183
76184
76185
76186
76187
76188
76189
76190
76191
76193
76194
76195
76196
76197
76198
76200
76202
76205
76206
76207
76209
76210
76211
76212
76213
76214
76215
76216
76218
76219
76220
76221
76222
76227
76229
76231
76233
76236
76237
76238
76239
76240
76241
76242
76243
76244
76245
76246
76247
76248
76249
76250
76251
76252
76253
76254
76255
76256
76257
76259
76260
76262
76263
76265
76266
76267
76268
76269
76270
76272
76273
76275
76276
76277
76278
76279
76280
76281
76283
76285
76286
76287
76288
76290
76291
76292
76293
76294
76296
76297
76298
76301
76302
76304
76306
76307
76309
76311
76312
76313
76314
76315
76316
76317
76318
76320
76321
76322
76323
76324
76325
76326
76327
76328
76329
76330
76331
76332
76333
76334
76335
76336
76337
76338
76339
76340
76341
76343
76344
76345
76347
76348
76349
76350
76351
76352
76354
76355
76356
76357
76359
76361
76362
76363
76364
76367
76368
76369
76371
76372
76374
76375
76376
76377
76378
76379
76380
76381
76383
76384
76386
76387
76389
76390
76391
76392
76393
76394
76395
76396
76397
76398
76399
76400
76401
76402
76403
76405
76406
76407
76408
76409
76410
76411
76413
76414
76415
76416
76417
76418
76419
76420
76421
76422
76423
76425
76426
76427
76429
76430
76432
76434
76437
76438
76439
76440
76441
76442
76444
76445
76446
76447
76448
76449
76450
76451
76452
76454
76455
76456
76458
76459
76460
76461
76462
76463
76464
76465
76467
76468
76469
76470
76472
76473
76474
76476
76477
76478
76479
76480
76481
76482
76483
76484
76485
76486
76488
76489
76490
76492
76493
76494
76495
76496
76497
76499
76501
76502
76503
76505
76507
76508
76509
76510
76513
76515
76517
76518
76519
76520
76522
76523
76524
76525
76526
76527
76528
76529
76532
76534
76535
76537
76538
76539
76540
76541
76543
76544
76545
76546
76547
76549
76550
76551
76552
76553
76554
76555
76556
76557
76558
76559
76561
76562
76563
76564
76565
76566
76567
76568
76569
76570
76571
76572
76573
76575
76576
76577
76578
76580
76581
76583
76585
76586
76587
76589
76590
76593
76594
76595
76596
76598
76599
76600
76601
76602
76603
76605
76607
76608
76609
76610
76611
76612
76613
76614
76617
76618
76619
76620
76621
76623
76625
76626
76627
76628
76629
76630
76631
76632
76633
76634
76635
76637
76638
76639
76640
76642
76643
76645
76646
76648
76649
76651
76652
76653
76654
76655
76656
76657
76658
76660
76661
76662
76663
76664
76665
76666
76667
76668
76669
76670
76671
76672
76675
76676
76677
76678
76679
76681
76682
76683
76684
76685
76686
76687
76688
76689
76690
76691
76692
76693
76694
76695
76699
76701
76702
76703
76704
76705
76708
76710
76712
76713
76715
76716
76718
76719
76720
76721
76722
76723
76724
76725
76726
76727
76728
76730
76731
76732
76733
76734
76735
76737
76739
76740
76741
76743
76744
76745
76746
76747
76748
76749
76750
76751
76752
76754
76755
76758
76759
76760
76761
76763
76764
76766
76767
76769
76770
76771
76772
76773
76774
76777
76778
76779
76782
76783
76784
76785
76788
76789
76790
76792
76796
76797
76799
76801
76804
76805
76808
76809
76811
76812
76813
76814
76815
76816
76817
76819
76820
76821
76822
76823
76824
76825
76826
76829
76830
76831
76832
76833
76834
76837
76838
76839
76840
76841
76843
76844
76845
76846
76847
76848
76849
76850
76851
76853
76855
76856
76857
76859
76860
76861
76862
76863
76864
76865
76866
76867
76869
76870
76871
76872
76873
76874
76875
76876
76877
76878
76879
76881
76882
76883
76885
76886
76887
76889
76890
76891
76893
76894
76895
76896
76897
76898
76899
76900
76902
76903
76904
76905
76906
76908
76909
76910
76911
76912
76913
76914
76915
76917
76919
76920
76921
76922
76923
76924
76925
76927
76928
76929
76930
76931
76933
76934
76935
76936
76937
76942
76943
76944
76945
76946
76947
76948
76949
76950
76953
76955
76956
76958
76959
76960
76961
76962
76964
76965
76967
76968
76969
76970
76972
76973
76974
76975
76976
76977
76978
76979
76981
76983
76984
76985
76986
76987
76988
76989
76990
76992
76993
76994
76995
76997
76998
76999
77000
77001
77002
77003
77005
77007
77008
77009
77010
77014
77015
77016
77017
77018
77020
77021
77022
77023
77024
77025
77026
77027
77029
77030
77032
77034
77035
77037
77038
77039
77040
77041
77042
77044
77045
77048
77049
77050
77052
77053
77054
77055
77056
77057
77058
77059
77060
77061
77062
77063
77065
77066
77069
77070
77071
77072
77073
77074
77075
77076
77077
77078
77079
77080
77083
77084
77085
77086
77087
77088
77090
77091
77092
77093
77094
77095
77096
77097
77098
77099
77100
77101
77102
77103
77105
77106
77108
77109
77110
77111
77112
77113
77116
77117
77118
77119
77121
77123
77124
77125
77126
77127
77128
77129
77131
77132
77133
77134
77135
77136
77137
77138
77139
77140
77141
77144
77145
77146
77147
77148
77151
77152
77153
77155
77156
77158
77159
77160
77161
77162
77163
77164
77166
77168
77170
77171
77172
77174
77175
77176
77177
77178
77179
77180
77183
77184
77185
77186
77187
77188
77189
77190
77191
77192
77194
77195
77196
77197
77198
77199
77200
77201
77203
77204
77205
77206
77208
77210
77211
77212
77213
77214
77215
77219
77220
77221
77222
77223
77224
77225
77226
77229
77230
77232
77233
77234
77236
77238
77239
77240
77241
77242
77243
77246
77247
77248
77251
77252
77253
77254
77257
77259
77260
77261
77262
77264
77266
77270
77272
77273
77274
77275
77276
77277
77279
77280
77282
77283
77284
77285
77286
77287
77288
77289
77295
77296
77297
77298
77300
77301
77304
77305
77306
77307
77308
77310
77312
77313
77314
77315
77317
77319
77321
77323
77324
77325
77326
77327
77328
77329
77331
77332
77334
77335
77336
77337
77339
77341
77342
77343
77345
77346
77347
77348
77349
77350
77351
77354
77355
77356
77357
77359
77360
77361
77362
77363
77364
77366
77367
77368
77369
77371
77372
77373
77374
77375
77376
77377
77378
77381
77382
77384
77385
77386
77387
77388
77389
77390
77392
77394
77395
77396
77398
77399
77400
77401
77406
77407
77408
77409
77411
77412
77414
77415
77416
77417
77418
77419
77421
77422
77424
77425
77426
77427
77428
77429
77430
77431
77433
77434
77435
77436
77437
77438
77441
77442
77443
77444
77445
77448
77449
77451
77452
77453
77454
77455
77457
77458
77459
77460
77461
77462
77464
77465
77466
77467
77468
77469
77471
77472
77473
77475
77477
77478
77479
77480
77481
77482
77483
77484
77485
77486
77487
77488
77489
77490
77491
77492
77493
77494
77495
77496
77497
77499
77500
77501
77502
77503
77504
77505
77507
77508
77509
77510
77511
77512
77513
77514
77515
77519
77520
77521
77522
77523
77524
77525
77526
77527
77529
77530
77531
77532
77533
77534
77536
77537
77539
77540
77541
77542
77545
77546
77547
77548
77550
77551
77552
77553
77554
77556
77557
77558
77559
77560
77561
77562
77563
77565
77566
77567
77568
77569
77570
77571
77572
77575
77576
77577
77578
77579
77580
77581
77582
77583
77584
77585
77587
77589
77591
77592
77593
77594
77595
77596
77597
77599
77600
77601
77602
77603
77604
77606
77607
77608
77609
77610
77611
77615
77616
77617
77618
77619
77622
77623
77627
77628
77630
77631
77633
77634
77636
77637
77638
77639
77640
77641
77642
77643
77644
77645
77647
77648
77649
77650
77651
77652
77653
77655
77656
77657
77658
77659
77660
77661
77662
77663
77664
77665
77666
77667
77668
77669
77670
77671
77672
77675
77676
77678
77679
77681
77682
77683
77684
77685
77686
77687
77688
77690
77692
77693
77694
77695
77696
77697
77698
77700
77701
77702
77703
77705
77706
77707
77709
77711
77712
77713
77715
77716
77718
77720
77722
77723
77724
77726
77727
77728
77729
77730
77731
77732
77733
77734
77735
77736
77738
77739
77740
77741
77743
77744
77745
77746
77747
77748
77749
77751
77752
77753
77755
77757
77759
77760
77762
77763
77764
77765
77766
77767
77768
77770
77772
77773
77775
77776
77777
77778
77779
77780
77781
77783
77784
77786
77787
77788
77789
77790
77792
77793
77794
77795
77797
77798
77799
77800
77801
77803
77804
77805
77806
77807
77808
77809
77811
77812
77813
77814
77815
77817
77818
77819
77820
77821
77822
77824
77825
77826
77827
77828
77830
77831
77832
77833
77834
77835
77836
77837
77838
77839
77840
77841
77842
77843
77844
77845
77846
77847
77848
77849
77852
77853
77854
77855
77856
77857
77858
77859
77861
77863
77865
77866
77867
77868
77871
77872
77873
77875
77876
77877
77878
77880
77883
77885
77886
77888
77889
77890
77891
77893
77894
77895
77896
77897
77898
77899
77900
77901
77902
77903
77904
77905
77906
77907
77908
77909
77910
77911
77913
77914
77915
77916
77917
77919
77921
77922
77925
77926
77927
77928
77929
77931
77932
77933
77934
77935
77936
77937
77938
77940
77941
77942
77943
77946
77949
77950
77954
77955
77956
77958
77960
77962
77963
77964
77965
77966
77967
77968
77969
77973
77974
77976
77979
77980
77981
77982
77983
77984
77986
77988
77989
77990
77992
77993
77994
77995
77996
77997
77998
78002
78003
78004
78005
78006
78007
78009
78010
78011
78014
78015
78017
78021
78022
78023
78024
78025
78027
78029
78030
78031
78032
78033
78036
78037
78038
78040
78042
78044
78045
78046
78047
78048
78049
78050
78051
78052
78053
78055
78057
78058
78059
78063
78065
78066
78067
78068
78070
78071
78072
78073
78074
78075
78076
78077
78078
78079
78080
78082
78083
78084
78085
78086
78088
78089
78090
78091
78092
78093
78094
78095
78097
78099
78100
78101
78102
78103
78104
78107
78109
78110
78114
78115
78116
78117
78120
78121
78122
78123
78124
78125
78126
78127
78129
78131
78133
78135
78136
78137
78138
78139
78140
78141
78144
78145
78146
78147
78149
78150
78151
78152
78153
78156
78158
78159
78160
78162
78164
78165
78166
78167
78168
78169
78170
78171
78172
78173
78174
78175
78176
78178
78179
78180
78182
78184
78186
78188
78189
78190
78191
78192
78193
78195
78199
78201
78202
78203
78204
78205
78206
78207
78208
78209
78211
78212
78213
78214
78216
78217
78218
78220
78221
78222
78223
78224
78225
78227
78228
78229
78230
78231
78232
78233
78234
78235
78236
78237
78238
78239
78240
78241
78243
78244
78246
78247
78248
78250
78251
78252
78253
78254
78255
78259
78260
78261
78262
78264
78265
78266
78267
78268
78269
78270
78272
78274
78276
78277
78278
78280
78281
78283
78287
78288
78291
78292
78293
78294
78295
78298
78299
78300
78301
78302
78303
78305
78306
78307
78308
78309
78310
78311
78312
78313
78314
78317
78318
78319
78321
78324
78326
78329
78330
78333
78335
78336
78338
78339
78340
78342
78343
78344
78345
78346
78347
78348
78350
78351
78353
78354
78356
78357
78359
78360
78362
78364
78366
78368
78369
78371
78372
78373
78374
78375
78376
78377
78378
78380
78381
78382
78383
78384
78385
78386
78387
78388
78389
78390
78391
78392
78393
78394
78395
78396
78398
78399
78400
78401
78402
78403
78404
78405
78408
78409
78410
78411
78412
78414
78415
78421
78422
78423
78424
78426
78427
78428
78429
78430
78431
78432
78433
78434
78435
78436
78438
78439
78441
78442
78443
78444
78445
78446
78447
78449
78451
78452
78453
78454
78455
78456
78457
78459
78460
78461
78462
78463
78464
78465
78466
78467
78468
78469
78470
78471
78472
78474
78475
78476
78477
78478
78479
78480
78481
78482
78483
78484
78486
78488
78491
78494
78495
78496
78497
78498
78499
78500
78501
78502
78504
78505
78506
78507
78508
78509
78510
78511
78512
78513
78516
78517
78518
78519
78520
78521
78522
78523
78524
78525
78527
78528
78529
78530
78531
78532
78533
78535
78536
78538
78539
78540
78541
78543
78544
78545
78546
78548
78550
78551
78552
78553
78555
78557
78558
78561
78562
78563
78564
78565
78566
78567
78568
78569
78571
78575
78577
78578
78579
78581
78582
78584
78585
78586
78590
78591
78592
78594
78596
78597
78598
78600
78602
78604
78605
78607
78608
78609
78610
78611
78612
78613
78614
78615
78616
78617
78618
78619
78621
78622
78623
78624
78625
78626
78627
78628
78629
78630
78631
78632
78633
78634
78635
78637
78639
78640
78641
78642
78643
78644
78645
78646
78647
78648
78649
78650
78651
78652
78653
78654
78655
78657
78658
78659
78660
78661
78662
78663
78664
78665
78666
78667
78668
78669
78670
78671
78672
78673
78674
78675
78676
78677
78678
78679
78680
78681
78682
78684
78686
78687
78688
78689
78690
78691
78692
78693
78694
78696
78697
78698
78701
78702
78703
78704
78705
78707
78708
78709
78710
78712
78714
78715
78716
78717
78718
78719
78721
78722
78723
78725
78726
78727
78728
78729
78730
78731
78733
78734
78735
78736
78737
78738
78739
78740
78742
78743
78744
78745
78746
78748
78749
78750
78752
78753
78754
78755
78756
78757
78758
78760
78761
78762
78763
78764
78765
78767
78768
78769
78770
78772
78775
78776
78777
78779
78780
78781
78782
78783
78784
78786
78787
78788
78789
78791
78792
78793
78794
78796
78797
78798
78799
78800
78801
78802
78804
78805
78806
78807
78808
78809
78810
78811
78812
78814
78817
78818
78820
78821
78822
78823
78824
78825
78826
78828
78829
78830
78831
78832
78833
78834
78835
78836
78839
78841
78842
78843
78844
78845
78846
78849
78850
78852
78853
78854
78855
78856
78857
78859
78861
78862
78863
78864
78866
78867
78868
78870
78871
78873
78874
78875
78876
78877
78879
78880
78881
78882
78883
78884
78886
78887
78888
78889
78892
78894
78895
78896
78897
78899
78900
78902
78903
78904
78905
78906
78907
78908
78912
78914
78915
78916
78917
78918
78920
78921
78922
78923
78924
78925
78926
78927
78928
78930
78932
78933
78936
78937
78939
78940
78941
78942
78943
78944
78945
78946
78948
78949
78953
78954
78957
78958
78959
78960
78961
78962
78964
78965
78966
78967
78968
78970
78972
78974
78975
78976
78977
78978
78979
78980
78981
78983
78984
78985
78986
78987
78988
78989
78992
78993
78995
78996
78998
78999
79000
79001
79002
79003
79004
79005
79006
79007
79008
79009
79010
79012
79013
79014
79015
79019
79020
79022
79023
79025
79026
79029
79030
79031
79032
79033
79034
79038
79039
79040
79041
79042
79047
79048
79050
79051
79053
79055
79056
79059
79060
79061
79063
79064
79065
79067
79068
79069
79070
79071
79072
79073
79074
79075
79076
79078
79079
79080
79081
79082
79083
79085
79086
79087
79089
79090
79092
79093
79094
79095
79096
79097
79099
79100
79101
79102
79103
79104
79105
79106
79108
79109
79110
79111
79112
79116
79117
79119
79120
79121
79122
79123
79124
79125
79127
79128
79129
79130
79131
79134
79135
79136
79137
79138
79140
79142
79144
79145
79146
79148
79149
79150
79151
79153
79154
79155
79157
79158
79159
79160
79161
79162
79163
79164
79165
79166
79167
79168
79169
79170
79171
79172
79175
79176
79177
79178
79179
79180
79181
79183
79184
79186
79187
79188
79189
79190
79191
79192
79194
79196
79197
79198
79199
79200
79202
79203
79205
79206
79207
79208
79209
79210
79214
79215
79216
79217
79219
79220
79223
79224
79225
79226
79228
79229
79230
79231
79232
79234
79235
79236
79238
79240
79244
79246
79247
79249
79250
79251
79252
79253
79255
79256
79257
79261
79262
79263
79264
79265
79267
79269
79270
79271
79274
79275
79276
79278
79279
79280
79281
79282
79283
79284
79285
79287
79288
79289
79290
79291
79292
79293
79295
79296
79297
79298
79299
79303
79305
79306
79308
79309
79310
79311
79312
79313
79314
79315
79316
79319
79320
79321
79322
79324
79325
79326
79327
79328
79329
79330
79331
79332
79333
79334
79335
79336
79337
79338
79339
79340
79341
79343
79344
79345
79346
79347
79348
79349
79350
79351
79352
79354
79355
79357
79358
79359
79360
79361
79362
79363
79364
79365
79366
79367
79368
79369
79370
79371
79373
79374
79377
79378
79379
79380
79382
79383
79385
79386
79387
79389
79390
79391
79392
79393
79395
79396
79397
79398
79399
79400
79402
79403
79406
79409
79410
79412
79413
79414
79415
79416
79417
79418
79419
79421
79422
79423
79424
79425
79426
79427
79428
79429
79430
79431
79432
79434
79435
79436
79437
79438
79441
79442
79444
79445
79447
79448
79449
79451
79452
79453
79454
79455
79456
79457
79458
79459
79461
79462
79463
79465
79466
79467
79468
79469
79471
79472
79473
79474
79475
79479
79480
79481
79485
79486
79487
79488
79489
79491
79493
79494
79495
79496
79498
79499
79501
79505
79507
79508
79509
79510
79514
79516
79518
79519
79521
79523
79524
79527
79528
79529
79530
79532
79533
79534
79535
79536
79537
79539
79540
79541
79542
79543
79544
79545
79546
79547
79548
79549
79550
79551
79552
79553
79554
79555
79556
79558
79559
79560
79561
79562
79563
79564
79566
79567
79568
79571
79572
79574
79576
79579
79580
79581
79582
79583
79586
79589
79590
79591
79593
79595
79598
79599
79600
79601
79602
79603
79605
79606
79607
79609
79611
79612
79613
79614
79616
79617
79618
79619
79620
79621
79625
79626
79628
79629
79630
79631
79633
79634
79637
79638
79639
79640
79641
79642
79643
79644
79645
79646
79647
79651
79652
79653
79654
79656
79660
79662
79663
79667
79668
79669
79670
79671
79672
79673
79674
79675
79676
79677
79678
79679
79680
79681
79682
79683
79684
79685
79686
79687
79688
79689
79690
79691
79692
79693
79696
79697
79698
79699
79700
79702
79704
79705
79706
79708
79709
79711
79713
79714
79715
79716
79717
79718
79719
79720
79722
79723
79725
79727
79728
79729
79730
79732
79733
79734
79735
79736
79737
79738
79741
79742
79743
79745
79746
79747
79748
79753
79754
79758
79759
79760
79763
79764
79765
79766
79767
79768
79771
79772
79773
79775
79776
79777
79778
79779
79780
79781
79782
79783
79784
79785
79786
79787
79788
79791
79792
79793
79794
79796
79797
79798
79800
79802
79803
79804
79805
79806
79807
79808
79811
79812
79813
79814
79815
79817
79818
79819
79820
79821
79822
79823
79824
79825
79826
79827
79828
79829
79831
79832
79833
79834
79835
79836
79838
79839
79842
79843
79844
79845
79846
79847
79848
79849
79850
79851
79853
79854
79855
79856
79857
79858
79859
79860
79861
79862
79863
79864
79865
79866
79867
79868
79869
79871
79872
79874
79875
79876
79878
79879
79880
79882
79883
79884
79886
79887
79888
79889
79890
79891
79892
79894
79895
79896
79897
79900
79901
79902
79903
79904
79905
79906
79907
79908
79909
79910
79911
79912
79913
79914
79915
79916
79917
79919
79920
79921
79923
79924
79925
79926
79927
79928
79929
79930
79931
79932
79935
79936
79939
79941
79942
79943
79945
79948
79950
79951
79952
79953
79954
79955
79956
79958
79959
79960
79961
79962
79963
79964
79966
79967
79969
79970
79974
79975
79976
79977
79978
79979
79980
79981
79982
79983
79984
79985
79986
79989
79990
79991
79992
79993
79994
79995
79996
79997
79998
79999
80000
80001
80002
80003
80004
80005
80006
80008
80009
80010
80011
80012
80013
80014
80015
80016
80020
80021
80022
80023
80024
80026
80027
80028
80029
80030
80031
80033
80034
80035
80036
80038
80040
80041
80042
80043
80044
80046
80048
80049
80051
80052
80053
80056
80057
80059
80060
80061
80062
80063
80064
80065
80066
80068
80069
80070
80072
80074
80075
80076
80077
80078
80079
80080
80081
80082
80083
80085
80087
80089
80090
80091
80092
80093
80094
80095
80097
80098
80099
80101
80102
80104
80106
80108
80110
80111
80112
80113
80114
80116
80117
80118
80119
80120
80121
80122
80124
80125
80127
80128
80129
80130
80132
80134
80135
80136
80137
80139
80140
80141
80142
80143
80144
80145
80146
80147
80148
80150
80151
80152
80153
80154
80155
80156
80157
80159
80161
80162
80164
80166
80167
80168
80169
80170
80171
80172
80173
80175
80176
80177
80178
80179
80180
80181
80182
80183
80184
80185
80186
80188
80190
80191
80192
80194
80195
80196
80198
80199
80200
80201
80202
80204
80206
80207
80208
80210
80211
80213
80214
80215
80216
80217
80219
80220
80221
80222
80225
80226
80227
80228
80230
80231
80232
80233
80235
80236
80237
80238
80239
80240
80241
80242
80243
80244
80245
80247
80248
80249
80250
80251
80252
80253
80254
80256
80257
80258
80259
80260
80261
80262
80263
80264
80267
80268
80269
80270
80271
80272
80274
80275
80276
80279
80280
80281
80282
80283
80284
80286
80288
80290
80292
80293
80294
80296
80297
80299
80300
80301
80302
80303
80304
80305
80306
80307
80308
80309
80311
80312
80315
80318
80319
80320
80322
80323
80324
80325
80326
80327
80328
80329
80332
80333
80335
80337
80339
80340
80341
80342
80343
80345
80346
80348
80349
80353
80354
80355
80356
80357
80358
80359
80360
80362
80363
80364
80366
80367
80368
80369
80370
80371
80372
80373
80374
80375
80376
80377
80378
80380
80381
80382
80383
80384
80385
80386
80387
80388
80389
80390
80391
80392
80393
80394
80396
80397
80398
80399
80400
80401
80402
80404
80405
80406
80407
80408
80409
80410
80411
80412
80413
80414
80415
80416
80417
80418
80419
80420
80421
80422
80423
80424
80426
80428
80429
80430
80432
80434
80435
80436
80437
80438
80441
80442
80443
80444
80445
80447
80448
80449
80450
80451
80453
80454
80455
80457
80458
80459
80460
80461
80462
80463
80465
80467
80468
80469
80471
80473
80474
80475
80476
80477
80478
80479
80480
80482
80484
80485
80486
80488
80489
80491
80492
80493
80494
80495
80496
80497
80498
80499
80500
80501
80502
80503
80504
80506
80507
80508
80509
80510
80511
80512
80513
80514
80515
80517
80518
80519
80520
80521
80522
80525
80526
80528
80529
80530
80532
80533
80535
80537
80538
80539
80540
80541
80545
80546
80547
80548
80550
80551
80552
80554
80555
80556
80558
80559
80561
80563
80564
80566
80567
80568
80569
80571
80572
80573
80574
80575
80576
80577
80578
80580
80581
80582
80584
80585
80586
80587
80588
80590
80591
80592
80593
80594
80595
80596
80597
80598
80599
80600
80601
80603
80604
80605
80606
80607
80608
80610
80611
80613
80614
80615
80616
80617
80620
80621
80622
80623
80624
80626
80627
80628
80629
80630
80631
80632
80633
80634
80635
80637
80638
80639
80641
80642
80643
80644
80645
80646
80647
80648
80649
80650
80651
80652
80653
80654
80655
80656
80657
80658
80659
80660
80661
80662
80663
80664
80665
80666
80668
80670
80671
80672
80673
80674
80675
80676
80677
80678
80679
80680
80682
80683
80684
80685
80686
80687
80689
80690
80691
80693
80694
80695
80696
80698
80700
80701
80702
80703
80704
80705
80706
80707
80708
80709
80710
80712
80713
80714
80716
80717
80718
80719
80720
80721
80723
80724
80726
80727
80728
80729
80730
80731
80733
80734
80735
80736
80738
80739
80741
80742
80743
80744
80746
80748
80749
80750
80751
80752
80753
80754
80755
80756
80757
80758
80759
80760
80761
80762
80763
80764
80765
80766
80767
80768
80769
80770
80771
80772
80773
80774
80775
80776
80777
80778
80779
80780
80781
80782
80783
80784
80786
80787
80788
80790
80791
80793
80794
80795
80796
80799
80801
80802
80803
80804
80805
80806
80808
80809
80810
80811
80812
80813
80814
80816
80818
80819
80820
80821
80822
80825
80826
80827
80828
80829
80830
80831
80833
80834
80839
80840
80841
80843
80845
80846
80847
80848
80849
80850
80851
80853
80854
80855
80856
80857
80858
80859
80860
80861
80862
80863
80864
80865
80866
80869
80871
80873
80874
80875
80876
80877
80878
80879
80880
80881
80882
80883
80884
80885
80886
80887
80888
80889
80891
80893
80894
80895
80896
80897
80899
80901
80902
80903
80905
80906
80907
80908
80909
80910
80911
80912
80913
80914
80915
80916
80917
80918
80919
80920
80921
80922
80923
80924
80925
80926
80927
80929
80930
80932
80933
80934
80936
80937
80938
80940
80941
80942
80944
80945
80947
80948
80950
80951
80953
80955
80956
80957
80958
80959
80961
80962
80963
80964
80966
80967
80969
80970
80971
80972
80974
80976
80977
80978
80979
80981
80982
80983
80984
80987
80988
80989
80990
80991
80994
80995
80996
80997
80998
80999
81000
81001
81002
81003
81004
81005
81006
81008
81009
81011
81012
81013
81014
81015
81017
81018
81019
81020
81023
81024
81025
81027
81028
81029
81030
81031
81033
81036
81037
81038
81039
81040
81041
81042
81043
81044
81045
81046
81047
81048
81049
81050
81051
81052
81053
81055
81056
81058
81059
81060
81061
81062
81063
81064
81065
81067
81068
81069
81070
81071
81072
81073
81074
81075
81076
81078
81079
81082
81083
81084
81086
81088
81089
81090
81091
81092
81094
81095
81096
81097
81098
81102
81103
81104
81105
81106
81107
81108
81109
81110
81111
81112
81113
81114
81115
81117
81118
81121
81122
81124
81125
81126
81127
81128
81129
81130
81131
81132
81133
81135
81136
81138
81139
81140
81141
81143
81144
81145
81146
81147
81148
81149
81150
81152
81153
81154
81155
81156
81157
81158
81159
81162
81163
81164
81165
81166
81168
81169
81170
81171
81172
81173
81174
81176
81177
81178
81179
81180
81181
81182
81183
81184
81186
81187
81190
81191
81192
81193
81195
81196
81197
81198
81199
81200
81201
81203
81204
81205
81206
81207
81208
81209
81212
81213
81214
81215
81216
81217
81220
81221
81222
81223
81224
81225
81226
81227
81228
81229
81230
81232
81234
81235
81236
81237
81238
81239
81240
81241
81242
81243
81244
81245
81247
81248
81249
81251
81252
81254
81255
81256
81257
81258
81260
81261
81262
81263
81265
81267
81268
81270
81271
81272
81273
81277
81278
81282
81283
81285
81286
81287
81289
81290
81291
81292
81297
81298
81299
81300
81301
81302
81304
81305
81306
81308
81309
81310
81311
81312
81313
81314
81315
81317
81318
81320
81321
81322
81323
81324
81326
81327
81328
81329
81330
81331
81332
81333
81334
81335
81336
81337
81338
81339
81340
81341
81342
81343
81344
81345
81346
81351
81352
81353
81355
81356
81357
81358
81359
81360
81361
81363
81364
81365
81366
81367
81370
81371
81372
81373
81376
81377
81378
81379
81380
81381
81383
81384
81385
81386
81387
81388
81389
81390
81391
81392
81393
81394
81395
81397
81398
81399
81400
81401
81402
81403
81404
81405
81407
81408
81409
81410
81412
81413
81415
81416
81417
81418
81419
81420
81421
81423
81424
81425
81426
81428
81430
81431
81432
81433
81434
81435
81436
81437
81438
81440
81441
81442
81443
81445
81447
81449
81450
81451
81452
81453
81454
81455
81457
81458
81459
81460
81461
81462
81463
81464
81465
81466
81467
81468
81469
81470
81471
81472
81473
81478
81480
81484
81488
81489
81492
81493
81494
81495
81496
81498
81500
81501
81502
81503
81504
81505
81506
81507
81508
81509
81510
81511
81512
81514
81516
81517
81518
81521
81523
81524
81526
81528
81529
81530
81531
81532
81533
81534
81535
81536
81537
81538
81539
81540
81541
81542
81543
81544
81545
81546
81548
81549
81550
81551
81552
81553
81554
81556
81557
81559
81560
81561
81562
81563
81564
81565
81566
81567
81568
81569
81570
81571
81572
81573
81574
81575
81577
81580
81581
81583
81584
81590
81591
81593
81594
81595
81596
81597
81598
81599
81600
81601
81602
81603
81604
81605
81606
81607
81608
81609
81610
81611
81612
81613
81614
81616
81617
81618
81619
81620
81621
81622
81623
81624
81625
81626
81627
81628
81629
81630
81631
81632
81633
81634
81637
81638
81640
81641
81643
81644
81647
81648
81649
81650
81651
81652
81653
81654
81655
81656
81657
81658
81659
81660
81661
81662
81663
81664
81666
81667
81668
81669
81670
81671
81674
81675
81676
81677
81678
81679
81681
81682
81683
81685
81686
81687
81688
81690
81691
81692
81693
81694
81695
81696
81697
81698
81699
81700
81701
81702
81703
81704
81706
81707
81708
81709
81710
81711
81712
81713
81714
81716
81717
81720
81721
81722
81723
81724
81725
81728
81729
81730
81732
81733
81734
81735
81736
81737
81738
81739
81740
81741
81742
81743
81744
81745
81746
81747
81748
81749
81750
81751
81752
81753
81754
81755
81756
81758
81759
81760
81762
81763
81764
81765
81766
81767
81768
81769
81770
81771
81772
81773
81774
81775
81776
81777
81778
81780
81781
81782
81784
81785
81786
81788
81789
81790
81791
81792
81793
81794
81795
81796
81797
81798
81799
81800
81801
81802
81803
81804
81805
81806
81807
81808
81809
81812
81813
81815
81816
81817
81818
81819
81820
81821
81822
81823
81824
81825
81826
81829
81830
81831
81832
81833
81834
81835
81836
81838
81839
81840
81841
81842
81843
81844
81846
81847
81848
81849
81850
81851
81852
81853
81854
81856
81858
81860
81861
81862
81863
81864
81865
81867
81868
81869
81870
81871
81872
81874
81875
81876
81877
81878
81879
81880
81881
81882
81883
81884
81887
81888
81889
81890
81891
81893
81894
81895
81899
81900
81901
81902
81903
81904
81905
81906
81907
81909
81911
81912
81913
81914
81915
81916
81917
81918
81919
81920
81922
81923
81925
81926
81927
81928
81929
81930
81931
81932
81933
81934
81935
81937
81938
81939
81940
81941
81942
81943
81945
81946
81947
81948
81949
81950
81951
81952
81953
81955
81956
81957
81958
81959
81960
81961
81962
81963
81964
81965
81966
81967
81968
81969
81970
81971
81973
81974
81975
81976
81977
81978
81979
81980
81981
81982
81983
81985
81986
81990
81991
81993
81994
81995
81996
81997
81998
81999
82001
82002
82003
82005
82006
82008
82009
82010
82011
82012
82013
82014
82016
82017
82018
82019
82020
82021
82022
82023
82025
82026
82027
82028
82029
82031
82032
82033
82034
82036
82037
82039
82041
82043
82044
82045
82046
82048
82050
82051
82052
82053
82055
82056
82057
82058
82059
82060
82062
82063
82064
82065
82066
82068
82069
82070
82072
82074
82075
82076
82077
82078
82079
82080
82081
82082
82083
82084
82085
82086
82087
82088
82089
82090
82091
82093
82096
82097
82098
82100
82101
82102
82103
82104
82106
82107
82108
82109
82110
82111
82113
82114
82117
82118
82119
82120
82121
82122
82123
82124
82125
82126
82128
82129
82130
82131
82132
82133
82134
82135
82136
82137
82138
82140
82141
82142
82143
82144
82146
82147
82148
82150
82152
82153
82154
82155
82156
82157
82158
82159
82161
82162
82163
82165
82166
82167
82169
82171
82172
82173
82174
82175
82176
82177
82178
82179
82180
82181
82182
82183
82184
82185
82186
82187
82188
82190
82191
82192
82194
82195
82196
82197
82198
82199
82200
82201
82202
82203
82204
82205
82208
82209
82210
82211
82212
82213
82214
82215
82216
82217
82218
82219
82221
82222
82223
82224
82226
82230
82231
82232
82233
82235
82236
82238
82239
82240
82241
82242
82244
82245
82246
82247
82249
82250
82252
82254
82255
82256
82258
82259
82261
82262
82263
82265
82266
82267
82268
82269
82270
82271
82273
82274
82276
82277
82278
82280
82281
82282
82283
82284
82285
82287
82288
82289
82291
82292
82293
82294
82296
82299
82300
82301
82302
82303
82304
82305
82306
82307
82308
82309
82310
82312
82313
82314
82315
82317
82319
82320
82321
82322
82325
82326
82327
82328
82329
82330
82331
82332
82333
82335
82336
82337
82338
82339
82341
82342
82343
82344
82345
82346
82347
82348
82349
82350
82351
82352
82353
82354
82356
82357
82358
82360
82361
82362
82364
82365
82366
82367
82369
82370
82371
82372
82373
82374
82375
82376
82378
82379
82380
82381
82383
82384
82385
82386
82387
82388
82389
82390
82391
82392
82393
82394
82396
82399
82400
82401
82402
82403
82404
82406
82407
82408
82409
82410
82411
82412
82413
82414
82415
82416
82417
82418
82419
82420
82421
82422
82423
82424
82425
82427
82429
82430
82433
82434
82435
82436
82437
82438
82439
82440
82441
82442
82443
82445
82446
82448
82449
82450
82451
82452
82453
82456
82457
82458
82460
82462
82463
82465
82466
82467
82468
82469
82470
82471
82472
82473
82474
82475
82476
82477
82478
82479
82481
82482
82483
82484
82486
82487
82488
82489
82490
82491
82492
82493
82494
82495
82498
82499
82500
82502
82503
82504
82506
82507
82508
82509
82510
82511
82512
82514
82516
82517
82518
82521
82522
82523
82524
82527
82528
82529
82530
82532
82533
82534
82535
82536
82538
82539
82540
82541
82542
82543
82545
82547
82548
82549
82550
82551
82552
82553
82556
82557
82559
82560
82561
82564
82565
82566
82569
82570
82571
82572
82574
82575
82576
82577
82578
82579
82580
82581
82582
82583
82584
82585
82587
82588
82589
82590
82591
82592
82593
82594
82595
82596
82597
82598
82599
82600
82601
82603
82604
82605
82606
82607
82608
82609
82610
82611
82613
82614
82617
82618
82619
82620
82621
82622
82623
82624
82625
82626
82627
82628
82629
82631
82632
82633
82634
82635
82636
82638
82639
82640
82641
82642
82645
82646
82647
82648
82649
82650
82652
82654
82655
82656
82657
82658
82659
82660
82661
82662
82663
82664
82665
82666
82667
82668
82669
82670
82671
82673
82675
82676
82677
82678
82679
82681
82682
82683
82684
82688
82689
82690
82691
82692
82694
82695
82696
82697
82700
82701
82703
82705
82706
82707
82708
82709
82710
82711
82713
82715
82716
82718
82719
82720
82722
82723
82724
82725
82726
82727
82728
82730
82731
82733
82734
82735
82736
82737
82738
82739
82740
82741
82742
82743
82744
82745
82746
82748
82750
82751
82752
82754
82755
82757
82758
82760
82761
82762
82763
82764
82765
82766
82767
82768
82769
82770
82771
82772
82774
82775
82776
82777
82778
82779
82780
82781
82783
82784
82786
82787
82788
82789
82790
82791
82792
82793
82794
82795
82796
82797
82798
82801
82803
82804
82805
82806
82807
82809
82810
82811
82812
82813
82814
82815
82817
82818
82820
82821
82822
82823
82824
82825
82826
82827
82828
82829
82830
82831
82834
82835
82836
82837
82838
82839
82840
82843
82844
82845
82847
82848
82849
82851
82852
82853
82854
82856
82857
82859
82860
82861
82862
82863
82864
82865
82866
82867
82869
82871
82872
82873
82874
82875
82876
82877
82879
82880
82881
82882
82883
82884
82886
82887
82888
82889
82890
82893
82894
82895
82896
82897
82901
82904
82906
82909
82910
82911
82913
82914
82917
82918
82919
82920
82923
82924
82925
82927
82929
82931
82932
82933
82934
82935
82936
82940
82941
82942
82945
82946
82947
82948
82949
82950
82952
82953
82957
82958
82960
82961
82962
82963
82964
82965
82967
82968
82969
82970
82971
82973
82974
82976
82979
82981
82982
82983
82984
82985
82986
82988
82989
82992
82993
82994
82995
82997
82998
82999
83000
83001
83002
83003
83005
83006
83007
83008
83009
83010
83012
83013
83014
83015
83016
83017
83018
83020
83021
83022
83023
83024
83025
83026
83027
83028
83029
83030
83031
83032
83033
83034
83035
83036
83037
83038
83039
83040
83041
83042
83043
83044
83046
83047
83048
83049
83050
83051
83053
83054
83055
83057
83058
83059
83060
83061
83062
83063
83064
83065
83066
83068
83070
83071
83072
83074
83075
83078
83079
83083
83085
83086
83087
83088
83089
83091
83092
83093
83094
83095
83096
83097
83100
83101
83102
83103
83104
83105
83107
83108
83109
83110
83111
83112
83115
83116
83117
83118
83119
83120
83121
83122
83124
83125
83128
83129
83130
83132
83134
83135
83136
83137
83139
83140
83141
83142
83144
83145
83147
83148
83149
83150
83151
83152
83153
83154
83155
83156
83157
83158
83159
83160
83161
83162
83163
83164
83165
83168
83169
83170
83171
83172
83173
83174
83175
83176
83177
83178
83179
83180
83181
83182
83183
83184
83187
83189
83190
83192
83193
83194
83195
83196
83197
83198
83199
83200
83202
83203
83204
83206
83207
83209
83210
83211
83213
83215
83216
83217
83218
83221
83222
83224
83225
83227
83228
83230
83231
83232
83234
83235
83236
83237
83238
83239
83240
83242
83243
83244
83246
83247
83248
83249
83250
83251
83252
83253
83254
83255
83256
83257
83258
83259
83260
83261
83262
83263
83265
83266
83268
83269
83270
83271
83273
83274
83276
83277
83278
83279
83280
83281
83282
83285
83286
83287
83288
83289
83291
83292
83293
83294
83295
83296
83297
83298
83299
83300
83301
83302
83303
83304
83306
83307
83308
83309
83310
83311
83313
83314
83316
83317
83318
83319
83320
83321
83323
83324
83325
83326
83327
83328
83329
83330
83332
83333
83334
83335
83337
83338
83339
83340
83341
83343
83344
83346
83347
83348
83349
83350
83351
83352
83353
83355
83356
83357
83358
83360
83362
83363
83364
83365
83366
83367
83368
83369
83370
83371
83373
83375
83376
83377
83378
83379
83380
83381
83382
83383
83384
83385
83386
83387
83388
83389
83390
83394
83395
83396
83397
83399
83400
83401
83402
83403
83404
83405
83406
83407
83408
83409
83410
83411
83412
83413
83414
83415
83416
83417
83418
83419
83420
83423
83424
83425
83426
83427
83428
83430
83431
83432
83433
83435
83436
83437
83438
83439
83442
83444
83446
83447
83448
83449
83450
83451
83452
83453
83456
83458
83459
83460
83461
83463
83464
83465
83466
83467
83470
83471
83472
83473
83474
83475
83476
83478
83479
83480
83482
83483
83488
83489
83490
83491
83492
83494
83496
83497
83498
83499
83500
83502
83503
83504
83505
83507
83508
83510
83511
83514
83515
83518
83522
83523
83525
83526
83527
83528
83529
83530
83531
83532
83533
83534
83535
83536
83537
83538
83539
83540
83541
83542
83543
83544
83545
83547
83549
83550
83552
83555
83556
83557
83558
83559
83560
83561
83563
83564
83566
83569
83571
83572
83573
83574
83575
83576
83577
83578
83579
83580
83581
83583
83584
83585
83586
83587
83589
83590
83591
83594
83595
83596
83597
83598
83600
83601
83602
83603
83604
83606
83607
83610
83611
83612
83614
83615
83616
83618
83619
83621
83622
83623
83624
83625
83626
83627
83628
83629
83630
83631
83633
83634
83635
83636
83637
83638
83640
83641
83642
83643
83644
83645
83646
83647
83648
83649
83650
83651
83653
83654
83656
83657
83658
83659
83660
83661
83664
83665
83666
83667
83668
83669
83670
83671
83672
83673
83674
83675
83676
83677
83678
83679
83680
83681
83682
83684
83685
83686
83687
83688
83689
83690
83692
83693
83694
83695
83696
83697
83699
83700
83701
83702
83703
83704
83705
83706
83707
83709
83710
83713
83715
83716
83717
83718
83719
83720
83721
83722
83723
83724
83725
83726
83727
83730
83731
83732
83733
83734
83735
83736
83737
83738
83740
83741
83742
83744
83745
83746
83747
83748
83749
83751
83752
83753
83754
83755
83756
83759
83760
83761
83762
83763
83764
83766
83767
83768
83769
83770
83771
83772
83773
83774
83776
83777
83779
83780
83781
83783
83785
83786
83787
83788
83789
83790
83791
83792
83794
83795
83796
83798
83799
83801
83802
83804
83805
83807
83809
83810
83811
83812
83813
83815
83816
83817
83818
83819
83820
83821
83825
83826
83827
83828
83829
83830
83831
83832
83833
83834
83835
83836
83837
83838
83839
83840
83842
83843
83844
83845
83846
83847
83850
83851
83852
83854
83855
83856
83857
83859
83860
83861
83862
83863
83864
83865
83866
83868
83869
83872
83873
83874
83875
83877
83878
83880
83881
83882
83883
83884
83885
83886
83888
83890
83891
83892
83893
83894
83895
83896
83897
83898
83899
83900
83901
83903
83904
83905
83907
83908
83909
83910
83911
83912
83913
83914
83915
83916
83917
83919
83920
83922
83923
83924
83925
83926
83927
83928
83930
83931
83933
83935
83936
83937
83938
83939
83940
83941
83942
83945
83946
83948
83949
83950
83953
83954
83955
83956
83957
83958
83959
83960
83961
83962
83963
83964
83965
83966
83967
83968
83969
83970
83972
83973
83976
83978
83979
83980
83981
83983
83984
83985
83987
83988
83989
83990
83992
83993
83994
83995
83996
83997
83998
83999
84000
84001
84002
84003
84004
84005
84006
84007
84009
84010
84011
84013
84015
84016
84017
84018
84019
84020
84021
84022
84024
84025
84026
84028
84029
84030
84031
84032
84033
84034
84035
84036
84038
84039
84041
84042
84043
84044
84045
84046
84047
84049
84050
84051
84052
84053
84054
84055
84057
84058
84059
84060
84061
84062
84063
84064
84066
84067
84068
84070
84073
84075
84077
84078
84080
84081
84082
84083
84084
84085
84087
84088
84089
84090
84091
84092
84093
84094
84096
84097
84098
84099
84100
84102
84103
84104
84105
84107
84108
84111
84112
84113
84114
84115
84116
84117
84118
84119
84120
84121
84122
84123
84124
84125
84126
84127
84128
84129
84131
84132
84133
84136
84138
84140
84141
84143
84144
84145
84146
84147
84148
84149
84150
84151
84153
84154
84155
84156
84158
84159
84161
84162
84165
84166
84167
84168
84169
84170
84171
84172
84173
84174
84175
84177
84178
84179
84180
84181
84182
84183
84184
84187
84188
84190
84191
84192
84193
84195
84196
84198
84200
84202
84204
84205
84206
84207
84208
84210
84211
84213
84214
84215
84216
84217
84218
84219
84220
84221
84223
84224
84226
84227
84229
84230
84231
84232
84233
84235
84236
84237
84238
84240
84241
84242
84245
84246
84248
84249
84251
84252
84253
84254
84255
84256
84258
84259
84260
84261
84263
84264
84265
84266
84267
84268
84269
84270
84275
84276
84278
84279
84280
84281
84283
84284
84285
84286
84287
84288
84289
84290
84291
84292
84293
84294
84295
84297
84299
84300
84303
84304
84305
84306
84307
84308
84311
84312
84313
84314
84315
84316
84317
84318
84319
84320
84321
84322
84324
84325
84326
84327
84328
84329
84330
84332
84333
84334
84335
84336
84337
84338
84339
84340
84341
84342
84343
84344
84345
84346
84347
84348
84349
84350
84351
84352
84353
84354
84355
84356
84358
84359
84360
84361
84363
84365
84366
84367
84368
84369
84370
84371
84372
84373
84374
84375
84376
84377
84378
84379
84380
84382
84383
84385
84386
84388
84389
84392
84393
84394
84395
84398
84400
84401
84402
84403
84404
84405
84406
84407
84409
84410
84411
84412
84413
84414
84415
84417
84420
84421
84423
84424
84427
84428
84429
84430
84431
84432
84434
84435
84437
84438
84439
84440
84442
84444
84446
84447
84449
84451
84453
84454
84455
84456
84458
84459
84460
84461
84462
84463
84465
84467
84468
84471
84472
84475
84479
84480
84482
84483
84484
84486
84487
84488
84489
84490
84491
84492
84493
84495
84496
84498
84499
84500
84501
84502
84503
84504
84505
84506
84507
84509
84511
84512
84514
84515
84516
84517
84518
84519
84520
84521
84522
84523
84524
84525
84526
84527
84528
84530
84531
84534
84535
84537
84538
84539
84542
84543
84544
84546
84547
84549
84551
84552
84553
84555
84556
84557
84558
84559
84560
84561
84562
84563
84564
84565
84566
84568
84569
84570
84571
84573
84574
84575
84578
84579
84580
84581
84583
84584
84585
84586
84587
84588
84590
84593
84594
84596
84597
84598
84599
84600
84601
84602
84603
84604
84605
84606
84607
84608
84610
84611
84613
84614
84615
84616
84617
84618
84620
84621
84622
84623
84624
84626
84627
84628
84629
84630
84631
84632
84633
84636
84638
84639
84641
84645
84647
84648
84649
84650
84651
84652
84653
84654
84656
84657
84659
84662
84663
84666
84667
84668
84669
84672
84674
84675
84676
84677
84678
84679
84680
84683
84684
84685
84687
84688
84689
84690
84692
84693
84694
84695
84696
84699
84700
84701
84702
84703
84704
84705
84706
84708
84711
84712
84713
84719
84723
84724
84725
84726
84729
84730
84731
84732
84733
84734
84737
84738
84739
84740
84741
84742
84743
84747
84750
84751
84752
84753
84754
84756
84757
84758
84759
84760
84761
84763
84764
84765
84767
84768
84769
84771
84772
84773
84774
84775
84776
84777
84778
84780
84781
84782
84783
84785
84786
84790
84792
84793
84794
84795
84797
84798
84799
84800
84802
84803
84804
84805
84806
84807
84808
84809
84811
84812
84813
84814
84816
84819
84820
84821
84822
84824
84825
84827
84829
84830
84831
84832
84834
84835
84836
84837
84838
84840
84841
84842
84844
84845
84847
84848
84849
84850
84851
84852
84853
84854
84855
84856
84857
84858
84859
84860
84861
84862
84863
84864
84865
84866
84867
84868
84869
84870
84871
84872
84873
84876
84877
84879
84880
84881
84882
84883
84884
84885
84886
84887
84888
84893
84894
84895
84896
84897
84898
84899
84900
84902
84903
84904
84905
84908
84910
84911
84912
84913
84914
84915
84916
84917
84918
84920
84921
84922
84923
84924
84925
84927
84928
84929
84931
84935
84936
84937
84938
84939
84940
84942
84945
84946
84949
84950
84951
84952
84953
84955
84956
84957
84958
84960
84961
84962
84963
84965
84966
84967
84968
84970
84971
84973
84975
84977
84978
84979
84980
84981
84983
84984
84985
84986
84987
84988
84989
84990
84991
84992
84993
84994
84995
84996
84997
84998
84999
85000
85001
85002
85003
85004
85005
85006
85009
85010
85011
85012
85013
85014
85015
85017
85018
85019
85020
85021
85022
85024
85025
85026
85030
85032
85033
85034
85035
85036
85038
85039
85041
85042
85043
85044
85046
85047
85048
85049
85050
85051
85052
85053
85054
85055
85057
85058
85059
85060
85062
85063
85064
85066
85067
85068
85069
85070
85071
85072
85073
85074
85075
85076
85077
85078
85079
85081
85082
85083
85084
85085
85087
85088
85089
85090
85091
85092
85093
85094
85095
85096
85097
85098
85099
85100
85101
85102
85103
85104
85106
85107
85108
85109
85110
85112
85113
85114
85115
85117
85118
85119
85120
85121
85122
85124
85125
85126
85127
85128
85129
85130
85131
85132
85133
85134
85135
85136
85137
85138
85139
85141
85142
85143
85145
85146
85147
85148
85149
85150
85151
85153
85155
85156
85157
85158
85159
85160
85161
85162
85165
85166
85167
85168
85169
85170
85171
85172
85173
85174
85176
85177
85178
85179
85180
85182
85184
85185
85186
85188
85190
85191
85192
85193
85194
85195
85196
85197
85198
85199
85200
85201
85202
85203
85204
85205
85206
85207
85208
85209
85211
85212
85215
85216
85217
85218
85219
85220
85221
85223
85224
85225
85226
85228
85229
85230
85231
85233
85234
85235
85237
85239
85240
85241
85242
85243
85244
85245
85246
85247
85250
85251
85253
85254
85255
85256
85257
85258
85259
85260
85261
85262
85263
85264
85265
85268
85269
85270
85271
85272
85273
85274
85275
85276
85277
85278
85279
85281
85282
85283
85285
85287
85290
85291
85292
85293
85294
85296
85297
85298
85299
85301
85302
85303
85304
85306
85307
85308
85309
85310
85311
85312
85313
85315
85316
85318
85320
85322
85324
85325
85326
85327
85328
85329
85330
85331
85332
85333
85334
85335
85336
85337
85340
85341
85342
85343
85344
85345
85346
85348
85349
85350
85351
85352
85355
85356
85358
85359
85360
85361
85362
85363
85364
85368
85369
85370
85371
85372
85373
85374
85375
85376
85379
85381
85382
85384
85385
85386
85387
85388
85389
85390
85391
85392
85393
85394
85395
85396
85397
85398
85399
85400
85401
85402
85405
85406
85407
85408
85409
85410
85411
85412
85413
85414
85415
85417
85420
85421
85422
85423
85424
85425
85426
85427
85428
85430
85431
85432
85433
85434
85435
85436
85438
85440
85441
85442
85444
85445
85447
85448
85449
85450
85451
85452
85453
85454
85455
85456
85457
85459
85460
85461
85462
85463
85464
85465
85466
85467
85468
85469
85471
85472
85473
85474
85478
85479
85480
85481
85483
85484
85485
85486
85487
85489
85490
85492
85493
85494
85496
85498
85499
85500
85501
85502
85504
85506
85507
85508
85509
85511
85512
85513
85515
85516
85518
85520
85521
85523
85524
85525
85526
85528
85530
85532
85533
85534
85535
85536
85537
85538
85540
85541
85542
85543
85544
85545
85546
85547
85548
85549
85550
85551
85552
85553
85554
85555
85556
85558
85559
85560
85561
85562
85563
85564
85565
85566
85567
85568
85570
85572
85574
85575
85576
85577
85579
85580
85581
85582
85584
85585
85586
85587
85588
85589
85590
85591
85592
85593
85594
85595
85599
85600
85602
85603
85604
85607
85609
85610
85611
85613
85614
85618
85619
85621
85622
85625
85626
85627
85628
85629
85630
85631
85633
85634
85635
85636
85638
85640
85641
85642
85644
85645
85646
85647
85648
85649
85650
85651
85652
85653
85654
85655
85656
85658
85659
85660
85661
85662
85663
85664
85665
85667
85668
85669
85670
85671
85674
85675
85677
85678
85680
85682
85684
85685
85686
85687
85688
85689
85691
85692
85693
85694
85696
85697
85698
85699
85700
85701
85702
85704
85705
85706
85707
85708
85709
85710
85711
85712
85713
85714
85715
85716
85717
85718
85719
85720
85722
85724
85725
85726
85727
85730
85731
85732
85733
85734
85736
85737
85738
85741
85742
85743
85744
85745
85746
85748
85751
85752
85753
85754
85755
85756
85757
85758
85760
85761
85762
85764
85765
85766
85767
85768
85769
85770
85771
85772
85774
85775
85777
85778
85779
85780
85781
85782
85783
85785
85786
85787
85788
85790
85791
85792
85793
85794
85795
85796
85797
85798
85800
85801
85803
85805
85807
85808
85809
85810
85812
85814
85815
85816
85818
85819
85820
85821
85822
85824
85825
85826
85828
85829
85830
85833
85834
85835
85836
85837
85838
85839
85841
85842
85843
85844
85845
85846
85847
85848
85849
85850
85851
85852
85853
85854
85855
85856
85857
85858
85859
85860
85861
85862
85863
85865
85867
85868
85869
85871
85872
85873
85874
85875
85876
85877
85878
85879
85880
85882
85883
85884
85885
85887
85888
85889
85890
85891
85892
85893
85894
85896
85897
85899
85900
85902
85904
85905
85906
85907
85908
85909
85910
85911
85913
85914
85915
85916
85918
85919
85920
85921
85922
85923
85924
85925
85926
85927
85928
85929
85930
85931
85932
85933
85934
85935
85936
85937
85938
85939
85940
85942
85944
85945
85946
85947
85948
85949
85951
85952
85953
85954
85955
85956
85958
85959
85960
85961
85962
85963
85964
85965
85966
85967
85968
85969
85970
85971
85972
85973
85974
85977
85980
85981
85982
85983
85984
85985
85987
85988
85989
85990
85991
85992
85995
85996
85997
85998
85999
86000
86001
86002
86003
86005
86006
86008
86009
86010
86011
86012
86013
86014
86017
86019
86021
86022
86023
86024
86025
86026
86027
86028
86029
86030
86031
86032
86033
86035
86036
86038
86040
86041
86042
86043
86044
86046
86048
86049
86050
86051
86052
86053
86054
86056
86057
86058
86059
86060
86061
86063
86065
86066
86067
86068
86069
86070
86071
86073
86074
86075
86076
86078
86079
86081
86082
86083
86084
86085
86086
86087
86088
86089
86091
86092
86093
86094
86095
86096
86098
86099
86100
86101
86102
86103
86104
86106
86107
86109
86110
86111
86112
86113
86114
86117
86119
86123
86125
86126
86127
86128
86129
86130
86131
86132
86135
86137
86138
86139
86140
86141
86142
86144
86146
86148
86149
86150
86152
86154
86155
86156
86157
86158
86159
86160
86161
86162
86163
86164
86165
86166
86167
86168
86171
86172
86173
86174
86175
86177
86178
86179
86180
86181
86182
86183
86185
86186
86187
86188
86189
86190
86191
86193
86194
86195
86197
86198
86200
86203
86204
86205
86206
86207
86208
86209
86211
86212
86213
86215
86216
86217
86218
86220
86221
86222
86223
86224
86225
86226
86228
86229
86230
86231
86232
86233
86234
86235
86237
86238
86239
86240
86241
86242
86243
86244
86246
86247
86248
86249
86250
86251
86252
86253
86255
86256
86257
86259
86260
86262
86263
86264
86266
86267
86268
86269
86271
86273
86275
86276
86277
86278
86279
86280
86281
86282
86283
86284
86285
86287
86288
86290
86291
86293
86295
86296
86297
86298
86299
86300
86301
86302
86303
86304
86305
86306
86307
86308
86309
86310
86311
86312
86314
86315
86316
86317
86318
86319
86320
86322
86323
86324
86326
86327
86328
86330
86331
86332
86333
86336
86337
86339
86341
86342
86345
86346
86347
86349
86350
86351
86352
86353
86355
86356
86357
86358
86359
86360
86361
86362
86363
86367
86368
86369
86371
86373
86374
86375
86378
86381
86382
86383
86385
86386
86387
86388
86390
86391
86392
86393
86394
86395
86396
86397
86398
86399
86402
86404
86405
86406
86407
86408
86409
86410
86411
86413
86414
86415
86417
86418
86419
86420
86421
86422
86423
86424
86426
86427
86430
86431
86432
86434
86435
86436
86437
86438
86439
86440
86441
86442
86444
86445
86446
86447
86449
86450
86451
86452
86453
86454
86455
86456
86457
86458
86459
86460
86461
86462
86464
86465
86466
86467
86469
86470
86471
86474
86475
86476
86477
86478
86480
86481
86482
86483
86484
86485
86486
86487
86488
86489
86490
86492
86493
86494
86495
86496
86497
86498
86500
86501
86502
86503
86504
86506
86507
86509
86510
86512
86513
86515
86516
86517
86519
86524
86525
86526
86528
86529
86530
86531
86532
86533
86535
86536
86537
86539
86540
86541
86542
86543
86545
86547
86548
86550
86551
86552
86553
86554
86555
86556
86557
86558
86559
86561
86562
86563
86564
86565
86566
86567
86568
86569
86571
86572
86574
86575
86576
86578
86579
86580
86581
86583
86584
86585
86586
86588
86589
86590
86591
86592
86593
86594
86595
86596
86597
86598
86599
86600
86601
86603
86604
86605
86606
86607
86609
86611
86612
86613
86614
86616
86617
86618
86619
86620
86621
86623
86624
86625
86626
86627
86628
86629
86632
86633
86634
86637
86638
86639
86640
86642
86643
86644
86645
86647
86648
86649
86650
86651
86652
86653
86654
86656
86658
86659
86660
86661
86663
86665
86666
86667
86668
86669
86670
86672
86673
86674
86676
86677
86678
86679
86680
86681
86682
86683
86684
86685
86686
86687
86688
86689
86690
86691
86692
86693
86694
86696
86698
86699
86700
86701
86702
86703
86704
86705
86706
86707
86709
86710
86712
86713
86714
86716
86718
86719
86720
86721
86722
86723
86726
86727
86728
86729
86730
86732
86733
86734
86735
86736
86737
86738
86739
86741
86742
86743
86744
86745
86747
86748
86749
86752
86753
86754
86755
86757
86758
86759
86760
86761
86762
86765
86766
86768
86769
86770
86772
86773
86774
86775
86777
86778
86781
86782
86783
86784
86785
86786
86788
86789
86790
86791
86792
86793
86794
86795
86796
86797
86798
86799
86800
86801
86802
86803
86804
86805
86807
86808
86810
86812
86814
86815
86816
86817
86818
86819
86820
86821
86822
86823
86826
86828
86831
86832
86833
86834
86835
86837
86838
86839
86840
86841
86842
86843
86845
86846
86847
86848
86849
86850
86852
86854
86857
86858
86859
86860
86861
86862
86863
86864
86865
86866
86867
86868
86869
86871
86873
86874
86875
86876
86877
86878
86879
86880
86881
86882
86883
86884
86885
86886
86887
86888
86889
86890
86892
86893
86894
86895
86896
86897
86898
86899
86900
86901
86903
86904
86905
86906
86907
86910
86911
86913
86914
86915
86917
86918
86919
86920
86921
86922
86923
86924
86925
86927
86928
86929
86930
86931
86932
86933
86934
86935
86936
86937
86938
86939
86940
86941
86942
86943
86944
86945
86946
86947
86949
86950
86951
86952
86953
86954
86955
86956
86958
86959
86960
86961
86962
86963
86964
86965
86966
86968
86969
86970
86971
86972
86973
86974
86975
86976
86977
86978
86979
86980
86983
86984
86985
86986
86987
86988
86989
86991
86992
86993
86994
86995
86996
86998
86999
87000
87001
87002
87003
87004
87005
87007
87008
87009
87010
87012
87013
87014
87015
87016
87017
87018
87019
87021
87022
87023
87024
87025
87026
87027
87028
87029
87031
87032
87034
87035
87036
87037
87038
87039
87040
87041
87042
87043
87044
87045
87046
87047
87048
87049
87050
87051
87052
87053
87054
87055
87056
87057
87058
87060
87061
87062
87063
87065
87067
87068
87069
87070
87071
87072
87073
87074
87075
87077
87078
87079
87080
87081
87082
87083
87084
87085
87086
87087
87089
87090
87091
87092
87093
87094
87095
87096
87097
87099
87100
87101
87102
87103
87104
87105
87107
87108
87109
87111
87112
87113
87114
87118
87119
87120
87121
87122
87123
87124
87125
87126
87127
87128
87130
87131
87133
87134
87135
87136
87137
87138
87139
87140
87141
87142
87143
87144
87145
87146
87148
87149
87151
87152
87153
87154
87155
87156
87158
87159
87161
87162
87163
87164
87165
87167
87168
87169
87170
87176
87177
87180
87182
87183
87184
87185
87186
87187
87188
87189
87191
87192
87193
87194
87196
87198
87199
87200
87201
87202
87203
87204
87207
87208
87209
87210
87211
87212
87213
87214
87215
87216
87217
87218
87219
87220
87222
87223
87224
87225
87226
87227
87228
87229
87230
87231
87232
87233
87234
87235
87236
87237
87238
87239
87240
87243
87244
87245
87248
87249
87251
87252
87253
87254
87255
87258
87259
87260
87261
87262
87263
87264
87265
87267
87269
87270
87271
87273
87274
87276
87277
87279
87280
87281
87282
87284
87285
87286
87287
87288
87289
87290
87291
87292
87293
87294
87295
87296
87297
87298
87299
87300
87301
87302
87304
87305
87306
87307
87309
87310
87312
87315
87316
87318
87319
87320
87321
87324
87325
87327
87328
87329
87331
87332
87333
87334
87335
87337
87338
87340
87341
87343
87344
87345
87346
87347
87348
87349
87350
87352
87353
87354
87355
87356
87357
87358
87360
87361
87362
87365
87366
87367
87368
87369
87370
87371
87372
87373
87374
87375
87376
87377
87380
87381
87383
87384
87385
87386
87387
87388
87389
87390
87391
87392
87393
87394
87395
87396
87397
87398
87399
87401
87402
87403
87404
87406
87407
87408
87409
87411
87412
87414
87415
87418
87420
87421
87422
87424
87425
87426
87427
87428
87431
87434
87435
87436
87437
87440
87441
87445
87446
87447
87448
87449
87450
87451
87452
87453
87455
87456
87457
87458
87459
87460
87461
87462
87463
87466
87467
87468
87469
87471
87472
87473
87474
87475
87477
87478
87479
87480
87481
87482
87483
87484
87485
87486
87487
87488
87489
87491
87492
87493
87494
87495
87496
87497
87498
87499
87501
87503
87504
87505
87507
87508
87509
87510
87511
87514
87515
87516
87517
87518
87519
87520
87521
87523
87524
87525
87527
87529
87530
87531
87532
87534
87535
87536
87537
87538
87540
87541
87542
87544
87545
87548
87549
87550
87551
87552
87553
87555
87556
87557
87558
87559
87560
87561
87563
87564
87566
87569
87570
87571
87573
87574
87575
87576
87577
87580
87581
87583
87585
87587
87588
87589
87590
87591
87592
87594
87595
87596
87597
87598
87599
87601
87602
87603
87605
87607
87608
87610
87611
87612
87613
87614
87615
87616
87617
87618
87620
87621
87622
87626
87627
87628
87629
87630
87631
87632
87633
87634
87635
87636
87637
87638
87640
87642
87645
87646
87647
87648
87649
87650
87651
87652
87653
87654
87655
87657
87658
87659
87660
87661
87662
87663
87664
87665
87666
87669
87670
87671
87674
87675
87676
87677
87678
87679
87680
87681
87683
87684
87685
87686
87688
87689
87690
87691
87692
87693
87696
87697
87698
87699
87700
87701
87702
87704
87705
87708
87711
87712
87713
87714
87717
87718
87720
87721
87723
87724
87726
87727
87728
87729
87730
87731
87732
87733
87734
87735
87736
87738
87739
87741
87742
87743
87744
87745
87746
87747
87750
87752
87753
87754
87755
87758
87760
87761
87762
87763
87764
87765
87766
87767
87768
87769
87770
87771
87772
87774
87776
87777
87780
87781
87782
87783
87785
87786
87787
87788
87789
87790
87791
87793
87794
87796
87797
87798
87799
87800
87801
87802
87803
87805
87806
87808
87809
87810
87812
87813
87814
87815
87816
87817
87818
87820
87821
87823
87824
87825
87827
87830
87831
87832
87833
87834
87835
87836
87837
87839
87840
87842
87844
87845
87846
87847
87848
87849
87850
87851
87852
87853
87854
87856
87857
87858
87859
87860
87861
87862
87863
87864
87865
87866
87868
87872
87874
87875
87876
87877
87878
87879
87880
87881
87884
87885
87887
87889
87891
87892
87893
87894
87895
87896
87897
87898
87900
87901
87902
87903
87904
87906
87907
87908
87909
87910
87911
87912
87913
87914
87915
87916
87917
87918
87919
87920
87921
87925
87926
87928
87929
87931
87932
87933
87934
87935
87936
87937
87938
87939
87940
87941
87942
87943
87944
87945
87946
87947
87948
87949
87950
87951
87954
87955
87957
87958
87959
87961
87963
87964
87966
87968
87969
87970
87971
87972
87974
87975
87976
87977
87978
87979
87981
87982
87983
87985
87987
87988
87989
87992
87993
87994
87998
87999
88000
88001
88002
88003
88005
88006
88007
88009
88011
88012
88014
88015
88016
88018
88019
88020
88021
88022
88023
88024
88025
88026
88028
88029
88030
88031
88032
88033
88035
88037
88039
88041
88042
88044
88045
88046
88047
88049
88050
88051
88052
88053
88054
88056
88057
88058
88059
88060
88061
88062
88063
88065
88066
88067
88068
88069
88070
88071
88073
88074
88075
88076
88077
88078
88079
88080
88082
88083
88084
88085
88087
88088
88089
88092
88093
88095
88096
88097
88099
88100
88101
88102
88103
88104
88105
88106
88107
88108
88109
88111
88112
88113
88114
88115
88116
88117
88118
88119
88120
88122
88123
88124
88125
88126
88127
88131
88133
88134
88135
88136
88137
88139
88140
88141
88143
88145
88147
88148
88149
88150
88151
88152
88154
88155
88158
88159
88160
88161
88162
88163
88165
88166
88167
88168
88169
88170
88171
88174
88175
88176
88177
88178
88179
88180
88181
88184
88187
88188
88189
88190
88191
88192
88195
88196
88197
88199
88201
88203
88204
88206
88207
88208
88209
88210
88211
88212
88213
88215
88217
88219
88220
88221
88222
88223
88224
88226
88228
88229
88230
88231
88232
88233
88234
88235
88236
88237
88238
88239
88240
88241
88242
88244
88245
88246
88248
88249
88250
88252
88253
88254
88255
88256
88258
88260
88262
88263
88264
88265
88266
88267
88269
88270
88271
88272
88275
88276
88277
88280
88281
88283
88284
88285
88286
88287
88288
88289
88290
88291
88292
88293
88294
88296
88297
88298
88299
88301
88302
88303
88305
88306
88307
88309
88310
88311
88312
88313
88314
88315
88316
88317
88318
88319
88320
88321
88322
88323
88324
88326
88327
88328
88329
88330
88332
88333
88334
88335
88336
88338
88339
88340
88342
88343
88344
88346
88347
88348
88349
88350
88352
88354
88355
88356
88357
88358
88359
88360
88361
88362
88363
88364
88365
88366
88368
88369
88370
88371
88372
88373
88376
88380
88381
88382
88385
88386
88387
88388
88389
88390
88391
88393
88394
88397
88399
88400
88401
88402
88403
88404
88406
88407
88409
88410
88411
88412
88413
88414
88415
88416
88417
88418
88419
88420
88421
88422
88424
88426
88427
88430
88431
88432
88433
88434
88436
88438
88439
88440
88441
88442
88443
88444
88446
88447
88448
88450
88451
88453
88454
88455
88456
88457
88458
88459
88460
88462
88464
88465
88467
88468
88469
88470
88471
88472
88473
88474
88475
88476
88479
88480
88481
88482
88483
88484
88485
88486
88487
88488
88489
88490
88491
88492
88493
88494
88495
88496
88497
88498
88499
88501
88503
88505
88506
88507
88508
88509
88510
88511
88513
88514
88516
88517
88518
88520
88521
88522
88523
88524
88525
88526
88527
88530
88531
88532
88533
88534
88535
88536
88537
88538
88539
88542
88543
88545
88546
88547
88549
88550
88552
88553
88555
88556
88557
88558
88559
88560
88561
88562
88563
88564
88565
88566
88567
88569
88570
88572
88573
88574
88575
88576
88577
88578
88579
88580
88581
88582
88583
88585
88586
88587
88588
88589
88590
88592
88593
88594
88595
88596
88597
88598
88599
88602
88603
88604
88605
88606
88607
88608
88609
88611
88612
88613
88615
88616
88618
88619
88620
88621
88623
88625
88626
88627
88628
88630
88632
88633
88636
88638
88640
88641
88642
88644
88645
88646
88647
88648
88649
88650
88651
88653
88654
88657
88658
88659
88660
88661
88662
88663
88664
88665
88666
88667
88668
88669
88671
88672
88676
88677
88678
88680
88681
88682
88683
88684
88685
88686
88687
88688
88689
88690
88691
88692
88693
88695
88696
88697
88698
88699
88700
88701
88702
88703
88705
88706
88707
88708
88709
88710
88711
88712
88713
88714
88715
88716
88719
88720
88721
88722
88723
88724
88726
88727
88728
88729
88730
88731
88734
88735
88736
88737
88738
88739
88740
88741
88742
88743
88745
88746
88748
88750
88751
88752
88753
88754
88755
88756
88758
88759
88760
88761
88762
88763
88765
88767
88768
88769
88771
88772
88773
88774
88775
88776
88777
88778
88779
88780
88781
88782
88783
88785
88786
88787
88789
88790
88791
88792
88793
88794
88795
88796
88798
88799
88800
88801
88802
88804
88805
88807
88808
88809
88810
88811
88812
88813
88814
88815
88817
88818
88819
88820
88821
88822
88823
88825
88826
88828
88830
88831
88832
88833
88835
88836
88837
88839
88840
88841
88843
88844
88845
88846
88847
88848
88849
88850
88851
88852
88853
88854
88855
88856
88857
88858
88859
88860
88861
88862
88863
88864
88865
88866
88867
88868
88869
88871
88872
88873
88874
88875
88878
88880
88882
88883
88885
88886
88887
88888
88889
88890
88891
88892
88893
88894
88895
88896
88897
88899
88900
88901
88902
88904
88906
88908
88910
88911
88913
88914
88915
88916
88918
88920
88921
88922
88924
88925
88926
88927
88928
88930
88931
88933
88934
88936
88937
88938
88940
88941
88944
88945
88947
88948
88949
88950
88951
88954
88955
88957
88958
88959
88961
88964
88966
88967
88968
88969
88972
88973
88974
88976
88977
88978
88979
88980
88981
88982
88983
88984
88985
88986
88990
88991
88992
88993
88994
88996
88997
88998
89000
89001
89003
89004
89005
89006
89007
89010
89011
89012
89016
89017
89019
89020
89021
89022
89023
89024
89025
89026
89027
89028
89029
89030
89031
89032
89033
89034
89035
89037
89038
89039
89040
89042
89043
89044
89045
89046
89047
89048
89049
89051
89052
89053
89054
89055
89056
89057
89058
89060
89061
89062
89064
89066
89067
89070
89071
89072
89073
89074
89075
89076
89080
89082
89083
89084
89085
89086
89087
89089
89090
89091
89093
89094
89095
89096
89098
89099
89100
89101
89103
89104
89105
89106
89108
89110
89111
89112
89113
89114
89115
89116
89118
89119
89120
89121
89122
89125
89126
89127
89128
89129
89131
89132
89133
89134
89135
89136
89137
89138
89139
89140
89141
89142
89143
89144
89147
89148
89149
89150
89151
89153
89154
89156
89157
89158
89159
89161
89162
89163
89164
89165
89166
89167
89168
89169
89170
89171
89172
89173
89174
89175
89177
89178
89179
89181
89182
89183
89184
89185
89186
89188
89189
89191
89192
89193
89194
89195
89196
89197
89198
89199
89200
89201
89202
89204
89205
89206
89207
89208
89209
89210
89211
89213
89214
89215
89216
89217
89218
89219
89220
89221
89222
89223
89224
89226
89227
89228
89229
89230
89231
89232
89233
89235
89236
89237
89238
89239
89240
89241
89242
89243
89244
89245
89246
89248
89249
89250
89251
89252
89253
89256
89258
89259
89260
89261
89262
89263
89264
89265
89267
89268
89269
89270
89271
89272
89275
89276
89277
89278
89279
89280
89281
89282
89283
89284
89286
89287
89288
89289
89290
89291
89292
89294
89295
89296
89297
89298
89299
89300
89301
89302
89307
89308
89309
89310
89311
89312
89313
89314
89315
89316
89317
89318
89319
89322
89323
89325
89327
89328
89329
89330
89332
89334
89335
89336
89337
89338
89339
89340
89341
89342
89343
89344
89345
89347
89348
89349
89350
89351
89352
89353
89354
89355
89356
89357
89358
89360
89361
89362
89363
89364
89365
89367
89369
89371
89372
89373
89374
89375
89377
89378
89379
89380
89381
89384
89385
89387
89388
89390
89393
89394
89395
89396
89397
89400
89401
89402
89403
89404
89405
89406
89407
89409
89411
89412
89414
89415
89416
89418
89419
89420
89421
89424
89425
89427
89428
89429
89430
89431
89433
89435
89436
89437
89438
89439
89440
89442
89443
89444
89447
89448
89449
89450
89451
89452
89453
89455
89457
89458
89459
89460
89462
89463
89465
89466
89467
89468
89469
89470
89473
89474
89475
89476
89477
89478
89479
89481
89483
89485
89486
89487
89488
89489
89490
89491
89492
89496
89498
89499
89501
89502
89504
89505
89507
89508
89509
89510
89511
89512
89513
89514
89517
89518
89520
89521
89522
89523
89524
89525
89526
89527
89528
89529
89530
89532
89533
89535
89536
89537
89539
89541
89543
89544
89545
89547
89548
89549
89550
89551
89552
89553
89554
89555
89556
89557
89558
89559
89560
89561
89564
89565
89566
89567
89568
89569
89570
89571
89572
89573
89574
89575
89576
89577
89579
89580
89581
89582
89584
89585
89588
89589
89590
89591
89592
89593
89594
89595
89598
89599
89601
89602
89604
89605
89606
89607
89608
89609
89611
89612
89613
89614
89615
89618
89619
89620
89623
89624
89625
89626
89627
89628
89629
89631
89632
89633
89634
89638
89639
89640
89641
89642
89643
89645
89646
89648
89649
89650
89651
89652
89653
89654
89655
89656
89658
89659
89660
89661
89662
89663
89664
89665
89666
89667
89668
89669
89670
89671
89672
89673
89674
89675
89677
89678
89680
89682
89683
89685
89686
89687
89688
89689
89690
89692
89693
89694
89697
89698
89699
89700
89701
89702
89703
89704
89705
89706
89707
89709
89711
89712
89713
89714
89715
89716
89717
89718
89719
89720
89721
89722
89725
89727
89730
89732
89733
89734
89735
89736
89737
89738
89739
89740
89741
89742
89743
89744
89745
89746
89747
89748
89749
89750
89751
89753
89754
89756
89757
89758
89760
89761
89762
89763
89764
89765
89766
89767
89769
89770
89771
89772
89773
89774
89775
89776
89777
89778
89779
89780
89782
89783
89785
89786
89789
89790
89791
89793
89794
89796
89797
89800
89802
89803
89804
89805
89806
89807
89808
89809
89810
89811
89812
89814
89815
89816
89817
89819
89820
89821
89822
89823
89824
89825
89827
89828
89829
89831
89833
89834
89835
89837
89838
89839
89840
89841
89842
89843
89844
89846
89847
89849
89851
89852
89855
89856
89857
89859
89860
89861
89864
89866
89867
89868
89869
89870
89872
89873
89874
89875
89876
89877
89878
89880
89881
89883
89884
89885
89886
89887
89888
89889
89890
89891
89893
89894
89896
89900
89902
89903
89904
89905
89906
89907
89908
89910
89911
89912
89913
89914
89915
89917
89918
89919
89920
89921
89924
89925
89928
89929
89930
89933
89935
89936
89937
89938
89939
89940
89941
89942
89943
89944
89946
89947
89948
89949
89950
89952
89953
89955
89956
89957
89958
89959
89960
89961
89962
89963
89964
89965
89966
89967
89968
89969
89970
89971
89972
89973
89974
89975
89977
89978
89979
89980
89981
89983
89984
89985
89986
89987
89989
89990
89991
89992
89993
89994
89995
89996
89998
90000
90001
90003
90005
90006
90007
90008
90009
90012
90013
90014
90015
90016
90017
90018
90019
90020
90021
90023
90024
90025
90028
90029
90030
90031
90032
90034
90035
90036
90037
90038
90039
90040
90041
90042
90043
90044
90045
90046
90047
90050
90052
90054
90056
90057
90059
90060
90061
90062
90063
90064
90065
90066
90067
90068
90070
90071
90072
90073
90074
90075
90076
90077
90078
90079
90080
90081
90082
90083
90084
90085
90086
90087
90088
90089
90090
90091
90092
90094
90097
90098
90099
90102
90103
90104
90105
90107
90109
90110
90112
90113
90114
90115
90116
90119
90121
90123
90124
90125
90129
90131
90132
90133
90134
90135
90136
90137
90138
90139
90140
90141
90142
90144
90145
90148
90150
90151
90152
90154
90155
90156
90157
90158
90159
90160
90161
90162
90163
90164
90165
90166
90167
90168
90169
90170
90171
90172
90173
90175
90176
90177
90178
90179
90180
90182
90183
90184
90185
90186
90187
90188
90191
90192
90193
90194
90195
90196
90197
90198
90199
90200
90201
90202
90203
90204
90205
90206
90207
90208
90209
90210
90211
90212
90213
90214
90215
90216
90217
90218
90219
90220
90221
90223
90224
90225
90226
90228
90230
90231
90233
90234
90235
90238
90239
90240
90241
90243
90244
90245
90246
90247
90248
90249
90250
90251
90252
90254
90255
90257
90259
90261
90262
90263
90264
90265
90266
90267
90269
90270
90271
90272
90275
90276
90278
90280
90281
90282
90283
90284
90285
90286
90288
90289
90291
90292
90293
90294
90295
90296
90297
90298
90299
90300
90301
90303
90304
90305
90306
90308
90310
90311
90312
90313
90314
90315
90316
90317
90318
90319
90320
90321
90322
90324
90325
90326
90327
90329
90330
90331
90332
90333
90334
90335
90338
90339
90340
90342
90343
90344
90345
90346
90347
90348
90350
90351
90352
90353
90354
90355
90357
90359
90360
90361
90362
90364
90365
90366
90367
90368
90369
90372
90373
90374
90375
90376
90377
90378
90379
90380
90382
90383
90384
90385
90386
90387
90388
90389
90391
90392
90393
90396
90397
90398
90401
90402
90403
90404
90407
90408
90412
90413
90414
90416
90417
90418
90420
90421
90422
90424
90425
90426
90427
90428
90429
90430
90431
90433
90434
90435
90436
90437
90438
90439
90441
90442
90443
90444
90445
90447
90449
90450
90451
90452
90453
90454
90455
90456
90457
90458
90459
90460
90462
90466
90467
90468
90469
90470
90471
90472
90473
90474
90475
90476
90477
90478
90479
90480
90481
90482
90483
90484
90485
90486
90487
90488
90489
90490
90491
90492
90494
90495
90497
90498
90499
90500
90501
90503
90504
90505
90506
90507
90508
90509
90510
90511
90514
90515
90516
90517
90518
90519
90520
90522
90524
90525
90526
90528
90529
90530
90531
90532
90533
90534
90535
90536
90538
90539
90540
90541
90542
90543
90544
90545
90546
90547
90548
90549
90550
90551
90552
90553
90554
90556
90557
90559
90560
90561
90562
90564
90565
90566
90567
90568
90569
90570
90571
90572
90573
90574
90576
90577
90579
90580
90582
90583
90584
90585
90586
90587
90588
90590
90591
90592
90593
90595
90596
90597
90598
90599
90600
90601
90602
90603
90604
90605
90606
90607
90608
90610
90611
90613
90614
90615
90617
90618
90620
90621
90622
90623
90625
90627
90628
90630
90631
90632
90633
90634
90635
90637
90638
90640
90642
90643
90644
90645
90646
90647
90648
90649
90650
90652
90653
90656
90657
90658
90659
90660
90661
90662
90663
90664
90665
90666
90667
90669
90670
90672
90673
90674
90675
90676
90677
90679
90680
90681
90682
90683
90685
90686
90688
90689
90690
90693
90695
90697
90698
90699
90700
90701
90702
90703
90704
90705
90706
90708
90709
90710
90711
90712
90714
90716
90717
90719
90721
90722
90723
90724
90725
90726
90727
90728
90729
90730
90731
90732
90733
90734
90738
90739
90740
90741
90742
90743
90744
90745
90746
90749
90750
90751
90752
90753
90754
90755
90756
90757
90758
90759
90760
90761
90762
90763
90764
90766
90767
90768
90769
90770
90771
90772
90773
90774
90775
90776
90777
90778
90779
90780
90782
90783
90786
90787
90789
90791
90793
90794
90795
90796
90797
90798
90800
90801
90802
90803
90804
90805
90806
90807
90808
90809
90810
90811
90812
90813
90814
90815
90816
90817
90819
90820
90821
90822
90823
90825
90826
90827
90828
90829
90831
90832
90834
90835
90836
90837
90838
90839
90840
90841
90842
90844
90845
90846
90847
90848
90849
90850
90851
90852
90853
90854
90855
90856
90857
90858
90860
90861
90862
90863
90864
90866
90867
90868
90869
90870
90871
90873
90874
90875
90876
90877
90879
90880
90882
90883
90884
90885
90886
90887
90890
90891
90892
90893
90894
90895
90896
90897
90898
90899
90901
90902
90903
90904
90905
90906
90908
90909
90910
90911
90912
90913
90914
90915
90917
90918
90919
90920
90921
90922
90923
90924
90925
90927
90928
90930
90932
90933
90934
90935
90936
90937
90938
90939
90940
90941
90944
90945
90946
90947
90949
90951
90952
90953
90954
90955
90956
90957
90958
90959
90960
90961
90963
90964
90965
90967
90968
90969
90970
90971
90972
90973
90974
90975
90976
90977
90978
90979
90980
90981
90982
90983
90984
90985
90986
90987
90988
90989
90990
90992
90993
90994
90995
90996
90997
90999
91000
91001
91002
91003
91004
91005
91006
91007
91008
91009
91010
91011
91012
91013
91014
91015
91016
91017
91018
91019
91021
91022
91023
91024
91025
91027
91029
91031
91032
91033
91034
91036
91038
91039
91041
91042
91043
91044
91047
91048
91049
91050
91051
91054
91055
91056
91058
91060
91061
91062
91063
91064
91065
91067
91068
91069
91072
91073
91074
91075
91076
91078
91079
91080
91081
91082
91083
91084
91085
91086
91088
91089
91090
91091
91092
91093
91095
91096
91097
91098
91099
91100
91101
91103
91105
91106
91107
91108
91109
91110
91111
91112
91113
91115
91116
91117
91118
91119
91120
91121
91122
91123
91124
91126
91127
91128
91129
91131
91134
91135
91138
91140
91141
91142
91143
91144
91146
91147
91148
91149
91150
91151
91152
91153
91154
91157
91158
91160
91163
91164
91165
91166
91167
91169
91171
91172
91174
91175
91176
91177
91178
91179
91180
91183
91184
91185
91186
91187
91188
91189
91190
91191
91192
91194
91195
91196
91197
91198
91199
91200
91201
91202
91204
91205
91206
91207
91208
91209
91211
91212
91213
91214
91215
91217
91218
91219
91220
91221
91222
91223
91224
91225
91226
91227
91228
91229
91230
91231
91232
91233
91234
91236
91237
91238
91239
91241
91242
91243
91244
91245
91246
91248
91249
91250
91252
91253
91254
91256
91257
91258
91259
91261
91262
91263
91265
91267
91268
91269
91270
91272
91273
91274
91275
91276
91278
91280
91281
91282
91283
91285
91286
91287
91288
91289
91290
91292
91293
91294
91295
91296
91297
91299
91300
91301
91302
91303
91304
91305
91306
91307
91308
91309
91310
91312
91316
91319
91320
91321
91322
91323
91324
91325
91326
91327
91328
91329
91330
91331
91333
91334
91335
91336
91338
91341
91343
91344
91347
91348
91350
91351
91352
91353
91354
91358
91359
91361
91362
91363
91364
91365
91366
91367
91368
91369
91370
91371
91372
91374
91375
91376
91377
91378
91379
91380
91381
91383
91385
91386
91387
91388
91390
91391
91392
91393
91394
91396
91397
91398
91399
91400
91401
91402
91403
91404
91405
91406
91407
91408
91409
91410
91411
91412
91413
91414
91415
91418
91419
91420
91421
91423
91425
91426
91427
91428
91429
91431
91432
91433
91435
91436
91437
91439
91440
91441
91442
91444
91446
91447
91448
91449
91450
91452
91453
91454
91455
91457
91459
91460
91461
91462
91463
91465
91466
91468
91469
91470
91471
91472
91473
91474
91475
91476
91477
91478
91479
91481
91482
91483
91484
91485
91487
91488
91489
91490
91491
91492
91494
91495
91496
91497
91498
91499
91502
91504
91505
91506
91507
91509
91510
91512
91513
91515
91516
91517
91519
91520
91521
91522
91523
91525
91527
91528
91529
91532
91533
91534
91536
91537
91538
91539
91541
91542
91544
91545
91548
91549
91550
91551
91552
91553
91554
91555
91556
91557
91558
91559
91560
91561
91562
91564
91565
91566
91567
91568
91569
91570
91571
91572
91573
91574
91575
91576
91577
91578
91579
91580
91581
91582
91583
91584
91586
91587
91588
91589
91590
91591
91592
91593
91594
91595
91596
91597
91599
91602
91603
91606
91608
91609
91610
91611
91612
91615
91616
91617
91618
91619
91620
91622
91624
91625
91626
91628
91629
91631
91632
91633
91634
91637
91638
91639
91640
91641
91642
91643
91644
91645
91646
91649
91650
91651
91652
91653
91654
91656
91657
91658
91659
91660
91661
91663
91664
91667
91668
91669
91670
91671
91672
91674
91675
91676
91677
91678
91679
91680
91681
91682
91683
91684
91685
91686
91687
91688
91691
91692
91693
91694
91695
91696
91697
91698
91699
91700
91701
91702
91705
91706
91707
91708
91709
91711
91712
91713
91714
91715
91716
91717
91718
91719
91720
91722
91723
91724
91725
91726
91727
91728
91729
91730
91731
91732
91733
91734
91736
91737
91738
91739
91740
91741
91742
91743
91744
91745
91747
91749
91754
91757
91759
91760
91762
91763
91764
91765
91767
91768
91769
91770
91771
91772
91773
91774
91775
91776
91777
91778
91780
91781
91782
91783
91784
91785
91786
91787
91789
91790
91791
91792
91793
91794
91795
91796
91797
91798
91799
91800
91801
91802
91803
91804
91805
91806
91807
91808
91809
91811
91812
91813
91814
91815
91816
91818
91819
91820
91822
91824
91825
91826
91827
91828
91829
91830
91831
91832
91833
91835
91837
91838
91839
91842
91843
91844
91845
91846
91847
91848
91849
91851
91852
91853
91854
91855
91856
91857
91859
91860
91861
91862
91863
91864
91865
91867
91869
91870
91872
91873
91874
91875
91876
91877
91878
91879
91881
91882
91883
91884
91885
91886
91887
91888
91889
91890
91891
91893
91894
91895
91896
91897
91898
91899
91900
91901
91902
91903
91904
91906
91909
91910
91912
91913
91915
91916
91917
91918
91919
91920
91921
91922
91923
91926
91927
91929
91930
91931
91932
91933
91934
91935
91936
91941
91942
91943
91944
91945
91946
91947
91948
91949
91950
91951
91955
91957
91958
91959
91961
91962
91963
91964
91966
91967
91969
91970
91972
91973
91974
91976
91977
91979
91980
91982
91983
91984
91985
91986
91987
91988
91990
91991
91992
91994
91995
91996
91997
91998
91999
92000
92001
92002
92004
92009
92012
92014
92015
92017
92018
92020
92021
92022
92023
92024
92025
92026
92027
92028
92029
92030
92032
92033
92035
92036
92037
92038
92039
92040
92041
92042
92043
92044
92045
92046
92047
92050
92051
92052
92053
92054
92055
92057
92058
92059
92061
92063
92065
92066
92067
92068
92070
92071
92072
92073
92074
92077
92078
92079
92080
92081
92083
92084
92086
92087
92088
92089
92091
92092
92093
92094
92095
92096
92097
92098
92100
92101
92102
92103
92104
92105
92106
92107
92108
92109
92110
92111
92112
92113
92115
92116
92117
92118
92120
92122
92123
92124
92125
92126
92127
92128
92129
92131
92132
92134
92135
92136
92138
92140
92141
92142
92143
92144
92145
92147
92148
92149
92152
92153
92154
92157
92158
92159
92160
92161
92162
92163
92166
92167
92168
92169
92170
92171
92172
92173
92174
92175
92176
92177
92178
92179
92181
92182
92183
92185
92186
92187
92189
92191
92192
92193
92195
92196
92197
92198
92199
92200
92201
92202
92203
92205
92206
92208
92209
92210
92211
92212
92213
92214
92215
92219
92220
92221
92224
92227
92228
92229
92230
92231
92232
92233
92234
92236
92238
92239
92240
92242
92243
92244
92245
92246
92247
92249
92250
92251
92252
92253
92255
92256
92257
92258
92260
92261
92262
92263
92264
92265
92268
92269
92270
92271
92272
92273
92274
92275
92276
92277
92279
92280
92281
92282
92283
92284
92285
92286
92287
92289
92290
92291
92292
92293
92294
92295
92297
92298
92300
92301
92302
92303
92305
92307
92308
92309
92310
92312
92313
92315
92317
92318
92319
92320
92321
92322
92323
92324
92325
92326
92327
92328
92329
92330
92331
92333
92334
92335
92336
92337
92338
92339
92340
92341
92342
92343
92344
92345
92346
92347
92348
92349
92350
92351
92352
92353
92354
92355
92356
92357
92358
92359
92360
92362
92363
92364
92365
92366
92367
92369
92372
92373
92374
92375
92376
92377
92378
92380
92385
92386
92388
92389
92390
92391
92392
92393
92394
92395
92396
92397
92398
92399
92400
92401
92402
92403
92405
92406
92407
92408
92409
92410
92411
92412
92414
92415
92416
92417
92418
92419
92420
92421
92422
92424
92425
92426
92427
92430
92431
92432
92435
92436
92437
92438
92439
92440
92442
92443
92444
92445
92446
92447
92449
92450
92451
92452
92453
92454
92455
92456
92457
92458
92459
92460
92461
92462
92463
92465
92466
92467
92468
92469
92470
92471
92472
92474
92475
92476
92477
92478
92479
92480
92482
92483
92484
92485
92486
92487
92488
92489
92491
92492
92495
92497
92498
92499
92501
92502
92503
92504
92505
92506
92507
92508
92509
92510
92511
92512
92513
92514
92515
92516
92518
92519
92521
92522
92523
92526
92528
92529
92530
92531
92532
92534
92536
92538
92539
92540
92541
92542
92543
92545
92546
92548
92549
92552
92553
92554
92555
92556
92557
92558
92559
92560
92562
92563
92564
92565
92567
92568
92569
92570
92571
92572
92573
92574
92575
92577
92578
92579
92580
92581
92582
92583
92586
92587
92588
92590
92591
92592
92593
92595
92596
92597
92598
92599
92600
92601
92602
92603
92604
92605
92606
92608
92609
92611
92612
92613
92614
92615
92616
92617
92618
92619
92620
92621
92622
92623
92624
92626
92627
92628
92629
92630
92631
92632
92633
92635
92636
92637
92638
92639
92640
92641
92642
92643
92645
92646
92647
92648
92651
92652
92653
92654
92655
92656
92657
92658
92660
92662
92663
92665
92666
92668
92670
92671
92672
92674
92676
92677
92678
92680
92681
92682
92683
92684
92685
92686
92687
92688
92690
92691
92693
92694
92695
92697
92698
92699
92700
92701
92702
92703
92704
92707
92708
92709
92710
92712
92714
92715
92716
92717
92718
92719
92720
92721
92722
92723
92724
92726
92727
92728
92729
92730
92731
92733
92734
92735
92736
92738
92741
92742
92744
92745
92746
92747
92748
92749
92750
92751
92752
92754
92755
92756
92757
92758
92759
92760
92761
92763
92764
92765
92766
92767
92768
92769
92770
92772
92773
92774
92776
92777
92778
92779
92780
92781
92783
92784
92785
92786
92787
92788
92789
92790
92791
92792
92793
92795
92796
92797
92798
92799
92800
92801
92802
92803
92804
92805
92806
92807
92809
92810
92812
92815
92816
92817
92819
92821
92822
92823
92825
92826
92827
92828
92830
92831
92832
92833
92834
92835
92836
92837
92840
92841
92842
92843
92846
92847
92848
92850
92851
92853
92854
92855
92856
92857
92859
92860
92862
92863
92864
92865
92866
92867
92868
92871
92872
92873
92874
92875
92876
92877
92878
92879
92880
92881
92882
92883
92885
92886
92887
92888
92889
92891
92892
92893
92894
92896
92897
92898
92899
92900
92902
92903
92904
92905
92906
92907
92908
92909
92911
92912
92913
92914
92915
92916
92917
92918
92919
92920
92921
92922
92923
92924
92925
92928
92929
92930
92931
92932
92933
92934
92935
92936
92937
92938
92939
92940
92941
92944
92945
92946
92947
92948
92951
92952
92953
92954
92955
92957
92958
92960
92964
92965
92966
92967
92968
92969
92970
92971
92973
92976
92978
92979
92980
92981
92983
92985
92986
92987
92988
92989
92990
92992
92993
92994
92995
92996
92997
92998
92999
93001
93002
93003
93004
93005
93008
93009
93010
93011
93012
93013
93014
93015
93016
93017
93018
93019
93020
93022
93025
93026
93027
93028
93029
93031
93032
93033
93035
93036
93037
93038
93039
93040
93041
93042
93043
93044
93045
93047
93049
93050
93051
93052
93053
93054
93056
93057
93058
93059
93060
93061
93063
93064
93065
93066
93069
93070
93071
93072
93073
93074
93075
93076
93077
93078
93079
93080
93081
93082
93083
93084
93086
93087
93089
93091
93094
93095
93097
93099
93100
93101
93102
93103
93104
93105
93106
93107
93108
93109
93110
93111
93112
93113
93116
93117
93118
93119
93120
93123
93124
93125
93126
93127
93129
93130
93131
93134
93135
93136
93138
93139
93140
93143
93145
93146
93147
93149
93150
93151
93152
93153
93155
93156
93157
93158
93159
93161
93162
93163
93164
93165
93166
93168
93169
93170
93171
93172
93173
93174
93175
93176
93178
93179
93185
93188
93189
93190
93191
93192
93194
93196
93197
93199
93200
93201
93202
93203
93204
93205
93206
93208
93209
93210
93211
93212
93213
93214
93215
93216
93218
93219
93220
93221
93223
93224
93226
93227
93228
93229
93231
93232
93235
93236
93237
93238
93239
93240
93241
93242
93244
93245
93246
93247
93248
93249
93250
93251
93252
93253
93254
93255
93256
93257
93258
93259
93261
93262
93263
93265
93266
93267
93268
93269
93270
93271
93272
93273
93274
93275
93277
93278
93279
93280
93281
93282
93283
93284
93285
93286
93287
93288
93289
93290
93291
93292
93293
93294
93295
93296
93297
93298
93299
93301
93302
93303
93304
93305
93306
93307
93308
93309
93310
93311
93312
93313
93314
93315
93316
93317
93318
93319
93320
93322
93323
93326
93327
93328
93329
93331
93332
93333
93334
93335
93337
93340
93341
93342
93343
93344
93345
93346
93348
93349
93350
93351
93352
93353
93354
93355
93356
93357
93358
93360
93361
93362
93363
93366
93367
93368
93369
93371
93372
93373
93374
93375
93377
93378
93379
93380
93381
93382
93383
93384
93385
93387
93389
93390
93391
93392
93394
93396
93397
93398
93400
93401
93402
93403
93404
93405
93406
93407
93408
93410
93411
93412
93413
93414
93415
93416
93417
93419
93420
93421
93422
93423
93424
93425
93427
93428
93429
93431
93432
93433
93434
93435
93436
93438
93439
93440
93441
93442
93444
93446
93448
93449
93450
93451
93452
93453
93454
93455
93456
93457
93458
93463
93465
93466
93468
93469
93470
93471
93473
93475
93476
93477
93478
93479
93480
93481
93482
93483
93484
93485
93487
93488
93489
93490
93491
93492
93493
93494
93496
93498
93499
93500
93501
93502
93503
93505
93506
93507
93508
93509
93510
93511
93512
93513
93514
93515
93516
93518
93519
93521
93522
93523
93524
93525
93526
93527
93528
93529
93530
93532
93533
93535
93536
93537
93538
93539
93540
93541
93542
93543
93544
93545
93546
93547
93548
93549
93550
93551
93552
93554
93555
93556
93557
93558
93559
93560
93561
93562
93563
93564
93565
93566
93567
93568
93569
93570
93572
93573
93574
93575
93576
93577
93578
93579
93581
93582
93584
93586
93587
93588
93589
93591
93593
93594
93595
93596
93597
93598
93599
93600
93601
93603
93605
93607
93608
93609
93610
93611
93612
93613
93614
93617
93618
93619
93620
93621
93623
93624
93625
93626
93627
93628
93629
93630
93632
93634
93635
93636
93637
93638
93639
93642
93643
93644
93645
93646
93647
93648
93649
93650
93652
93654
93656
93657
93658
93659
93661
93662
93663
93664
93665
93666
93667
93668
93669
93670
93671
93672
93673
93674
93676
93677
93678
93679
93680
93681
93682
93683
93684
93685
93686
93688
93689
93690
93691
93693
93694
93695
93697
93698
93699
93700
93701
93702
93703
93705
93706
93707
93708
93709
93710
93711
93712
93714
93716
93717
93718
93719
93721
93722
93723
93724
93725
93726
93727
93728
93730
93731
93732
93733
93734
93735
93736
93737
93738
93739
93740
93741
93742
93744
93745
93746
93747
93748
93749
93751
93752
93753
93754
93755
93756
93757
93758
93759
93760
93761
93762
93763
93765
93766
93768
93769
93770
93772
93773
93774
93775
93776
93779
93780
93781
93782
93783
93786
93787
93789
93790
93791
93792
93793
93794
93795
93796
93797
93798
93800
93802
93804
93806
93807
93808
93809
93810
93811
93812
93813
93814
93815
93816
93817
93818
93820
93821
93822
93823
93824
93825
93826
93828
93829
93830
93831
93833
93834
93835
93836
93837
93838
93839
93841
93844
93845
93846
93847
93849
93850
93851
93852
93853
93855
93857
93858
93859
93861
93862
93863
93864
93865
93866
93867
93869
93871
93872
93874
93875
93876
93877
93878
93879
93880
93881
93882
93883
93884
93885
93887
93889
93890
93891
93892
93893
93894
93895
93896
93897
93898
93900
93901
93902
93903
93904
93905
93906
93907
93908
93909
93910
93911
93912
93913
93914
93915
93916
93917
93918
93919
93921
93922
93924
93925
93926
93927
93928
93929
93930
93931
93932
93935
93936
93937
93938
93939
93940
93941
93942
93943
93944
93945
93946
93947
93948
93949
93950
93951
93952
93953
93954
93955
93957
93958
93959
93960
93961
93962
93963
93965
93966
93967
93968
93969
93970
93971
93972
93973
93974
93976
93977
93978
93979
93980
93981
93982
93983
93985
93986
93987
93988
93989
93990
93991
93992
93993
93994
93995
93996
93998
93999
94000
94003
94004
94005
94006
94007
94008
94009
94010
94011
94012
94013
94014
94016
94017
94018
94020
94021
94022
94023
94024
94026
94027
94028
94030
94031
94032
94033
94034
94035
94036
94037
94038
94039
94040
94041
94043
94044
94045
94046
94048
94049
94051
94052
94053
94054
94055
94057
94058
94059
94060
94061
94062
94063
94064
94065
94066
94067
94069
94070
94071
94072
94073
94074
94075
94077
94078
94079
94083
94084
94086
94087
94088
94089
94092
94093
94094
94095
94097
94098
94099
94100
94102
94103
94105
94106
94107
94108
94111
94113
94114
94115
94116
94117
94118
94119
94120
94121
94122
94123
94124
94125
94127
94128
94129
94130
94132
94133
94134
94135
94136
94137
94139
94141
94142
94143
94144
94145
94146
94148
94149
94151
94152
94153
94155
94156
94157
94158
94159
94161
94162
94163
94164
94165
94166
94167
94168
94169
94171
94172
94173
94174
94175
94176
94177
94179
94180
94182
94184
94185
94186
94187
94188
94189
94191
94192
94193
94194
94196
94197
94198
94199
94200
94201
94202
94203
94204
94206
94207
94208
94209
94210
94212
94213
94215
94216
94217
94219
94220
94221
94222
94223
94224
94225
94226
94227
94230
94232
94233
94234
94235
94236
94237
94238
94240
94241
94242
94243
94244
94245
94248
94249
94250
94251
94253
94254
94255
94256
94258
94260
94261
94262
94263
94264
94265
94266
94267
94269
94270
94272
94273
94274
94275
94276
94277
94278
94279
94280
94281
94282
94283
94285
94287
94288
94290
94291
94292
94293
94294
94296
94297
94298
94299
94301
94302
94303
94304
94306
94309
94310
94311
94313
94314
94315
94316
94317
94319
94320
94322
94324
94325
94326
94327
94328
94330
94331
94333
94334
94335
94336
94339
94340
94341
94342
94343
94344
94346
94349
94350
94351
94352
94353
94354
94355
94357
94358
94359
94361
94362
94363
94364
94365
94366
94367
94369
94370
94371
94372
94373
94374
94375
94376
94377
94378
94380
94382
94383
94384
94385
94386
94387
94388
94389
94390
94392
94395
94396
94397
94398
94400
94401
94402
94403
94404
94405
94406
94407
94409
94410
94412
94413
94416
94417
94418
94419
94420
94421
94422
94423
94424
94426
94427
94429
94430
94432
94434
94435
94436
94437
94438
94439
94440
94443
94444
94445
94446
94448
94449
94451
94452
94454
94455
94456
94457
94458
94460
94461
94462
94463
94465
94467
94469
94470
94471
94474
94475
94476
94477
94478
94479
94481
94482
94483
94484
94485
94486
94488
94489
94490
94491
94493
94494
94495
94496
94498
94499
94500
94501
94502
94503
94504
94505
94507
94508
94509
94511
94512
94514
94515
94516
94517
94519
94520
94522
94523
94524
94525
94526
94527
94528
94529
94530
94531
94532
94533
94536
94537
94538
94539
94541
94543
94544
94545
94546
94547
94548
94549
94550
94551
94552
94553
94555
94556
94557
94558
94559
94560
94561
94562
94563
94564
94565
94566
94567
94568
94569
94570
94571
94572
94573
94574
94575
94576
94577
94578
94579
94581
94582
94583
94584
94585
94587
94588
94590
94591
94592
94593
94594
94595
94596
94597
94598
94599
94600
94601
94602
94603
94604
94605
94607
94608
94610
94611
94612
94615
94616
94617
94619
94620
94622
94623
94624
94625
94626
94627
94628
94629
94630
94632
94633
94634
94635
94636
94637
94638
94641
94642
94643
94644
94645
94647
94648
94649
94650
94652
94653
94654
94655
94656
94657
94658
94659
94660
94661
94662
94663
94665
94666
94667
94668
94669
94670
94671
94672
94673
94674
94675
94676
94677
94678
94682
94683
94686
94687
94688
94689
94690
94691
94692
94693
94694
94696
94697
94700
94702
94703
94704
94705
94706
94707
94708
94709
94711
94712
94713
94714
94715
94716
94717
94719
94720
94721
94722
94723
94725
94727
94728
94729
94730
94731
94732
94733
94734
94736
94737
94738
94739
94741
94742
94743
94744
94745
94746
94748
94749
94750
94752
94753
94754
94755
94756
94757
94758
94759
94760
94761
94762
94763
94764
94765
94766
94767
94768
94769
94770
94771
94772
94773
94774
94775
94776
94777
94778
94779
94780
94781
94783
94784
94785
94786
94787
94788
94789
94790
94791
94792
94793
94794
94795
94796
94797
94798
94799
94800
94801
94802
94803
94804
94805
94806
94808
94810
94811
94812
94813
94815
94816
94817
94818
94819
94820
94821
94822
94823
94824
94825
94826
94827
94828
94829
94831
94832
94833
94835
94836
94837
94838
94839
94840
94841
94842
94843
94844
94845
94846
94847
94849
94850
94851
94852
94853
94854
94855
94856
94857
94859
94861
94862
94863
94864
94867
94868
94869
94870
94871
94872
94874
94876
94877
94878
94880
94881
94882
94883
94884
94886
94887
94888
94891
94892
94893
94894
94895
94896
94897
94898
94899
94900
94902
94903
94905
94906
94907
94909
94910
94911
94913
94914
94915
94916
94917
94918
94919
94920
94921
94922
94923
94924
94925
94926
94927
94928
94930
94933
94934
94935
94936
94937
94940
94942
94943
94944
94945
94947
94949
94951
94954
94955
94956
94957
94958
94959
94960
94961
94962
94963
94965
94966
94970
94971
94972
94973
94974
94975
94976
94977
94978
94979
94980
94982
94983
94985
94986
94987
94989
94990
94991
94992
94993
94994
94996
94997
94998
94999
95000
95001
95002
95003
95004
95005
95006
95007
95008
95009
95010
95011
95012
95014
95015
95016
95018
95019
95020
95021
95022
95023
95024
95025
95026
95027
95028
95029
95030
95031
95032
95033
95034
95035
95036
95037
95039
95040
95041
95042
95043
95044
95045
95046
95047
95048
95049
95050
95051
95052
95053
95055
95056
95057
95058
95059
95060
95061
95062
95063
95064
95065
95066
95067
95068
95070
95072
95073
95075
95076
95077
95078
95080
95081
95082
95083
95084
95086
95087
95089
95090
95091
95092
95093
95094
95095
95096
95097
95098
95099
95100
95101
95102
95105
95106
95107
95108
95109
95110
95111
95112
95114
95115
95117
95118
95119
95120
95121
95123
95125
95126
95127
95128
95129
95130
95131
95132
95134
95136
95137
95138
95139
95140
95141
95142
95143
95144
95145
95147
95148
95149
95151
95152
95154
95155
95158
95159
95160
95161
95162
95163
95164
95165
95166
95167
95168
95169
95170
95171
95172
95173
95174
95175
95178
95180
95181
95182
95183
95184
95185
95186
95187
95188
95189
95190
95191
95192
95194
95195
95196
95197
95198
95199
95200
95201
95204
95206
95208
95209
95210
95211
95212
95213
95214
95216
95219
95220
95221
95222
95223
95225
95226
95227
95228
95230
95231
95233
95234
95235
95236
95237
95238
95239
95240
95241
95243
95245
95246
95247
95248
95249
95251
95252
95253
95254
95256
95257
95261
95262
95263
95264
95265
95266
95267
95268
95269
95270
95271
95273
95274
95275
95278
95279
95280
95281
95282
95283
95284
95285
95286
95287
95289
95290
95291
95292
95293
95294
95295
95296
95299
95300
95301
95302
95303
95304
95306
95307
95310
95311
95312
95313
95314
95315
95316
95317
95318
95320
95321
95323
95324
95325
95326
95327
95329
95330
95331
95332
95335
95336
95337
95338
95339
95340
95341
95342
95344
95345
95346
95348
95350
95351
95352
95353
95354
95355
95357
95358
95359
95360
95361
95363
95364
95365
95366
95367
95368
95369
95370
95371
95373
95374
95375
95376
95377
95378
95379
95380
95382
95383
95384
95385
95387
95388
95389
95390
95391
95392
95393
95394
95395
95397
95398
95399
95400
95401
95402
95403
95404
95405
95406
95407
95408
95409
95411
95412
95413
95416
95417
95418
95419
95420
95421
95422
95425
95426
95427
95428
95429
95430
95431
95432
95433
95434
95435
95436
95437
95438
95439
95440
95441
95442
95444
95445
95446
95447
95448
95450
95451
95452
95453
95454
95455
95456
95457
95458
95459
95460
95463
95464
95465
95467
95468
95469
95470
95471
95472
95473
95475
95476
95477
95478
95479
95480
95481
95482
95483
95484
95486
95487
95489
95490
95491
95492
95493
95494
95495
95496
95497
95498
95499
95501
95504
95506
95507
95508
95510
95511
95512
95513
95514
95515
95516
95517
95519
95520
95522
95523
95524
95525
95526
95527
95528
95532
95533
95534
95535
95536
95537
95538
95540
95541
95542
95543
95544
95545
95546
95547
95548
95549
95550
95551
95552
95553
95555
95557
95561
95562
95563
95564
95565
95568
95569
95570
95571
95572
95573
95574
95575
95577
95578
95579
95580
95581
95583
95584
95585
95586
95587
95588
95589
95590
95591
95592
95593
95594
95595
95596
95597
95598
95599
95600
95602
95603
95604
95605
95606
95607
95608
95609
95610
95611
95612
95613
95614
95615
95617
95618
95621
95622
95623
95624
95625
95626
95627
95628
95630
95631
95632
95633
95634
95635
95636
95638
95639
95640
95642
95644
95645
95646
95647
95648
95649
95650
95652
95653
95654
95655
95656
95658
95660
95661
95662
95663
95664
95666
95667
95668
95669
95670
95671
95672
95674
95675
95676
95678
95679
95680
95681
95682
95683
95684
95685
95687
95689
95690
95691
95692
95693
95694
95695
95696
95697
95698
95699
95701
95702
95703
95704
95705
95706
95707
95708
95709
95710
95711
95712
95713
95714
95715
95717
95718
95719
95720
95722
95723
95724
95725
95726
95727
95728
95729
95730
95731
95732
95733
95734
95735
95736
95737
95738
95739
95740
95741
95742
95743
95745
95746
95747
95748
95749
95751
95752
95753
95754
95755
95756
95757
95758
95759
95760
95761
95762
95763
95764
95765
95766
95767
95768
95769
95770
95771
95772
95773
95774
95775
95776
95777
95778
95779
95780
95781
95782
95783
95784
95785
95786
95787
95788
95789
95790
95791
95792
95793
95794
95795
95796
95797
95798
95799
95800
95801
95802
95803
95804
95805
95806
95807
95808
95809
95810
95811
95812
95813
95814
95815
95816
95817
95818
95819
95820
95821
95822
95823
95824
95825
95826
95827
95828
95829
95830
95831
95832
95833
95834
95835
95836
95837
95838
95839
95840
95841
95842
95843
95844
95845
95846
95847
95848
95849
95850
95851
95852
95853
95854
95855
95856
95857
95858
95859
95860
95861
95862
95863
95864
95865
95866
95867
95868
95869
95870
95871
95872
95873
95874
95875
95876
95877
95878
95879
95880
95881
95882
95883
95884
95885
95886
95887
95888
95889
95890
95891
95892
95893
95894
95895
95896
95897
95898
95899
95900
95901
95902
95903
95904
95905
95906
95907
95908
95909
95910
95911
95912
95913
95914
95915
95916
95917
95918
95919
95920
95921
95922
95923
95924
95925
95926
95927
95928
95929
95930
95931
95932
95933
95934
95935
95936
95937
95938
95939
95940
95941
95942
95943
95944
95945
95946
95947
95948
95949
95950
95951
95952
95953
95954
95955
95956
95957
95958
95959
95960
95961
95962
95963
95964
95965
95966
95967
95968
95969
95970
95971
95972
95973
95974
95975
95976
95977
95978
95979
95980
95981
95982
95983
95984
95985
95987
95988
95989
95990
95991
95992
95993
95994
95995
95996
95997
95998
95999
96000
96001
96002
96003
96004
96005
96006
96007
96008
96009
96010
96011
96012
96013
96014
96015
96016
96017
96018
96019
96020
96021
96022
96023
96024
96025
96026
96027
96028
96029
96030
96031
96032
96033
96034
96035
96036
96037
96038
96039
96040
96041
96042
96043
96044
96045
96046
96047
96048
96049
96050
96051
96052
96054
96055
96056
96057
96058
96059
96060
96061
96062
96063
96064
96065
96066
96067
96068
96069
96070
96071
96072
96073
96074
96076
96077
96078
96079
96080
96081
96082
96083
96084
96085
96086
96087
96088
96089
96090
96091
96092
96093
96094
96095
96096
96097
96098
96099
96100
96101
96102
96103
96104
96105
96106
96107
96108
96109
96110
96111
96112
96113
96114
96115
96116
96117
96118
96119
96120
96121
96122
96123
96124
96125
96126
96127
96128
96129
96130
96131
96132
96133
96134
96135
96136
96137
96138
96139
96140
96141
96142
96143
96144
96145
96146
96147
96148
96149
96150
96151
96152
96153
96154
96155
96156
96157
96158
96159
96160
96161
96162
96163
96164
96165
96166
96167
96168
96169
96170
96171
96172
96173
96174
96175
96176
96177
96178
96179
96180
96181
96182
96183
96184
96185
96186
96187
96188
96189
96190
96191
96192
96193
96194
96195
96196
96197
96198
96199
96200
96201
96202
96203
96205
96206
96207
96208
96209
96210
96211
96212
96213
96214
96215
96216
96217
96218
96219
96220
96221
96222
96223
96224
96225
96226
96227
96228
96229
96230
96231
96232
96233
96234
96235
96236
96237
96238
96239
96240
96241
96242
96243
96244
96245
96246
96247
96248
96249
96250
96251
96252
96253
96254
96255
96256
96257
96258
96259
96260
96261
96262
96263
96264
96265
96266
96267
96268
96269
96270
96271
96272
96273
96274
96275
96276
96277
96278
96279
96280
96281
96282
96283
96284
96285
96286
96287
96288
96289
96290
96291
96292
96293
96294
96295
96296
96297
96298
96299
96300
96302
96303
96304
96305
96306
96307
96308
96309
96310
96312
96313
96314
96315
96316
96317
96318
96319
96320
96321
96322
96323
96324
96325
96326
96327
96328
96329
96330
96331
96332
96333
96334
96335
96336
96337
96338
96340
96341
96342
96343
96344
96345
96346
96347
96348
96349
96350
96351
96352
96353
96354
96355
96356
96357
96358
96359
96360
96361
96362
96363
96364
96365
96366
96367
96368
96369
96370
96371
96372
96373
96374
96375
96376
96377
96378
96379
96380
96381
96382
96383
96384
96385
96386
96387
96388
96389
96390
96391
96392
96393
96394
96395
96396
96397
96398
96399
96400
96401
96402
96403
96404
96405
96406
96407
96408
96409
96410
96411
96412
96413
96414
96415
96416
96417
96418
96419
96420
96421
96422
96423
96424
96425
96426
96427
96428
96429
96430
96431
96432
96433
96434
96435
96436
96437
96438
96439
96440
96441
96442
96443
96444
96445
96446
96447
96448
96449
96450
96451
96452
96453
96454
96455
96456
96457
96458
96459
96460
96461
96462
96463
96464
96465
96466
96467
96468
96469
96470
96471
96472
96473
96474
96475
96476
96477
96478
96479
96480
96481
96482
96483
96484
96485
96486
96487
96488
96489
96490
96491
96492
96493
96494
96495
96496
96497
96498
96499
96500
96501
96502
96503
96504
96505
96506
96507
96508
96509
96510
96511
96512
96513
96514
96515
96516
96517
96518
96519
96520
96521
96522
96523
96524
96525
96526
96527
96528
96529
96530
96531
96532
96533
96534
96535
96536
96537
96538
96539
96540
96541
96542
96543
96544
96545
96546
96547
96548
96549
96550
96551
96552
96553
96554
96555
96556
96557
96558
96559
96560
96561
96562
96563
96564
96565
96566
96567
96568
96569
96570
96571
96572
96573
96574
96575
96576
96577
96578
96579
96580
96581
96582
96583
96584
96585
96586
96587
96588
96589
96590
96591
96592
96593
96594
96595
96596
96597
96598
96599
96600
96601
96602
96603
96604
96605
96606
96607
96608
96609
96610
96611
96612
96613
96614
96615
96616
96617
96618
96619
96620
96621
96622
96623
96624
96625
96626
96627
96628
96629
96630
96631
96632
96633
96634
96635
96636
96637
96638
96639
96640
96641
96642
96643
96644
96645
96646
96647
96648
96649
96650
96651
96652
96653
96654
96655
96656
96657
96658
96659
96660
96661
96662
96663
96664
96665
96666
96667
96668
96669
96670
96671
96672
96673
96674
96675
96676
96677
96678
96679
96680
96681
96682
96683
96684
96685
96686
96687
96688
96689
96690
96691
96692
96693
96694
96695
96696
96697
96698
96699
96700
96701
96703
96704
96705
96706
96707
96708
96709
96710
96711
96712
96713
96714
96715
96716
96717
96718
96719
96720
96721
96722
96723
96724
96725
96726
96727
96728
96729
96730
96731
96732
96733
96734
96735
96736
96737
96738
96739
96740
96741
96742
96743
96744
96745
96747
96748
96749
96750
96751
96753
96754
96755
96756
96757
96758
96759
96760
96761
96762
96763
96764
96765
96766
96767
96768
96769
96770
96771
96772
96773
96774
96775
96776
96777
96778
96779
96780
96781
96782
96783
96784
96785
96786
96787
96788
96789
96790
96791
96792
96793
96794
96795
96796
96797
96798
96799
96800
96801
96802
96803
96804
96805
96806
96807
96808
96809
96810
96811
96812
96813
96814
96815
96816
96817
96818
96819
96820
96821
96823
96824
96825
96826
96827
96828
96829
96830
96831
96832
96833
96834
96835
96836
96837
96839
96840
96841
96842
96843
96844
96846
96847
96848
96849
96850
96851
96852
96853
96854
96855
96856
96857
96858
96859
96860
96861
96862
96863
96864
96865
96866
96867
96868
96869
96870
96871
96872
96873
96874
96875
96876
96877
96878
96879
96880
96881
96882
96883
96884
96885
96886
96887
96888
96889
96890
96891
96892
96893
96894
96895
96896
96897
96898
96899
96900
96901
96902
96903
96904
96905
96906
96907
96908
96909
96910
96911
96912
96913
96914
96915
96916
96917
96918
96919
96920
96921
96922
96923
96924
96925
96926
96927
96928
96929
96930
96931
96932
96933
96934
96935
96936
96937
96938
96939
96940
96941
96942
96943
96944
96945
96946
96947
96948
96949
96950
96951
96952
96953
96954
96955
96956
96957
96958
96959
96960
96961
96962
96963
96964
96965
96966
96967
96968
96969
96970
96971
96972
96973
96974
96975
96976
96977
96978
96979
96980
96981
96982
96983
96984
96985
96986
96987
96988
96989
96990
96991
96992
96993
96994
96995
96996
96997
96998
96999
97000
97001
97002
97003
97004
97005
97006
97007
97008
97009
97010
97011
97012
97013
97014
97015
97016
97017
97018
97019
97020
97021
97022
97023
97024
97025
97026
97027
97028
97029
97030
97031
97032
97033
97034
97035
97036
97037
97038
97039
97040
97041
97042
97043
97044
97045
97046
97047
97048
97049
97050
97051
97052
97053
97054
97055
97056
97057
97058
97059
97060
97061
97062
97063
97064
97065
97066
97067
97068
97069
97070
97071
97072
97073
97074
97075
97076
97077
97078
97079
97080
97081
97082
97083
97084
97085
97086
97087
97088
97089
97090
97091
97092
97093
97094
97095
97096
97097
97098
97099
97100
97101
97102
97103
97104
97105
97106
97107
97108
97109
97110
97111
97112
97113
97114
97115
97116
97117
97118
97119
97120
97121
97122
97123
97124
97125
97126
97127
97128
97129
97130
97131
97132
97133
97134
97135
97136
97137
97138
97139
97140
97141
97142
97143
97144
97145
97146
97147
97148
97149
97150
97151
97152
97153
97154
97155
97156
97157
97158
97159
97160
97161
97162
97163
97164
97165
97166
97167
97168
97169
97170
97171
97172
97173
97174
97175
97176
97177
97178
97179
97180
97181
97182
97183
97184
97185
97186
97187
97188
97189
97190
97191
97192
97193
97194
97195
97196
97197
97198
97199
97200
97201
97202
97203
97204
97205
97206
97207
97208
97209
97210
97211
97212
97213
97214
97215
97216
97217
97218
97219
97220
97221
97222
97223
97224
97225
97226
97227
97228
97229
97230
97231
97232
97233
97234
97235
97236
97238
97239
97240
97241
97242
97243
97244
97245
97246
97247
97248
97249
97250
97251
97252
97253
97254
97255
97256
97257
97258
97259
97260
97261
97262
97263
97264
97265
97266
97267
97268
97269
97270
97271
97272
97273
97274
97275
97276
97277
97278
97279
97280
97281
97282
97283
97284
97285
97286
97287
97288
97289
97290
97291
97292
97293
97294
97295
97296
97297
97298
97299
97300
97301
97302
97303
97304
97305
97306
97307
97308
97309
97310
97311
97312
97313
97314
97315
97316
97317
97318
97319
97320
97321
97322
97323
97324
97325
97326
97327
97328
97329
97330
97331
97332
97333
97334
97335
97336
97337
97338
97339
97340
97341
97342
97343
97344
97345
97346
97347
97348
97349
97350
97351
97352
97353
97354
97355
97356
97357
97358
97359
97360
97361
97362
97363
97364
97365
97366
97367
97368
97369
97370
97371
97372
97373
97374
97375
97376
97377
97378
97379
97380
97381
97382
97383
97384
97385
97386
97387
97388
97389
97390
97391
97392
97393
97394
97395
97396
97397
97398
97399
97400
97401
97402
97403
97404
97405
97406
97407
97408
97409
97410
97411
97412
97413
97414
97415
97416
97417
97418
97419
97420
97421
97422
97423
97424
97425
97426
97427
97428
97429
97430
97431
97432
97433
97434
97435
97436
97437
97438
97439
97440
97441
97442
97443
97444
97445
97446
97447
97448
97449
97450
97451
97452
97453
97454
97455
97456
97457
97458
97459
97460
97461
97462
97463
97464
97465
97466
97467
97468
97469
97470
97471
97472
97473
97474
97475
97476
97477
97478
97479
97480
97481
97482
97483
97484
97485
97486
97487
97488
97489
97490
97491
97492
97493
97494
97495
97496
97497
97498
97499
97500
97501
97502
97503
97504
97505
97506
97507
97508
97509
97510
97511
97512
97513
97514
97515
97516
97517
97518
97519
97520
97521
97522
97523
97524
97525
97526
97527
97528
97529
97530
97531
97532
97533
97534
97535
97536
97537
97538
97539
97540
97541
97542
97543
97544
97545
97546
97547
97548
97549
97550
97551
97552
97553
97554
97555
97556
97557
97558
97559
97560
97561
97562
97563
97564
97565
97566
97567
97568
97569
97570
97571
97572
97573
97574
97575
97576
97577
97578
97579
97580
97581
97582
97583
97584
97585
97586
97587
97588
97589
97590
97591
97592
97593
97594
97595
97596
97597
97598
97599
97600
97601
97602
97603
97604
97605
97606
97607
97608
97609
97610
97611
97612
97613
97614
97615
97616
97617
97618
97619
97620
97621
97622
97623
97624
97625
97626
97627
97628
97629
97630
97631
97632
97633
97634
97635
97636
97637
97638
97639
97640
97641
97642
97643
97644
97645
97646
97647
97648
97649
97650
97651
97652
97653
97654
97655
97656
97657
97658
97659
97660
97661
97662
97663
97664
97665
97666
97667
97668
97669
97670
97671
97672
97673
97674
97675
97676
97677
97678
97679
97680
97681
97682
97683
97684
97685
97686
97687
97688
97689
97690
97691
97692
97693
97694
97695
97696
97697
97698
97699
97700
97701
97702
97703
97704
97705
97706
97707
97708
97709
97710
97711
97712
97713
97714
97715
97716
97717
97718
97719
97720
97721
97722
97723
97724
97725
97726
97727
97728
97729
97730
97731
97732
97733
97734
97735
97736
97737
97738
97739
97740
97741
97742
97743
97744
97745
97746
97747
97748
97749
97750
97751
97752
97753
97754
97755
97756
97757
97758
97759
97760
97761
97762
97763
97764
97765
97766
97767
97768
97769
97770
97771
97772
97773
97774
97775
97776
97777
97778
97779
97780
97781
97782
97783
97784
97785
97786
97787
97788
97789
97790
97791
97792
97793
97794
97795
97796
97797
97798
97799
97800
97801
97802
97803
97804
97805
97806
97807
97808
97809
97810
97811
97812
97813
97814
97815
97816
97817
97818
97819
97820
97821
97822
97823
97824
97825
97826
97827
97828
97829
97830
97831
97832
97833
97834
97835
97836
97837
97838
97839
97840
97841
97842
97843
97844
97845
97846
97847
97848
97849
97850
97851
97852
97853
97854
97855
97856
97857
97858
97859
97860
97861
97862
97863
97864
97865
97866
97867
97868
97869
97870
97871
97872
97873
97874
97875
97876
97877
97878
97879
97880
97881
97882
97883
97884
97885
97886
97887
97888
97889
97890
97891
97892
97893
97894
97895
97896
97897
97898
97899
97900
97901
97902
97903
97904
97905
97906
97907
97908
97909
97910
97911
97912
97913
97914
97915
97916
97917
97918
97919
97920
97921
97922
97923
97924
97925
97926
97927
97928
97929
97930
97931
97932
97933
97934
97935
97936
97937
97938
97939
97940
97941
97942
97943
97944
97945
97946
97947
97948
97949
97950
97951
97952
97953
97954
97955
97956
97957
97958
97959
97960
97961
97962
97963
97964
97965
97966
97967
97968
97969
97970
97971
97972
97973
97974
97975
97976
97977
97978
97979
97980
97981
97982
97983
97984
97985
97986
97987
97988
97989
97990
97991
97992
97993
97994
97995
97996
97997
97998
97999
98000
98001
98002
98003
98004
98005
98006
98007
98008
98009
98010
98011
98012
98013
98014
98015
98016
98017
98018
98019
98020
98021
98022
98023
98024
98025
98026
98027
98028
98029
98030
98031
98032
98033
98034
98035
98036
98037
98038
98039
98040
98041
98042
98043
98044
98045
98046
98047
98048
98049
98050
98051
98052
98053
98054
98055
98056
98057
98058
98059
98060
98061
98062
98063
98064
98065
98066
98067
98068
98069
98070
98071
98072
98073
98074
98075
98076
98077
98078
98079
98080
98081
98082
98083
98084
98085
98086
98087
98088
98089
98090
98091
98092
98093
98094
98095
98096
98097
98098
98099
98100
98101
98102
98103
98104
98105
98106
98107
98108
98109
98110
98111
98112
98113
98114
98115
98116
98117
98118
98119
98120
98121
98122
98123
98124
98125
98126
98127
98128
98129
98130
98131
98132
98133
98134
98135
98136
98137
98138
98139
98140
98141
98142
98143
98144
98145
98146
98147
98148
98149
98150
98151
98152
98153
98154
98155
98156
98157
98158
98159
98160
98161
98162
98163
98164
98165
98166
98167
98168
98169
98170
98171
98172
98173
98174
98176
98177
98178
98179
98180
98181
98182
98183
98184
98185
98186
98187
98188
98189
98190
98191
98192
98193
98194
98195
98196
98197
98198
98199
98200
98201
98202
98203
98204
98205
98206
98207
98208
98209
98210
98211
98212
98213
98214
98215
98216
98217
98218
98219
98220
98221
98222
98223
98224
98225
98226
98227
98228
98229
98230
98231
98232
98233
98234
98235
98236
98237
98238
98239
98240
98241
98242
98243
98244
98245
98246
98247
98248
98249
98250
98251
98252
98253
98254
98255
98256
98257
98258
98259
98260
98261
98262
98263
98264
98265
98266
98267
98268
98269
98270
98271
98272
98273
98274
98275
98276
98277
98278
98279
98280
98281
98282
98283
98284
98285
98286
98287
98288
98289
98290
98291
98292
98293
98294
98295
98296
98297
98298
98299
98300
98301
98302
98303
98304
98305
98306
98307
98308
98309
98310
98311
98312
98313
98314
98315
98316
98317
98318
98319
98320
98321
98322
98323
98324
98325
98326
98327
98328
98329
98330
98331
98332
98333
98334
98335
98336
98337
98338
98339
98340
98341
98342
98343
98344
98345
98346
98347
98348
98349
98350
98351
98352
98353
98354
98355
98356
98357
98358
98359
98360
98361
98362
98363
98364
98365
98366
98367
98368
98369
98370
98371
98372
98373
98374
98375
98376
98377
98378
98379
98380
98381
98382
98383
98384
98385
98386
98387
98388
98389
98390
98391
98392
98393
98394
98395
98396
98397
98398
98399
98400
98401
98402
98403
98404
98405
98406
98407
98408
98409
98410
98411
98412
98413
98414
98415
98416
98417
98418
98419
98420
98421
98422
98423
98424
98425
98426
98427
98428
98429
98430
98431
98432
98433
98434
98435
98436
98437
98438
98439
98440
98441
98442
98443
98444
98445
98446
98447
98448
98449
98450
98451
98452
98453
98454
98455
98456
98457
98458
98459
98460
98461
98462
98463
98464
98465
98466
98467
98468
98469
98470
98471
98472
98473
98474
98475
98476
98477
98478
98479
98480
98481
98482
98483
98484
98485
98486
98487
98488
98489
98490
98491
98492
98493
98494
98495
98496
98497
98498
98499
98500
98501
98502
98503
98504
98505
98506
98507
98508
98509
98510
98511
98512
98513
98514
98515
98516
98517
98518
98519
98520
98521
98522
98523
98524
98525
98526
98527
98528
98529
98530
98531
98532
98533
98534
98535
98536
98537
98538
98539
98540
98541
98542
98543
98544
98545
98546
98547
98548
98549
98550
98551
98552
98553
98554
98555
98556
98557
98558
98559
98560
98561
98562
98563
98564
98565
98566
98567
98568
98569
98570
98571
98572
98573
98574
98575
98576
98577
98578
98579
98580
98581
98582
98583
98584
98585
98586
98587
98588
98589
98590
98591
98592
98593
98594
98595
98596
98597
98598
98599
98600
98601
98602
98603
98604
98605
98606
98607
98608
98609
98610
98611
98612
98613
98614
98615
98616
98617
98618
98619
98620
98621
98622
98623
98624
98625
98626
98627
98628
98629
98630
98631
98632
98633
98634
98635
98636
98637
98638
98639
98640
98641
98642
98643
98644
98645
98646
98647
98648
98649
98650
98651
98652
98653
98654
98655
98656
98657
98658
98659
98660
98661
98662
98663
98664
98665
98666
98667
98668
98669
98670
98671
98672
98673
98674
98675
98676
98677
98678
98679
98680
98681
98682
98683
98684
98685
98686
98687
98688
98689
98690
98691
98692
98693
98694
98695
98696
98697
98698
98699
98700
98701
98702
98703
98704
98705
98706
98707
98708
98709
98710
98711
98712
98713
98714
98715
98716
98717
98718
98719
98720
98721
98722
98723
98724
98725
98726
98727
98728
98729
98730
98731
98732
98733
98734
98735
98736
98737
98738
98739
98740
98741
98742
98743
98744
98745
98746
98747
98748
98749
98750
98751
98752
98753
98754
98755
98756
98757
98758
98759
98760
98761
98762
98763
98764
98765
98766
98767
98768
98769
98770
98771
98772
98773
98774
98775
98776
98777
98778
98779
98780
98781
98782
98783
98784
98785
98786
98787
98788
98789
98790
98791
98792
98793
98794
98795
98796
98797
98798
98799
98800
98801
98802
98803
98804
98805
98806
98807
98808
98809
98810
98811
98812
98813
98814
98815
98816
98817
98818
98819
98820
98821
98822
98823
98824
98825
98826
98827
98828
98829
98830
98831
98832
98833
98834
98835
98836
98837
98838
98839
98840
98841
98842
98843
98844
98845
98846
98847
98848
98849
98850
98851
98852
98853
98854
98855
98856
98857
98858
98859
98860
98861
98862
98863
98864
98865
98866
98867
98868
98869
98870
98871
98872
98873
98874
98875
98876
98877
98878
98879
98880
98881
98882
98883
98884
98885
98886
98887
98888
98889
98890
98891
98892
98893
98894
98895
98896
98897
98898
98899
98900
98901
98902
98903
98904
98905
98906
98907
98908
98909
98910
98911
98912
98913
98914
98915
98916
98917
98918
98919
98920
98921
98922
98923
98924
98925
98926
98927
98928
98929
98930
98931
98932
98933
98934
98935
98936
98937
98938
98939
98940
98941
98942
98943
98944
98945
98946
98947
98948
98949
98950
98951
98953
98954
98955
98956
98957
98958
98959
98960
98962
98963
98964
98965
98966
98967
98968
98969
98970
98971
98972
98973
98974
98975
98976
98977
98978
98979
98980
98981
98982
98983
98984
98985
98986
98987
98988
98989
98990
98991
98992
98993
98994
98995
98996
98997
98998
98999
99000
99001
99002
99003
99004
99005
99006
99007
99008
99009
99010
99011
99012
99013
99014
99015
99016
99017
99018
99019
99020
99021
99022
99023
99024
99025
99026
99027
99028
99029
99030
99031
99032
99033
99034
99035
99036
99037
99038
99039
99040
99041
99042
99043
99044
99045
99046
99047
99048
99049
99050
99051
99052
99053
99054
99055
99056
99057
99058
99059
99060
99061
99062
99063
99064
99065
99066
99067
99068
99069
99070
99071
99072
99073
99074
99075
99076
99077
99078
99079
99080
99081
99082
99083
99084
99085
99086
99087
99088
99089
99090
99091
99092
99093
99094
99095
99096
99097
99098
99099
99100
99101
99102
99103
99104
99105
99106
99107
99108
99109
99110
99111
99112
99113
99114
99115
99116
99117
99118
99119
99120
99121
99122
99123
99124
99125
99126
99127
99128
99129
99130
99131
99132
99133
99134
99135
99136
99137
99138
99139
99140
99141
99142
99143
99144
99145
99146
99147
99148
99149
99150
99151
99152
99153
99154
99155
99156
99157
99158
99159
99160
99161
99162
99163
99164
99165
99166
99167
99168
99169
99170
99171
99172
99173
99174
99175
99176
99177
99178
99179
99180
99181
99182
99183
99184
99185
99186
99187
99188
99189
99191
99192
99193
99194
99195
99196
99197
99198
99199
99200
99201
99202
99203
99204
99205
99206
99207
99208
99209
99210
99211
99212
99213
99214
99215
99216
99217
99218
99219
99220
99221
99222
99223
99224
99225
99226
99227
99228
99229
99230
99231
99232
99233
99234
99235
99236
99237
99238
99239
99240
99241
99242
99244
99245
99246
99247
99248
99249
99250
99251
99252
99253
99254
99255
99256
99257
99258
99259
99260
99261
99262
99263
99264
99265
99266
99267
99268
99269
99270
99271
99272
99273
99274
99275
99276
99277
99278
99279
99280
99281
99282
99283
99284
99285
99286
99287
99288
99289
99290
99291
99292
99293
99294
99295
99296
99297
99298
99299
99300
99301
99302
99303
99304
99305
99306
99307
99308
99309
99310
99311
99312
99313
99314
99315
99316
99317
99318
99319
99320
99321
99322
99323
99324
99325
99326
99327
99328
99329
99330
99331
99332
99333
99334
99335
99336
99337
99338
99339
99340
99341
99342
99343
99344
99345
99346
99347
99348
99349
99350
99351
99352
99353
99354
99355
99356
99357
99358
99359
99360
99361
99362
99363
99364
99365
99366
99367
99368
99369
99370
99371
99372
99373
99374
99375
99376
99377
99378
99379
99380
99381
99382
99383
99384
99385
99386
99387
99388
99389
99390
99391
99392
99393
99394
99395
99396
99397
99398
99399
99400
99401
99402
99403
99404
99405
99406
99407
99408
99409
99410
99411
99412
99413
99414
99415
99416
99417
99418
99419
99420
99421
99422
99423
99424
99425
99426
99427
99428
99429
99430
99431
99432
99433
99434
99435
99436
99437
99438
99439
99440
99441
99442
99443
99444
99446
99447
99448
99449
99450
99451
99452
99453
99454
99455
99456
99457
99458
99459
99460
99461
99462
99463
99464
99465
99466
99467
99468
99469
99470
99471
99472
99473
99474
99475
99476
99477
99478
99479
99480
99481
99482
99483
99484
99485
99486
99487
99488
99489
99490
99491
99492
99493
99494
99495
99496
99497
99498
99499
99500
99501
99502
99503
99504
99505
99506
99507
99508
99509
99510
99511
99512
99513
99514
99515
99516
99517
99518
99519
99520
99521
99522
99523
99524
99525
99526
99527
99528
99529
99530
99531
99532
99533
99534
99535
99536
99537
99538
99539
99540
99541
99542
99543
99544
99545
99546
99547
99548
99549
99550
99551
99552
99553
99554
99555
99556
99557
99558
99559
99560
99561
99562
99563
99564
99565
99566
99567
99568
99569
99570
99571
99572
99573
99574
99575
99576
99577
99578
99579
99580
99581
99582
99583
99584
99585
99586
99587
99588
99589
99590
99591
99592
99593
99594
99595
99596
99597
99598
99599
99600
99601
99602
99603
99604
99605
99606
99607
99608
99609
99610
99611
99612
99613
99614
99615
99616
99617
99618
99619
99620
99621
99622
99623
99624
99625
99626
99627
99628
99629
99630
99631
99632
99633
99634
99635
99636
99637
99638
99639
99640
99641
99642
99643
99644
99645
99646
99647
99648
99649
99650
99651
99652
99653
99654
99655
99656
99657
99658
99659
99660
99661
99662
99663
99664
99665
99666
99667
99668
99669
99670
99671
99672
99673
99674
99675
99676
99677
99678
99679
99680
99681
99682
99683
99684
99685
99686
99687
99688
99689
99690
99691
99692
99693
99694
99695
99696
99697
99698
99699
99700
99701
99702
99703
99704
99705
99706
99707
99708
99709
99710
99711
99712
99713
99714
99715
99716
99717
99718
99719
99720
99721
99722
99723
99724
99725
99726
99727
99728
99729
99730
99731
99732
99733
99734
99735
99736
99737
99738
99739
99740
99741
99742
99743
99744
99745
99746
99747
99748
99749
99750
99751
99752
99753
99754
99755
99756
99757
99758
99759
99760
99761
99762
99763
99764
99765
99766
99767
99768
99769
99770
99771
99772
99773
99774
99775
99776
99777
99778
99779
99780
99781
99782
99783
99784
99785
99786
99787
99788
99789
99790
99791
99792
99793
99794
99795
99796
99797
99798
99799
99800
99801
99802
99803
99804
99805
99806
99807
99808
99809
99810
99811
99812
99813
99814
99815
99816
99817
99818
99819
99820
99821
99822
99823
99824
99825
99826
99827
99828
99829
99830
99831
99832
99833
99834
99835
99836
99837
99838
99839
99840
99841
99842
99843
99844
99845
99846
99847
99848
99849
99850
99851
99852
99853
99854
99855
99856
99857
99858
99859
99860
99861
99862
99863
99864
99865
99866
99867
99868
99869
99870
99871
99872
99873
99874
99875
99876
99877
99878
99879
99880
99881
99882
99883
99884
99885
99886
99887
99888
99889
99890
99891
99892
99893
99894
99895
99896
99897
99898
99899
99900
99901
99902
99903
99904
99905
99906
99907
99908
99909
99910
99911
99912
99913
99914
99915
99916
99917
99918
99919
99920
99921
99922
99923
99924
99925
99926
99927
99928
99929
99930
99931
99932
99933
99934
99935
99936
99937
99938
99939
99940
99941
99942
99943
99944
99945
99946
99947
99948
99949
99950
99951
99952
99953
99954
99955
99956
99957
99958
99959
99960
99961
99962
99963
99964
99965
99966
99967
99968
99969
99970
99971
99972
99973
99974
99975
99976
99977
99978
99979
99980
99981
99982
99983
99984
99985
99986
99987
99988
99989
99990
99991
99992
99993
99994
99995
99996
99997
99998
99999
100000
100001
100002
100003
100004
100005
100006
100007
100008
100009
100010
100011
100012
100013
100014
100015
100016
100017
100018
100019
100020
100021
100022
100023
100024
100025
100026
100027
100028
100029
100030
100031
100032
100033
100034
100035
100036
100037
100038
100039
100040
100041
100042
100043
100044
100045
100046
100047
100048
100049
100050
100051
100052
100053
100054
100055
100056
100057
100058
100059
100060
100061
100062
100063
100064
100065
100066
100067
100068
100069
100070
100071
100072
100073
100074
100075
100076
100077
100078
100079
100080
100081
100082
100084
100085
100086
100087
100088
100089
100090
100091
100092
100093
100094
100095
100096
100097
100098
100099
100100
100101
100102
100103
100104
100105
100106
100107
100108
100109
100110
100111
100112
100113
100114
100115
100116
100117
100118
100119
100120
100121
100122
100123
100124
100125
100126
100127
100128
100129
100130
100131
100132
100133
100134
100135
100136
100137
100138
100139
100140
100141
100142
100143
100144
100145
100146
100147
100148
100149
100150
100151
100152
100153
100154
100155
100156
100157
100158
100159
100160
100161
100162
100163
100164
100165
100166
100167
100168
100169
100170
100171
100172
100173
100174
100175
100176
100177
100178
100179
100180
100181
100182
100183
100184
100185
100186
100187
100188
100189
100190
100191
100192
100193
100194
100195
100196
100197
100198
100199
100200
100201
100202
100203
100204
100205
100206
100207
100208
100209
100210
100211
100212
100213
100214
100215
100216
100217
100218
100219
100220
100221
100222
100223
100224
100225
100226
100227
100228
100229
100230
100231
100232
100233
100234
100235
100236
100237
100238
100239
100240
100241
100242
100243
100244
100245
100246
100247
100248
100249
100250
100251
100252
100253
100254
100255
100256
100257
100258
100259
100260
100261
100262
100263
100264
100265
100266
100267
100268
100269
100270
100271
100272
100273
100274
100275
100276
100277
100278
100279
100280
100281
100282
100283
100284
100285
100286
100287
100288
100289
100290
100291
100292
100293
100294
100295
100296
100297
100298
100299
100300
100301
100302
100303
100304
100305
100306
100307
100308
100309
100310
100311
100312
100313
100314
100315
100316
100317
100318
100319
100320
100321
100322
100323
100324
100325
100326
100327
100328
100329
100330
100331
100332
100333
100334
100335
100336
100337
100338
100339
100340
100341
100342
100343
100344
100345
100346
100347
100348
100349
100350
100351
100352
100353
100354
100355
100356
100357
100358
100359
100360
100361
100362
100363
100364
100365
100366
100367
100368
100369
100370
100371
100372
100373
100374
100375
100376
100377
100378
100379
100380
100381
100382
100383
100384
100385
100386
100387
100388
100389
100390
100391
100392
100393
100394
100395
100396
100397
100398
100399
100400
100401
100402
100403
100404
100405
100406
100407
100408
100409
100410
100411
100412
100413
100414
100415
100416
100417
100418
100419
100420
100421
100422
100423
100424
100425
100426
100427
100428
100429
100430
100431
100432
100433
100434
100435
100436
100437
100438
100439
100440
100441
100442
100443
100444
100445
100446
100447
100448
100449
100450
100451
100452
100453
100454
100455
100456
100457
100458
100459
100460
100461
100462
100463
100464
100465
100466
100467
100468
100469
100470
100471
100472
100473
100474
100475
100476
100477
100478
100479
100480
100481
100482
100483
100484
100485
100486
100487
100488
100489
100490
100491
100492
100493
100494
100495
100496
100497
100498
100499
100500
100501
100502
100503
100504
100505
100506
100507
100508
100509
100510
100511
100512
100513
100514
100515
100516
100517
100518
100519
100520
100521
100522
100523
100524
100525
100526
100527
100528
100529
100530
100531
100532
100533
100534
100535
100536
100537
100538
100539
100540
100541
100542
100543
100544
100545
100546
100547
100548
100549
100550
100551
100552
100553
100554
100555
100556
100557
100558
100559
100560
100561
100562
100563
100564
100565
100566
100567
100568
100569
100570
100571
100572
100573
100574
100575
100576
100577
100578
100579
100580
100581
100582
100583
100584
100585
100586
100587
100588
100589
100590
100591
100592
100593
100594
100595
100596
100597
100598
100599
100600
100601
100602
100603
100604
100605
100606
100607
100608
100609
100610
100611
100612
100613
100614
100615
100616
100617
100618
100619
100620
100621
100622
100623
100624
100625
100626
100627
100628
100629
100630
100631
100632
100633
100634
100635
100636
100637
100638
100639
100640
100641
100642
100643
100644
100645
100646
100647
100648
100649
100650
100651
100652
100653
100654
100655
100656
100657
100658
100659
100660
100661
100662
100663
100664
100665
100666
100667
100668
100669
100670
100671
100672
100673
100674
100675
100676
100677
100678
100679
100680
100681
100682
100683
100684
100685
100686
100687
100688
100689
100690
100691
100692
100693
100694
100695
100696
100697
100698
100699
100700
100701
100702
100703
100704
100705
100706
100707
100708
100709
100710
100711
100712
100713
100714
100715
100716
100717
100718
100719
100720
100721
100722
100723
100724
100725
100726
100727
100728
100729
100730
100731
100732
100733
100734
100735
100736
100737
100738
100739
100740
100741
100742
100743
100744
100745
100746
100747
100748
100749
100750
100751
100752
100753
100754
100755
100756
100757
100758
100759
100760
100761
100762
100763
100764
100765
100766
100767
100768
100769
100770
100771
100772
100773
100774
100775
100776
100777
100778
100779
100780
100781
100782
100783
100785
100786
100787
100788
100789
100790
100791
100792
100793
100794
100795
100796
100797
100798
100799
100800
100801
100802
100803
100804
100805
100806
100807
100808
100809
100810
100811
100812
100813
100814
100815
100816
100817
100818
100819
100820
100821
100822
100823
100824
100825
100826
100827
100828
100829
100830
100831
100832
100833
100834
100835
100836
100837
100838
100839
100840
100841
100842
100843
100844
100845
100846
100848
100849
100850
100851
100852
100853
100854
100855
100856
100857
100858
100859
100860
100861
100862
100863
100864
100865
100866
100867
100868
100869
100870
100871
100872
100873
100874
100875
100876
100877
100878
100879
100880
100881
100882
100883
100884
100885
100886
100887
100888
100889
100890
100891
100892
100893
100894
100895
100896
100897
100898
100899
100900
100901
100902
100904
100905
100906
100907
100908
100909
100910
100911
100912
100913
100914
100915
100916
100917
100918
100919
100920
100921
100922
100923
100924
100925
100926
100927
100928
100929
100930
100931
100932
100933
100934
100935
100936
100937
100938
100939
100940
100941
100942
100943
100944
100945
100946
100947
100948
100949
100950
100951
100952
100953
100954
100955
100956
100957
100958
100959
100960
100961
100962
100963
100964
100965
100966
100967
100968
100969
100970
100971
100972
100973
100974
100975
100976
100977
100978
100979
100980
100981
100982
100983
100984
100985
100986
100987
100988
100989
100990
100991
100992
100993
100994
100995
100996
100997
100998
100999
101000
101001
101002
101003
101004
101005
101006
101007
101008
101009
101010
101011
101012
101013
101014
101015
101016
101017
101018
101019
101020
101021
101022
101023
101024
101025
101026
101027
101028
101029
101030
101031
101032
101033
101034
101035
101036
101037
101038
101039
101040
101041
101042
101043
101044
101045
101046
101047
101048
101049
101050
101051
101052
101053
101054
101055
101056
101057
101058
101059
101060
101061
101062
101063
101064
101065
101066
101067
101068
101069
101070
101071
101072
101073
101074
101075
101076
101077
101078
101079
101080
101081
101082
101083
101084
101085
101086
101087
101088
101089
101090
101091
101092
101093
101094
101095
101096
101097
101098
101099
101100
101101
101102
101103
101104
101105
101106
101107
101108
101109
101110
101111
101112
101113
101114
101115
101116
101117
101118
101119
101120
101121
101122
101123
101124
101125
101126
101127
101128
101129
101130
101131
101132
101133
101134
101135
101136
101137
101138
101139
101140
101141
101142
101143
101144
101145
101146
101147
101148
101149
101150
101151
101152
101153
101154
101155
101156
101157
101158
101159
101160
101161
101162
101163
101164
101165
101166
101167
101168
101169
101170
101171
101172
101173
101174
101175
101176
101177
101178
101179
101180
101181
101182
101183
101184
101185
101186
101187
101188
101189
101190
101191
101192
101193
101194
101195
101196
101197
101198
101199
101200
101201
101202
101203
101204
101205
101206
101207
101208
101209
101210
101211
101212
101213
101214
101215
101216
101217
101218
101219
101220
101221
101222
101223
101224
101225
101226
101227
101228
101229
101230
101231
101232
101233
101234
101235
101236
101237
101238
101239
101240
101241
101242
101243
101244
101245
101246
101247
101248
101249
101250
101251
101252
101253
101254
101255
101256
101257
101258
101259
101260
101261
101262
101263
101264
101265
101266
101267
101268
101269
101270
101271
101272
101273
101274
101275
101276
101277
101278
101279
101280
101281
101282
101283
101284
101285
101286
101287
101288
101289
101290
101291
101292
101293
101294
101295
101296
101297
101298
101299
101300
101301
101302
101303
101304
101305
101306
101307
101308
101309
101310
101311
101312
101313
101314
101315
101316
101317
101318
101319
101320
101321
101322
101323
101324
101325
101326
101327
101328
101329
101330
101331
101332
101333
101334
101335
101336
101337
101338
101339
101340
101341
101342
101343
101344
101345
101346
101347
101348
101349
101350
101351
101352
101353
101354
101355
101356
101357
101358
101359
101360
101361
101362
101363
101364
101365
101366
101367
101368
101369
101370
101371
101372
101373
101374
101375
101376
101377
101378
101379
101380
101381
101382
101383
101384
101385
101386
101387
101388
101389
101390
101391
101392
101393
101394
101395
101396
101397
101398
101399
101400
101401
101402
101403
101404
101405
101406
101407
101408
101409
101410
101411
101412
101413
101414
101415
101416
101417
101418
101419
101420
101421
101422
101423
101424
101425
101426
101427
101428
101429
101430
101431
101432
101433
101434
101435
101436
101437
101438
101439
101440
101441
101442
101443
101444
101445
101446
101447
101448
101449
101450
101451
101452
101453
101454
101455
101456
101457
101458
101459
101460
101461
101462
101463
101464
101465
101466
101467
101468
101469
101470
101471
101472
101473
101474
101475
101476
101477
101478
101479
101480
101481
101482
101483
101484
101485
101486
101487
101488
101489
101490
101491
101492
101493
101494
101495
101496
101497
101498
101499
101500
101501
101502
101503
101504
101505
101506
101507
101508
101509
101510
101511
101512
101513
101514
101515
101516
101517
101518
101519
101520
101521
101522
101523
101524
101525
101526
101527
101528
101529
101530
101531
101532
101533
101534
101535
101536
101537
101538
101539
101540
101541
101542
101543
101544
101545
101546
101547
101548
101549
101550
101551
101552
101553
101554
101555
101556
101557
101558
101559
101560
101561
101562
101563
101564
101565
101566
101567
101568
101569
101570
101571
101572
101573
101574
101575
101576
101577
101578
101579
101580
101581
101582
101583
101584
101585
101586
101587
101588
101589
101590
101591
101592
101593
101594
101595
101596
101597
101598
101599
101600
101601
101602
101603
101604
101605
101606
101607
101608
101609
101610
101611
101612
101613
101614
101615
101616
101617
101618
101619
101620
101621
101622
101623
101624
101625
101626
101627
101628
101629
101630
101631
101632
101633
101634
101635
101636
101637
101638
101639
101640
101641
101642
101643
101644
101645
101646
101647
101648
101649
101650
101651
101652
101653
101654
101655
101656
101657
101658
101659
101660
101661
101662
101663
101664
101665
101666
101667
101668
101669
101670
101671
101672
101673
101674
101675
101676
101677
101678
101679
101680
101681
101682
101683
101684
101685
101686
101687
101688
101689
101690
101691
101692
101693
101694
101695
101696
101697
101698
101699
101700
101701
101702
101703
101704
101705
101706
101707
101708
101709
101710
101711
101712
101713
101714
101715
101716
101717
101718
101719
101720
101721
101722
101723
101724
101725
101726
101727
101728
101729
101730
101731
101732
101733
101734
101735
101736
101737
101738
101739
101740
101741
101742
101743
101744
101745
101746
101747
101748
101749
101750
101751
101752
101753
101754
101755
101756
101757
101758
101759
101760
101761
101762
101763
101764
101765
101766
101767
101768
101769
101770
101771
101772
101773
101774
101775
101776
101777
101778
101779
101780
101781
101782
101783
101784
101785
101786
101787
101788
101789
101790
101791
101792
101793
101794
101795
101796
101797
101798
101799
101800
101801
101802
101803
101804
101805
101806
101807
101808
101809
101810
101811
101812
101813
101814
101815
101816
101817
101818
101819
101820
101821
101822
101823
101824
101825
101826
101827
101828
101829
101830
101831
101832
101833
101834
101835
101836
101837
101838
101839
101840
101841
101842
101843
101844
101845
101846
101847
101848
101849
101850
101851
101852
101853
101854
101855
101856
101857
101858
101859
101860
101861
101862
101863
101864
101865
101866
101867
101868
101869
101870
101871
101872
101873
101874
101875
101876
101877
101878
101879
101880
101881
101882
101883
101884
101885
101886
101887
101888
101889
101890
101891
101892
101893
101894
101895
101896
101897
101898
101899
101900
101901
101902
101903
101904
101905
101906
101907
101908
101909
101910
101911
101912
101913
101914
101915
101916
101917
101918
101919
101920
101921
101922
101923
101924
101925
101926
101927
101928
101929
101930
101931
101932
101933
101934
101935
101936
101937
101938
101939
101940
101941
101942
101943
101944
101945
101946
101947
101948
101949
101950
101951
101952
101953
101954
101955
101956
101957
101958
101959
101960
101961
101962
101963
101964
101965
101966
101967
101968
101969
101970
101971
101972
101973
101974
101975
101976
101977
101978
101979
101980
101981
101982
101983
101984
101985
101986
101987
101988
101989
101990
101991
101992
101993
101994
101995
101996
101997
101998
101999
102000
102001
102002
102003
102004
102005
102006
102007
102008
102009
102010
102011
102012
102013
102014
102015
102016
102017
102018
102019
102020
102021
102022
102023
102024
102025
102026
102027
102028
102029
102030
102031
102032
102033
102034
102035
102036
102037
102038
102039
102040
102041
102042
102043
102044
102045
102046
102047
102048
102049
102050
102051
102052
102053
102054
102055
102056
102057
102058
102059
102060
102061
102062
102063
102064
102065
102066
102067
102068
102069
102070
102071
102072
102073
102074
102075
102076
102077
102078
102079
102080
102081
102082
102083
102084
102085
102086
102087
102088
102089
102090
102091
102092
102093
102094
102095
102096
102097
102098
102099
102100
102101
102102
102103
102104
102105
102106
102107
102108
102109
102110
102111
102112
102113
102114
102115
102116
102117
102118
102119
102120
102121
102122
102123
102124
102125
102126
102127
102128
102129
102130
102131
102132
102133
102134
102135
102136
102137
102138
102139
102140
102141
102142
102143
102144
102145
102146
102147
102148
102149
102150
102151
102152
102153
102154
102155
102156
102157
102158
102159
102160
102161
102162
102163
102164
102165
102166
102167
102168
102169
102170
102171
102172
102173
102174
102175
102176
102177
102178
102179
102180
102181
102182
102183
102184
102185
102186
102187
102188
102189
102190
102191
102192
102193
102194
102195
102196
102197
102198
102199
102200
102201
102202
102203
102204
102205
102206
102207
102208
102209
102210
102211
102212
102213
102214
102215
102216
102217
102218
102219
102220
102221
102222
102223
102224
102225
102226
102227
102228
102229
102230
102231
102232
102233
102234
102235
102236
102237
102238
102239
102240
102241
102242
102243
102244
102245
102246
102247
102248
102249
102250
102251
102252
102253
102254
102255
102256
102257
102258
102259
102260
102261
102262
102263
102264
102265
102266
102267
102268
102269
102270
102271
102272
102273
102274
102275
102276
102277
102278
102279
102280
102281
102282
102283
102284
102285
102286
102287
102288
102289
102290
102291
102292
102293
102294
102295
102296
102297
102298
102299
102300
102301
102302
102303
102304
102305
102306
102307
102308
102309
102310
102311
102312
102313
102314
102315
102316
102317
102318
102319
102320
102321
102322
102323
102324
102325
102326
102327
102328
102329
102330
102331
102332
102333
102334
102335
102336
102337
102338
102339
102340
102341
102342
102343
102344
102345
102346
102347
102348
102349
102350
102351
102352
102353
102354
102355
102356
102357
102358
102359
102360
102361
102362
102363
102364
102365
102366
102367
102368
102369
102370
102371
102372
102373
102374
102375
102376
102377
102378
102379
102380
102381
102382
102383
102384
102385
102386
102387
102388
102389
102390
102391
102392
102393
102394
102395
102396
102397
102398
102399
102400
102401
102402
102403
102404
102405
102406
102407
102408
102409
102410
102411
102412
102413
102414
102415
102416
102417
102418
102419
102420
102421
102422
102423
102424
102425
102426
102427
102428
102429
102430
102431
102432
102433
102434
102435
102436
102437
102438
102439
102440
102441
102442
102443
102444
102445
102446
102447
102448
102449
102450
102451
102452
102453
102454
102455
102456
102457
102458
102459
102460
102461
102462
102463
102464
102465
102466
102467
102468
102469
102470
102471
102472
102473
102474
102475
102476
102477
102478
102479
102480
102481
102482
102483
102484
102485
102486
102487
102488
102489
102490
102491
102492
102493
102494
102495
102496
102497
102498
102499
102500
102501
102502
102503
102504
102505
102506
102507
102508
102509
102510
102511
102512
102513
102514
102515
102516
102517
102518
102519
102520
102521
102522
102523
102524
102525
102526
102527
102528
102529
102530
102531
102532
102533
102534
102535
102536
102537
102538
102539
102540
102541
102542
102543
102544
102545
102546
102547
102548
102549
102550
102551
102552
102553
102554
102555
102556
102557
102558
102559
102560
102561
102562
102563
102564
102565
102566
102567
102568
102569
102570
102571
102572
102573
102574
102575
102576
102577
102578
102579
102580
102581
102582
102583
102584
102585
102586
102587
102588
102589
102590
102591
102592
102593
102594
102595
102596
102597
102598
102599
102600
102601
102602
102603
102604
102605
102606
102607
102608
102609
102610
102611
102612
102613
102614
102615
102616
102617
102618
102619
102620
102621
102622
102623
102624
102625
102626
102627
102628
102629
102630
102631
102632
102633
102634
102635
102636
102637
102638
102639
102640
102641
102642
102643
102644
102645
102646
102647
102648
102649
102650
102651
102652
102653
102654
102655
102656
102657
102658
102659
102660
102661
102662
102663
102664
102665
102666
102667
102668
102669
102670
102671
102672
102673
102674
102675
102676
102677
102678
102679
102680
102681
102682
102683
102684
102685
102686
102687
102688
102689
102690
102691
102692
102693
102694
102695
102696
102697
102698
102699
102700
102701
102702
102703
102704
102705
102706
102707
102708
102709
102710
102711
102712
102713
102714
102715
102716
102717
102718
102719
102720
102721
102722
102723
102724
102725
102726
102727
102728
102729
102730
102731
102732
102733
102734
102735
102736
102737
102738
102739
102740
102741
102742
102743
102744
102745
102746
102747
102748
102749
102750
102751
102752
102753
102754
102755
102756
102757
102758
102759
102760
102761
102762
102763
102764
102765
102766
102767
102768
102769
102770
102771
102772
102773
102774
102775
102776
102777
102778
102779
102780
102781
102782
102783
102784
102785
102786
102787
102788
102789
102790
102791
102792
102793
102794
102795
102796
102797
102798
102799
102800
102801
102802
102803
102804
102805
102806
102807
102808
102809
102810
102811
102812
102813
102814
102815
102816
102817
102818
102819
102820
102821
102822
102823
102824
102825
102826
102827
102828
102829
102830
102831
102832
102833
102834
102835
102836
102837
102838
102839
102840
102841
102842
102843
102844
102845
102846
102847
102848
102849
102850
102851
102852
102853
102854
102855
102856
102857
102858
102859
102860
102861
102862
102863
102864
102865
102866
102867
102868
102869
102870
102871
102872
102873
102874
102875
102876
102877
102878
102879
102880
102881
102882
102883
102884
102885
102886
102887
102888
102889
102890
102891
102892
102893
102894
102895
102896
102897
102898
102899
102900
102901
102902
102903
102904
102905
102906
102908
102909
102910
102911
102912
102913
102914
102915
102916
102917
102918
102919
102920
102921
102922
102923
102924
102925
102926
102927
102928
102929
102930
102931
102932
102933
102934
102935
102936
102937
102938
102939
102940
102941
102942
102943
102944
102945
102946
102947
102948
102949
102950
102951
102952
102953
102954
102955
102956
102957
102958
102959
102960
102961
102962
102963
102964
102965
102966
102967
102968
102969
102970
102971
102972
102973
102974
102975
102976
102977
102978
102979
102980
102981
102982
102983
102984
102985
102986
102987
102988
102989
102990
102991
102992
102993
102994
102995
102996
102997
102998
102999
103000
103001
103002
103003
103004
103005
103006
103007
103008
103009
103010
103011
103012
103013
103014
103015
103016
103017
103018
103019
103020
103021
103022
103023
103024
103025
103026
103027
103028
103029
103030
103031
103032
103033
103034
103035
103036
103037
103038
103039
103040
103041
103042
103043
103044
103045
103046
103047
103048
103049
103050
103051
103052
103053
103054
103055
103056
103057
103058
103059
103060
103061
103062
103063
103064
103065
103066
103067
103068
103069
103070
103071
103072
103073
103074
103075
103076
103077
103078
103079
103080
103081
103082
103083
103084
103085
103086
103087
103088
103089
103090
103091
103092
103093
103094
103095
103096
103097
103098
103099
103100
103101
103102
103103
103104
103105
103106
103107
103108
103109
103110
103111
103112
103113
103114
103115
103116
103117
103118
103119
103120
103121
103122
103123
103124
103125
103126
103127
103128
103129
103130
103131
103132
103133
103134
103135
103136
103137
103138
103139
103140
103141
103142
103143
103144
103145
103146
103147
103148
103149
103150
103151
103152
103153
103154
103155
103156
103157
103158
103159
103160
103161
103162
103163
103164
103165
103166
103167
103168
103169
103170
103171
103172
103173
103174
103175
103176
103177
103178
103179
103180
103181
103182
103183
103184
103185
103186
103187
103188
103189
103190
103191
103192
103193
103194
103195
103196
103197
103198
103199
103200
103201
103202
103203
103204
103205
103206
103207
103208
103209
103210
103211
103212
103213
103214
103215
103216
103217
103218
103219
103220
103221
103222
103223
103224
103225
103226
103227
103228
103229
103230
103231
103232
103233
103234
103235
103236
103237
103238
103239
103240
103241
103242
103243
103244
103245
103246
103247
103248
103249
103250
103251
103252
103253
103254
103255
103256
103257
103258
103259
103260
103261
103262
103263
103264
103265
103266
103267
103268
103269
103270
103271
103272
103273
103274
103275
103276
103277
103278
103279
103280
103281
103282
103283
103284
103285
103286
103287
103288
103289
103290
103291
103292
103293
103294
103295
103296
103297
103298
103299
103300
103301
103302
103303
103304
103305
103306
103307
103308
103309
103310
103311
103312
103313
103314
103315
103316
103317
103318
103319
103320
103321
103322
103323
103324
103325
103326
103327
103328
103329
103330
103331
103332
103333
103334
103335
103336
103337
103338
103339
103340
103341
103342
103343
103344
103345
103346
103347
103348
103349
103350
103351
103352
103353
103354
103355
103356
103357
103358
103359
103360
103361
103362
103363
103364
103365
103366
103367
103368
103369
103370
103371
103372
103373
103374
103375
103376
103377
103378
103379
103380
103381
103382
103383
103384
103385
103386
103387
103388
103389
103390
103391
103392
103393
103394
103395
103396
103397
103398
103399
103400
103401
103402
103403
103404
103405
103406
103407
103408
103409
103410
103411
103412
103413
103414
103415
103416
103417
103418
103419
103420
103421
103422
103423
103424
103425
103426
103427
103428
103429
103430
103431
103432
103433
103434
103435
103436
103437
103438
103439
103440
103441
103442
103443
103444
103445
103446
103447
103448
103449
103450
103451
103452
103453
103454
103455
103456
103457
103458
103459
103460
103461
103462
103463
103464
103465
103466
103467
103468
103469
103470
103471
103472
103473
103474
103475
103476
103477
103478
103479
103480
103481
103482
103483
103484
103485
103486
103487
103488
103489
103490
103491
103492
103493
103494
103495
103496
103497
103498
103499
103500
103501
103502
103503
103504
103505
103506
103507
103508
103509
103510
103511
103512
103513
103514
103515
103516
103517
103518
103519
103520
103521
103522
103523
103524
103525
103526
103527
103528
103529
103530
103531
103532
103533
103534
103535
103536
103537
103538
103539
103540
103541
103542
103543
103544
103545
103546
103547
103548
103549
103550
103551
103552
103553
103554
103555
103556
103557
103558
103559
103560
103561
103562
103563
103564
103565
103566
103567
103568
103569
103570
103571
103572
103573
103574
103575
103576
103577
103578
103579
103580
103581
103582
103583
103584
103585
103586
103587
103588
103589
103590
103591
103592
103593
103594
103595
103596
103597
103598
103599
103600
103601
103602
103603
103604
103605
103606
103607
103608
103609
103610
103611
103612
103613
103614
103615
103616
103617
103618
103619
103620
103621
103622
103623
103624
103625
103626
103627
103628
103629
103630
103631
103632
103633
103634
103635
103636
103637
103638
103639
103640
103641
103642
103643
103644
103645
103646
103647
103648
103649
103650
103651
103652
103653
103654
103655
103656
103657
103658
103659
103660
103661
103662
103663
103664
103665
103666
103667
103668
103669
103670
103671
103672
103673
103674
103675
103676
103677
103678
103679
103680
103681
103682
103683
103684
103685
103686
103687
103688
103689
103690
103691
103692
103693
103694
103695
103696
103697
103698
103699
103700
103701
103702
103703
103704
103705
103706
103707
103708
103709
103710
103711
103712
103713
103714
103715
103716
103717
103718
103719
103720
103721
103722
103723
103724
103725
103726
103727
103728
103729
103730
103731
103732
103733
103734
103735
103736
103737
103738
103739
103740
103741
103742
103743
103744
103745
103746
103747
103748
103749
103750
103751
103752
103753
103754
103755
103756
103757
103758
103759
103760
103761
103762
103763
103764
103765
103766
103767
103768
103769
103770
103771
103772
103773
103774
103775
103776
103777
103778
103779
103780
103781
103782
103783
103784
103785
103786
103787
103788
103789
103790
103791
103792
103793
103794
103795
103796
103797
103798
103799
103800
103801
103802
103803
103804
103805
103806
103807
103808
103809
103810
103811
103812
103813
103814
103815
103816
103817
103818
103819
103820
103821
103822
103823
103824
103825
103826
103827
103828
103829
103830
103831
103832
103833
103834
103835
103836
103837
103838
103839
103840
103841
103842
103843
103844
103845
103846
103847
103848
103849
103850
103851
103852
103853
103854
103855
103856
103857
103858
103859
103860
103861
103862
103863
103864
103865
103866
103867
103868
103869
103870
103871
103872
103873
103874
103875
103876
103877
103878
103879
103880
103881
103882
103883
103884
103885
103886
103887
103888
103889
103890
103891
103892
103893
103894
103895
103896
103897
103898
103899
103900
103901
103902
103903
103904
103905
103906
103907
103908
103909
103910
103911
103912
103913
103914
103915
103916
103917
103918
103919
103920
103921
103922
103923
103924
103925
103926
103927
103928
103929
103930
103931
103932
103933
103934
103935
103936
103937
103938
103939
103940
103941
103942
103943
103944
103945
103946
103947
103948
103949
103950
103951
103952
103953
103954
103955
103956
103957
103958
103959
103960
103961
103962
103963
103964
103965
103966
103967
103968
103969
103970
103971
103972
103973
103974
103975
103976
103977
103978
103979
103980
103981
103982
103983
103984
103985
103986
103987
103988
103989
103990
103991
103992
103993
103994
103995
103996
103997
103998
103999
104000
104001
104002
104003
104004
104005
104006
104007
104008
104009
104010
104011
104012
104013
104014
104015
104016
104017
104018
104019
104020
104021
104022
104023
104024
104025
104026
104027
104028
104029
104030
104031
104032
104033
104034
104035
104036
104037
104038
104039
104040
104041
104042
104043
104044
104045
104046
104047
104048
104049
104050
104051
104052
104053
104054
104055
104056
104057
104058
104059
104060
104061
104062
104063
104064
104065
104066
104067
104068
104069
104070
104071
104072
104073
104074
104075
104076
104077
104078
104079
104080
104081
104082
104083
104084
104085
104086
104087
104088
104089
104090
104091
104092
104093
104094
104095
104096
104097
104098
104099
104100
104101
104102
104103
104104
104105
104106
104107
104108
104109
104110
104111
104112
104113
104114
104115
104116
104117
104118
104119
104120
104121
104122
104123
104124
104125
104126
104127
104128
104129
104130
104131
104132
104133
104134
104135
104136
104137
104138
104139
104140
104141
104142
104143
104144
104145
104146
104147
104148
104149
104150
104151
104152
104153
104154
104155
104156
104157
104158
104159
104160
104161
104162
104163
104164
104165
104166
104167
104168
104169
104170
104171
104172
104173
104174
104175
104176
104177
104178
104179
104180
104181
104182
104183
104184
104185
104186
104187
104188
104189
104190
104191
104192
104193
104194
104195
104196
104197
104198
104199
104200
104201
104202
104203
104204
104205
104206
104207
104208
104209
104210
104211
104212
104213
104214
104215
104216
104217
104218
104219
104220
104221
104222
104223
104224
104225
104226
104227
104228
104229
104230
104231
104232
104233
104234
104235
104236
104237
104238
104239
104240
104241
104242
104243
104244
104245
104246
104247
104248
104249
104250
104251
104252
104253
104254
104255
104256
104257
104258
104259
104260
104261
104262
104263
104264
104265
104266
104267
104268
104269
104270
104271
104272
104273
104274
104275
104276
104277
104278
104279
104280
104281
104282
104283
104284
104285
104286
104287
104288
104289
104290
104291
104292
104293
104294
104295
104296
104297
104298
104299
104300
104301
104302
104303
104304
104305
104306
104307
104308
104309
104310
104311
104312
104313
104314
104315
104316
104317
104318
104319
104320
104321
104322
104323
104324
104325
104326
104327
104328
104329
104330
104331
104332
104333
104334
104335
104336
104337
104338
104339
104340
104341
104342
104343
104344
104345
104346
104347
104348
104349
104350
104351
104352
104353
104354
104355
104356
104357
104358
104359
104360
104361
104362
104363
104364
104365
104366
104367
104368
104369
104370
104371
104372
104373
104374
104375
104376
104377
104378
104379
104380
104381
104382
104383
104384
104385
104386
104387
104388
104389
104390
104391
104392
104393
104394
104395
104396
104397
104398
104399
104400
104401
104402
104403
104404
104405
104406
104407
104408
104409
104410
104411
104412
104413
104414
104415
104416
104417
104418
104419
104420
104421
104422
104423
104424
104425
104426
104427
104428
104429
104430
104431
104432
104433
104434
104435
104436
104437
104438
104439
104440
104441
104442
104443
104444
104445
104446
104447
104448
104449
104450
104451
104452
104453
104454
104455
104456
104457
104458
104459
104460
104461
104462
104463
104464
104465
104466
104467
104468
104469
104470
104471
104472
104473
104474
104475
104476
104477
104478
104479
104480
104481
104482
104483
104484
104485
104486
104487
104488
104489
104490
104491
104492
104493
104494
104495
104496
104497
104498
104499
104500
104501
104502
104503
104504
104505
104506
104507
104508
104509
104510
104511
104512
104513
104514
104515
104516
104517
104518
104519
104520
104521
104522
104523
104524
104525
104526
104527
104528
104529
104530
104531
104532
104533
104534
104535
104536
104537
104538
104539
104540
104541
104542
104543
104544
104545
104546
104547
104548
104549
104550
104551
104552
104553
104554
104555
104556
104557
104558
104559
104560
104561
104562
104563
104564
104565
104566
104567
104568
104569
104570
104571
104572
104573
104574
104575
104576
104577
104578
104579
104580
104581
104582
104583
104584
104585
104586
104587
104588
104589
104590
104591
104592
104593
104594
104595
104596
104597
104598
104599
104600
104601
104602
104603
104604
104605
104606
104607
104608
104609
104610
104611
104612
104613
104614
104615
104616
104617
104618
104619
104620
104621
104622
104623
104624
104625
104626
104627
104628
104629
104630
104631
104632
104633
104634
104635
104636
104637
104638
104639
104640
104641
104642
104643
104644
104645
104646
104647
104648
104649
104650
104651
104652
104653
104654
104655
104656
104657
104658
104659
104660
104661
104662
104663
104664
104665
104666
104667
104668
104669
104670
104671
104672
104673
104674
104675
104676
104677
104678
104679
104680
104681
104682
104683
104684
104685
104686
104687
104688
104689
104690
104691
104692
104693
104694
104695
104696
104697
104698
104699
104700
104701
104702
104703
104704
104705
104706
104707
104708
104709
104710
104711
104712
104713
104714
104715
104716
104717
104718
104719
104720
104721
104722
104723
104724
104725
104726
104727
104728
104729
104730
104731
104732
104733
104734
104735
104736
104737
104738
104739
104740
104741
104742
104743
104744
104745
104746
104747
104748
104749
104750
104751
104752
104753
104754
104755
104756
104757
104758
104759
104760
104761
104762
104763
104764
104765
104766
104767
104768
104769
104770
104771
104772
104773
104774
104775
104776
104777
104778
104779
104780
104781
104782
104783
104784
104785
104786
104787
104788
104789
104790
104791
104792
104793
104794
104795
104796
104797
104798
104799
104800
104801
104802
104803
104804
104805
104806
104807
104808
104809
104810
104811
104812
104813
104814
104815
104816
104817
104818
104819
104820
104821
104822
104823
104824
104825
104826
104827
104828
104829
104830
104831
104832
104833
104834
104835
104836
104837
104838
104839
104840
104841
104842
104843
104844
104845
104846
104847
104848
104849
104850
104851
104852
104853
104854
104855
104856
104857
104858
104859
104860
104861
104862
104863
104864
104865
104866
104867
104868
104869
104870
104871
104872
104873
104874
104875
104876
104877
104878
104879
104880
104881
104882
104883
104884
104885
104886
104887
104888
104889
104890
104891
104892
104893
104894
104895
104896
104897
104898
104899
104900
104901
104902
104903
104904
104905
104906
104907
104908
104909
104910
104911
104912
104913
104914
104915
104916
104917
104918
104919
104920
104921
104922
104923
104924
104925
104926
104927
104928
104929
104930
104931
104932
104933
104934
104935
104936
104937
104938
104939
104940
104941
104942
104943
104944
104945
104946
104947
104948
104949
104950
104951
104952
104953
104954
104955
104956
104957
104958
104959
104960
104961
104962
104963
104964
104965
104966
104967
104968
104969
104970
104971
104972
104973
104974
104975
104976
104977
104978
104979
104980
104981
104982
104983
104984
104985
104986
104987
104988
104989
104990
104991
104992
104993
104994
104995
104996
104997
104998
104999
105000
105001
105002
105003
105004
105005
105006
105007
105008
105009
105010
105011
105012
105013
105014
105015
105016
105017
105018
105019
105020
105021
105022
105023
105024
105025
105026
105027
105028
105029
105030
105031
105032
105033
105034
105035
105036
105037
105038
105039
105040
105041
105042
105043
105044
105045
105046
105047
105048
105049
105050
105051
105052
105053
105054
105055
105056
105057
105058
105059
105060
105061
105062
105063
105064
105065
105066
105067
105068
105069
105070
105071
105072
105073
105074
105075
105076
105077
105078
105079
105080
105081
105082
105083
105084
105085
105086
105087
105088
105089
105090
105091
105092
105093
105094
105095
105096
105097
105098
105099
105100
105101
105102
105103
105104
105105
105106
105107
105108
105109
105110
105111
105112
105113
105114
105115
105116
105117
105118
105119
105120
105121
105122
105123
105124
105125
105126
105127
105128
105129
105130
105131
105132
105133
105134
105135
105136
105137
105138
105139
105140
105141
105142
105143
105144
105145
105146
105147
105148
105149
105150
105151
105152
105153
105154
105155
105156
105157
105158
105159
105160
105161
105162
105163
105164
105165
105166
105167
105168
105169
105170
105171
105172
105173
105174
105175
105176
105177
105178
105179
105180
105181
105182
105183
105184
105185
105186
105187
105188
105189
105190
105191
105192
105193
105194
105195
105196
105197
105198
105199
105200
105201
105202
105203
105204
105205
105206
105207
105208
105209
105210
105211
105212
105213
105214
105215
105216
105217
105218
105219
105220
105221
105222
105223
105224
105225
105226
105227
105228
105229
105230
105231
105232
105233
105234
105235
105236
105237
105238
105239
105240
105241
105242
105243
105244
105245
105246
105247
105248
105249
105250
105251
105252
105253
105254
105255
105256
105257
105258
105259
105260
105261
105262
105263
105264
105265
105266
105267
105268
105269
105270
105271
105272
105273
105274
105275
105276
105277
105278
105279
105280
105281
105282
105283
105284
105285
105286
105287
105288
105289
105290
105291
105292
105293
105294
105295
105296
105297
105298
105299
105300
105301
105302
105303
105304
105305
105306
105307
105308
105309
105310
105311
105312
105313
105314
105315
105316
105317
105318
105319
105320
105321
105322
105323
105324
105325
105326
105327
105328
105329
105330
105331
105332
105333
105334
105335
105336
105337
105338
105339
105340
105341
105342
105343
105344
105345
105346
105347
105348
105349
105350
105351
105352
105353
105354
105355
105356
105357
105358
105359
105360
105361
105362
105363
105364
105365
105366
105367
105368
105369
105370
105371
105372
105373
105374
105375
105376
105377
105378
105379
105380
105381
105382
105383
105384
105385
105386
105387
105388
105389
105390
105391
105392
105393
105394
105395
105396
105397
105398
105399
105400
105401
105402
105403
105404
105405
105406
105407
105408
105409
105410
105411
105412
105413
105414
105415
105416
105417
105418
105419
105420
105421
105422
105423
105424
105425
105426
105427
105428
105429
105430
105431
105432
105433
105434
105435
105436
105437
105438
105439
105440
105441
105442
105443
105444
105445
105446
105447
105448
105449
105450
105451
105452
105453
105454
105455
105456
105457
105458
105459
105460
105461
105462
105463
105464
105465
105466
105467
105468
105469
105470
105471
105472
105473
105474
105475
105476
105477
105478
105479
105480
105481
105482
105483
105484
105485
105486
105487
105488
105489
105490
105491
105492
105493
105494
105495
105496
105497
105498
105499
105500
105501
105502
105503
105504
105505
105506
105507
105508
105509
105510
105511
105512
105513
105514
105515
105516
105517
105518
105519
105520
105521
105522
105523
105524
105525
105526
105527
105528
105529
105530
105531
105532
105533
105534
105535
105536
105537
105538
105539
105540
105541
105542
105543
105544
105545
105546
105547
105548
105549
105550
105551
105552
105553
105554
105555
105556
105557
105558
105559
105560
105561
105562
105563
105564
105565
105566
105567
105568
105569
105570
105571
105572
105573
105574
105575
105576
105577
105578
105579
105580
105581
105582
105583
105584
105585
105586
105587
105588
105589
105590
105591
105592
105593
105594
105595
105596
105597
105598
105599
105600
105601
105602
105603
105604
105605
105606
105607
105608
105609
105610
105611
105612
105613
105614
105615
105616
105617
105618
105619
105620
105621
105622
105623
105624
105625
105626
105627
105628
105629
105630
105631
105632
105633
105634
105635
105636
105637
105638
105639
105640
105641
105642
105643
105644
105645
105646
105647
105648
105649
105650
105651
105652
105653
105654
105655
105656
105657
105658
105659
105660
105661
105662
105663
105664
105665
105666
105667
105668
105669
105670
105671
105672
105673
105674
105675
105676
105677
105678
105679
105680
105681
105682
105683
105684
105685
105686
105687
105688
105689
105690
105691
105692
105693
105694
105695
105696
105697
105698
105699
105700
105701
105702
105703
105704
105705
105706
105707
105708
105709
105710
105711
105712
105713
105714
105715
105716
105717
105718
105719
105720
105721
105722
105723
105724
105725
105726
105727
105728
105729
105730
105731
105732
105733
105734
105735
105736
105737
105738
105739
105740
105741
105742
105743
105744
105745
105746
105747
105748
105749
105750
105751
105752
105753
105754
105755
105756
105757
105758
105759
105760
105761
105762
105763
105764
105765
105766
105767
105768
105769
105770
105771
105772
105773
105774
105775
105776
105777
105778
105779
105780
105781
105782
105783
105784
105785
105786
105787
105788
105789
105790
105791
105792
105793
105794
105795
105796
105797
105798
105799
105800
105801
105802
105803
105804
105805
105806
105807
105808
105809
105810
105811
105812
105813
105814
105815
105816
105817
105818
105819
105820
105821
105822
105823
105824
105825
105826
105827
105828
105829
105830
105831
105832
105833
105834
105835
105836
105837
105838
105839
105840
105841
105842
105843
105844
105845
105846
105847
105848
105849
105850
105851
105852
105853
105854
105855
105856
105857
105858
105859
105860
105861
105862
105863
105864
105865
105866
105867
105868
105869
105870
105871
105872
105873
105874
105875
105876
105877
105878
105879
105880
105881
105882
105883
105884
105885
105886
105887
105888
105889
105890
105891
105892
105893
105894
105895
105896
105897
105898
105899
105900
105901
105902
105903
105904
105905
105906
105907
105908
105909
105910
105911
105912
105913
105914
105915
105916
105917
105918
105919
105920
105921
105922
105923
105924
105925
105926
105927
105928
105929
105930
105931
105932
105933
105934
105935
105936
105937
105938
105939
105940
105941
105942
105943
105944
105945
105946
105947
105948
105949
105950
105951
105952
105953
105954
105955
105956
105957
105958
105959
105960
105961
105962
105963
105964
105965
105966
105967
105968
105969
105970
105971
105972
105973
105974
105975
105976
105977
105978
105979
105980
105981
105982
105983
105984
105985
105986
105987
105988
105989
105990
105991
105992
105993
105994
105995
105996
105997
105998
105999
106000
106001
106002
106003
106004
106005
106006
106007
106008
106009
106010
106011
106012
106013
106014
106015
106016
106017
106018
106019
106020
106021
106022
106023
106024
106025
106026
106027
106028
106029
106030
106031
106032
106033
106034
106035
106036
106037
106038
106039
106040
106041
106042
106043
106044
106045
106046
106047
106048
106049
106050
106051
106052
106053
106054
106055
106056
106057
106058
106059
106060
106061
106062
106063
106064
106065
106066
106067
106068
106069
106070
106071
106072
106073
106074
106075
106076
106077
106078
106079
106080
106081
106082
106083
106084
106085
106086
106087
106088
106089
106090
106091
106092
106093
106094
106095
106096
106097
106098
106099
106100
106101
106102
106103
106104
106105
106106
106107
106108
106109
106110
106111
106112
106113
106114
106115
106116
106117
106118
106119
106120
106121
106122
106123
106124
106125
106126
106127
106128
106129
106130
106131
106132
106133
106134
106135
106136
106137
106138
106139
106140
106141
106142
106143
106144
106145
106146
106147
106148
106149
106150
106151
106152
106153
106154
106155
106156
106157
106158
106159
106160
106161
106162
106163
106164
106165
106166
106167
106168
106169
106170
106171
106172
106173
106174
106175
106176
106177
106178
106179
106180
106181
106182
106183
106184
106185
106186
106187
106188
106189
106190
106191
106192
106193
106194
106195
106196
106197
106198
106199
106200
106201
106202
106203
106204
106205
106206
106207
106208
106209
106210
106211
106212
106213
106214
106215
106216
106217
106218
106219
106220
106221
106222
106223
106224
106225
106226
106227
106228
106229
106230
106231
106232
106233
106234
106235
106236
106237
106238
106239
106240
106241
106242
106243
106244
106245
106246
106247
106248
106249
106250
106251
106252
106253
106254
106255
106256
106257
106258
106259
106260
106261
106262
106263
106264
106265
106266
106267
106268
106269
106270
106271
106272
106273
106274
106275
106276
106277
106278
106279
106280
106281
106282
106283
106284
106285
106286
106287
106288
106289
106290
106291
106292
106293
106294
106295
106296
106297
106298
106299
106300
106301
106302
106303
106304
106305
106306
106307
106308
106309
106310
106311
106312
106313
106314
106315
106316
106317
106318
106319
106320
106321
106322
106323
106324
106325
106326
106327
106328
106329
106330
106331
106332
106333
106334
106335
106336
106337
106338
106339
106340
106341
106342
106343
106344
106345
106346
106347
106348
106349
106350
106351
106352
106353
106354
106355
106356
106357
106358
106359
106360
106361
106362
106363
106364
106365
106366
106367
106368
106369
106370
106371
106372
106373
106374
106375
106376
106377
106378
106379
106380
106381
106382
106383
106384
106385
106386
106387
106388
106389
106390
106391
106392
106393
106394
106395
106396
106397
106398
106399
106400
106401
106402
106403
106404
106405
106406
106407
106408
106409
106410
106411
106412
106413
106414
106415
106416
106417
106418
106419
106420
106421
106422
106423
106424
106425
106426
106427
106428
106429
106430
106431
106432
106433
106434
106435
106436
106437
106438
106439
106440
106441
106442
106443
106444
106445
106446
106447
106448
106449
106450
106451
106452
106453
106454
106455
106456
106457
106458
106459
106460
106461
106462
106463
106464
106465
106466
106467
106468
106469
106470
106471
106472
106473
106474
106475
106476
106477
106478
106479
106480
106481
106482
106483
106484
106485
106486
106487
106488
106489
106490
106491
106492
106493
106494
106495
106496
106497
106498
106499
106500
106501
106502
106503
106504
106505
106506
106507
106508
106509
106510
106511
106512
106513
106514
106515
106516
106517
106518
106519
106520
106521
106522
106523
106524
106525
106526
106527
106528
106529
106530
106531
106532
106533
106534
106535
106536
106537
106538
106539
106540
106541
106542
106543
106544
106545
106546
106547
106548
106549
106550
106551
106552
106553
106554
106555
106556
106557
106558
106559
106560
106561
106562
106563
106564
106565
106566
106567
106568
106569
106570
106571
106572
106573
106574
106575
106576
106577
106578
106579
106580
106581
106582
106583
106584
106585
106586
106587
106588
106589
106590
106591
106592
106593
106594
106595
106596
106597
106598
106599
106600
106601
106602
106603
106604
106605
106606
106607
106608
106609
106610
106611
106612
106613
106614
106615
106616
106617
106618
106619
106620
106621
106622
106623
106624
106625
106626
106627
106628
106629
106630
106631
106632
106633
106634
106635
106636
106637
106638
106639
106640
106641
106642
106643
106644
106645
106646
106647
106648
106649
106650
106651
106652
106653
106654
106655
106656
106657
106658
106659
106660
106661
106662
106663
106664
106665
106666
106667
106668
106669
106670
106671
106672
106673
106674
106675
106676
106677
106678
106679
106680
106681
106682
106683
106684
106685
106686
106687
106688
106689
106690
106691
106692
106693
106694
106695
106696
106697
106698
106699
106700
106701
106702
106703
106704
106705
106706
106707
106708
106709
106710
106711
106712
106713
106714
106715
106716
106717
106718
106719
106720
106721
106722
106723
106724
106725
106726
106727
106728
106729
106730
106731
106732
106733
106734
106735
106736
106737
106738
106739
106740
106741
106742
106743
106744
106745
106746
106747
106748
106749
106750
106751
106752
106753
106754
106755
106756
106757
106758
106759
106760
106761
106762
106763
106764
106765
106766
106767
106768
106769
106770
106771
106772
106773
106774
106775
106776
106777
106778
106779
106780
106781
106782
106783
106784
106785
106786
106787
106788
106789
106790
106791
106792
106793
106794
106795
106796
106797
106798
106799
106800
106801
106802
106803
106804
106805
106806
106807
106808
106809
106810
106811
106812
106813
106814
106815
106816
106817
106818
106819
106820
106821
106822
106823
106824
106825
106826
106827
106828
106829
106830
106831
106832
106833
106834
106835
106836
106837
106838
106839
106840
106841
106842
106843
106844
106845
106846
106847
106848
106849
106850
106851
106852
106853
106854
106855
106856
106857
106858
106859
106860
106861
106862
106863
106864
106865
106866
106867
106868
106869
106870
106871
106872
106873
106874
106875
106876
106877
106878
106879
106880
106881
106882
106883
106884
106885
106886
106887
106888
106889
106890
106891
106892
106893
106894
106895
106896
106897
106898
106899
106900
106901
106902
106903
106904
106905
106906
106907
106908
106909
106910
106911
106912
106913
106914
106915
106916
106917
106918
106919
106920
106921
106922
106923
106924
106925
106926
106927
106928
106929
106930
106931
106932
106933
106934
106935
106936
106937
106938
106939
106940
106941
106942
106943
106944
106945
106946
106947
106948
106949
106950
106951
106952
106953
106954
106955
106956
106957
106958
106959
106960
106961
106962
106963
106964
106965
106966
106967
106968
106969
106970
106971
106972
106973
106974
106975
106976
106977
106978
106979
106980
106981
106982
106983
106984
106985
106986
106987
106988
106989
106990
106991
106992
106993
106994
106995
106996
106997
106998
106999
107000
107001
107002
107003
107004
107005
107006
107007
107008
107009
107010
107011
107012
107013
107014
107015
107016
107017
107018
107019
107020
107021
107022
107023
107024
107025
107026
107027
107028
107029
107030
107031
107032
107033
107034
107035
107036
107037
107038
107039
107040
107041
107042
107043
107044
107045
107046
107047
107048
107049
107050
107051
107052
107053
107054
107055
107056
107057
107058
107059
107060
107061
107062
107063
107064
107065
107066
107067
107068
107069
107070
107071
107072
107073
107074
107075
107076
107077
107078
107079
107080
107081
107082
107083
107084
107085
107086
107087
107088
107089
107090
107091
107092
107093
107094
107095
107096
107097
107098
107099
107100
107101
107102
107103
107104
107105
107106
107107
107108
107109
107110
107111
107112
107113
107114
107115
107116
107117
107118
107119
107120
107121
107122
107123
107124
107125
107126
107127
107128
107129
107130
107131
107132
107133
107134
107135
107136
107137
107138
107139
107140
107141
107142
107143
107144
107145
107146
107147
107148
107149
107150
107151
107152
107153
107154
107155
107156
107157
107158
107159
107160
107161
107162
107163
107164
107165
107166
107167
107168
107169
107170
107171
107172
107173
107174
107175
107176
107177
107178
107179
107180
107181
107182
107183
107184
107185
107186
107187
107188
107189
107190
107191
107192
107193
107194
107195
107196
107197
107198
107199
107200
107201
107202
107203
107204
107205
107206
107207
107208
107209
107210
107211
107212
107213
107214
107215
107216
107217
107218
107219
107220
107221
107222
107223
107224
107225
107226
107227
107228
107229
107230
107231
107232
107233
107234
107235
107236
107237
107238
107239
107240
107241
107242
107243
107244
107245
107246
107247
107248
107249
107250
107251
107252
107253
107254
107255
107256
107257
107258
107259
107260
107261
107262
107263
107264
107265
107266
107267
107268
107269
107270
107271
107272
107273
107274
107275
107276
107277
107278
107279
107280
107281
107282
107283
107284
107285
107286
107287
107288
107289
107290
107291
107292
107293
107294
107295
107296
107297
107298
107299
107300
107301
107302
107303
107304
107305
107306
107307
107308
107309
107310
107311
107312
107313
107314
107315
107316
107317
107318
107319
107320
107321
107322
107323
107324
107325
107326
107327
107328
107329
107330
107331
107332
107333
107334
107335
107336
107337
107338
107339
107340
107341
107342
107343
107344
107345
107346
107347
107348
107349
107350
107351
107352
107353
107354
107355
107356
107357
107358
107359
107360
107361
107362
107363
107364
107365
107366
107367
107368
107369
107370
107371
107372
107373
107374
107375
107376
107377
107378
107379
107380
107381
107382
107383
107384
107385
107386
107387
107388
107389
107390
107391
107392
107393
107394
107395
107396
107397
107398
107399
107400
107401
107402
107403
107404
107405
107406
107407
107408
107409
107410
107411
107412
107413
107414
107415
107416
107417
107418
107419
107420
107421
107422
107423
107424
107425
107426
107427
107428
107429
107430
107431
107432
107433
107434
107435
107436
107437
107438
107439
107440
107441
107442
107443
107444
107445
107446
107447
107448
107449
107450
107451
107452
107453
107454
107455
107456
107457
107458
107459
107460
107461
107462
107463
107464
107465
107466
107467
107468
107469
107470
107471
107472
107473
107474
107475
107476
107477
107478
107479
107480
107481
107482
107483
107484
107485
107486
107487
107488
107489
107490
107491
107492
107493
107494
107495
107496
107497
107498
107499
107500
107501
107502
107503
107504
107505
107506
107507
107508
107509
107510
107511
107512
107513
107514
107515
107516
107517
107518
107519
107520
107521
107522
107523
107524
107525
107526
107527
107528
107529
107530
107531
107532
107533
107534
107535
107536
107537
107538
107539
107540
107541
107542
107543
107544
107545
107546
107547
107548
107549
107550
107551
107552
107553
107554
107555
107556
107557
107558
107559
107560
107561
107562
107563
107564
107565
107566
107567
107568
107569
107570
107571
107572
107573
107574
107575
107576
107577
107578
107579
107580
107581
107582
107583
107584
107585
107586
107587
107588
107589
107590
107591
107592
107593
107594
107595
107596
107597
107598
107599
107600
107601
107602
107603
107604
107605
107606
107607
107608
107609
107610
107611
107612
107613
107614
107615
107616
107617
107618
107619
107620
107621
107622
107623
107624
107625
107626
107627
107628
107629
107630
107631
107632
107633
107634
107635
107636
107637
107638
107639
107640
107641
107642
107643
107644
107645
107646
107647
107648
107649
107650
107651
107652
107653
107654
107655
107656
107657
107658
107659
107660
107661
107662
107663
107664
107665
107666
107667
107668
107669
107670
107671
107672
107673
107674
107675
107676
107677
107678
107679
107680
107681
107682
107683
107684
107685
107686
107687
107688
107689
107690
107691
107692
107693
107694
107695
107696
107697
107698
107699
107700
107701
107702
107703
107704
107705
107706
107707
107708
107709
107710
107711
107712
107713
107714
107715
107716
107717
107718
107719
107720
107721
107722
107723
107724
107725
107726
107727
107728
107729
107730
107731
107732
107733
107734
107735
107736
107737
107738
107739
107740
107741
107742
107743
107744
107745
107746
107747
107748
107749
107750
107751
107752
107753
107754
107755
107756
107757
107758
107759
107760
107761
107762
107763
107764
107765
107766
107767
107768
107769
107770
107771
107772
107773
107774
107775
107776
107777
107778
107779
107780
107781
107782
107783
107784
107785
107786
107787
107788
107789
107790
107791
107792
107793
107794
107795
107796
107797
107798
107799
107800
107801
107802
107803
107804
107805
107806
107807
107808
107809
107810
107811
107812
107813
107814
107815
107816
107817
107818
107819
107820
107821
107822
107823
107824
107825
107826
107827
107828
107829
107830
107831
107832
107833
107834
107835
107836
107837
107838
107839
107840
107841
107842
107843
107844
107845
107846
107847
107848
107849
107850
107851
107852
107853
107854
107855
107856
107857
107858
107859
107860
107861
107862
107863
107864
107865
107866
107867
107868
107869
107870
107871
107872
107873
107874
107875
107876
107877
107878
107879
107880
107881
107882
107883
107884
107885
107886
107887
107888
107889
107890
107891
107892
107893
107894
107895
107896
107897
107898
107899
107900
107901
107902
107903
107904
107905
107906
107907
107908
107909
107910
107911
107912
107913
107914
107915
107916
107917
107918
107919
107920
107921
107922
107923
107924
107925
107926
107927
107928
107929
107930
107931
107932
107933
107934
107935
107936
107937
107938
107939
107940
107941
107942
107943
107944
107945
107946
107947
107948
107949
107950
107951
107952
107953
107954
107955
107956
107957
107958
107959
107960
107961
107962
107963
107964
107965
107966
107967
107968
107969
107970
107971
107972
107973
107974
107975
107976
107977
107978
107979
107980
107981
107982
107983
107984
107985
107986
107987
107988
107989
107990
107991
107992
107993
107994
107995
107996
107997
107998
107999
108000
108001
108002
108003
108004
108005
108006
108007
108008
108009
108010
108011
108012
108013
108014
108015
108016
108017
108018
108019
108020
108021
108022
108023
108024
108025
108026
108027
108028
108029
108030
108031
108032
108033
108034
108035
108036
108037
108038
108039
108040
108041
108042
108043
108044
108045
108046
108047
108048
108049
108050
108051
108052
108053
108054
108055
108056
108057
108058
108059
108060
108061
108062
108063
108064
108065
108066
108067
108068
108069
108070
108071
108072
108073
108074
108075
108076
108077
108078
108079
108080
108081
108082
108083
108084
108085
108086
108087
108088
108089
108090
108091
108092
108093
108094
108095
108096
108097
108098
108099
108100
108101
108102
108103
108104
108105
108106
108107
108108
108109
108110
108111
108112
108113
108114
108115
108116
108117
108118
108119
108120
108121
108122
108123
108124
108125
108126
108127
108128
108129
108130
108131
108132
108133
108134
108135
108136
108137
108138
108139
108140
108141
108142
108143
108144
108145
108146
108147
108148
108149
108150
108151
108152
108153
108154
108155
108156
108157
108158
108159
108160
108161
108162
108163
108164
108165
108166
108167
108168
108169
108170
108171
108172
108173
108174
108175
108176
108177
108178
108180
108181
108182
108183
108184
108185
108186
108187
108188
108189
108190
108191
108192
108193
108194
108195
108196
108197
108198
108199
108200
108201
108202
108203
108204
108205
108206
108207
108208
108209
108210
108211
108212
108213
108214
108215
108216
108217
108218
108219
108220
108221
108222
108223
108224
108225
108226
108227
108228
108229
108230
108231
108232
108233
108234
108235
108236
108237
108238
108239
108240
108241
108242
108243
108244
108245
108246
108247
108248
108249
108250
108251
108252
108253
108254
108255
108256
108257
108258
108259
108260
108261
108262
108263
108264
108265
108266
108267
108268
108269
108270
108271
108272
108273
108274
108275
108276
108277
108278
108279
108280
108281
108282
108283
108284
108285
108286
108287
108288
108289
108290
108291
108292
108293
108294
108295
108296
108297
108298
108299
108300
108301
108302
108303
108304
108305
108306
108307
108308
108309
108310
108311
108312
108313
108314
108315
108316
108317
108318
108319
108320
108321
108322
108323
108324
108325
108326
108327
108328
108329
108330
108331
108332
108333
108334
108335
108336
108337
108338
108339
108340
108341
108342
108343
108344
108345
108346
108347
108348
108349
108350
108351
108352
108353
108354
108355
108356
108357
108358
108359
108360
108361
108362
108363
108364
108365
108366
108367
108368
108369
108370
108371
108372
108373
108374
108375
108376
108377
108378
108379
108380
108381
108382
108383
108384
108385
108386
108387
108388
108389
108390
108391
108392
108393
108394
108395
108396
108397
108398
108399
108400
108401
108402
108403
108404
108405
108406
108407
108408
108409
108410
108411
108412
108413
108414
108415
108416
108417
108418
108419
108420
108421
108422
108423
108424
108425
108426
108427
108428
108429
108430
108431
108432
108433
108434
108435
108436
108437
108438
108439
108440
108441
108442
108443
108444
108445
108446
108447
108448
108449
108450
108451
108452
108453
108454
108455
108456
108457
108458
108459
108460
108461
108462
108463
108464
108465
108466
108467
108468
108469
108470
108471
108472
108473
108474
108475
108476
108477
108478
108479
108480
108481
108482
108483
108484
108485
108486
108487
108488
108489
108490
108491
108492
108493
108494
108495
108496
108497
108498
108499
108500
108501
108502
108503
108504
108505
108506
108507
108508
108509
108510
108511
108512
108513
108514
108515
108516
108517
108518
108519
108520
108521
108522
108523
108524
108525
108526
108527
108528
108529
108530
108531
108532
108533
108534
108535
108536
108537
108538
108539
108540
108541
108542
108543
108544
108545
108546
108547
108548
108549
108550
108551
108552
108553
108554
108555
108556
108557
108558
108559
108560
108561
108562
108563
108564
108565
108566
108567
108568
108569
108570
108571
108572
108573
108574
108575
108576
108577
108578
108579
108580
108581
108582
108583
108584
108585
108586
108587
108588
108589
108590
108591
108592
108593
108594
108595
108596
108597
108598
108599
108600
108601
108602
108603
108604
108605
108606
108607
108608
108609
108610
108611
108612
108613
108614
108615
108616
108617
108618
108619
108620
108621
108622
108623
108624
108625
108626
108627
108628
108629
108630
108631
108632
108633
108634
108635
108636
108637
108638
108639
108640
108641
108642
108643
108644
108645
108646
108647
108648
108649
108650
108651
108652
108653
108654
108655
108656
108657
108658
108659
108660
108661
108662
108663
108664
108665
108666
108667
108668
108669
108670
108671
108672
108673
108674
108675
108676
108677
108678
108679
108680
108681
108682
108683
108684
108685
108686
108687
108688
108689
108690
108691
108692
108693
108694
108695
108696
108697
108698
108699
108700
108701
108702
108703
108704
108705
108706
108707
108708
108709
108710
108711
108712
108713
108714
108715
108716
108717
108718
108719
108720
108721
108722
108723
108724
108725
108726
108727
108728
108729
108730
108731
108732
108733
108734
108735
108736
108737
108738
108739
108740
108741
108742
108743
108744
108745
108746
108747
108748
108749
108750
108751
108752
108753
108754
108755
108756
108757
108758
108759
108760
108761
108762
108763
108764
108765
108766
108767
108768
108769
108770
108771
108772
108773
108774
108775
108776
108777
108778
108779
108780
108781
108782
108783
108784
108785
108786
108787
108788
108789
108790
108791
108792
108793
108794
108795
108796
108797
108798
108799
108800
108801
108802
108803
108804
108805
108806
108807
108808
108809
108810
108811
108812
108813
108814
108815
108816
108817
108818
108819
108820
108821
108822
108823
108824
108825
108826
108827
108828
108829
108830
108831
108832
108833
108834
108835
108836
108837
108838
108839
108840
108841
108842
108843
108844
108845
108846
108847
108848
108849
108850
108851
108852
108853
108854
108855
108856
108857
108858
108859
108860
108861
108862
108863
108864
108865
108866
108867
108868
108869
108870
108871
108872
108873
108874
108875
108876
108877
108878
108879
108880
108881
108882
108883
108884
108885
108886
108887
108888
108889
108890
108891
108892
108893
108894
108895
108896
108897
108898
108899
108900
108901
108902
108903
108904
108905
108906
108907
108908
108909
108910
108911
108912
108913
108914
108915
108916
108917
108918
108919
108920
108921
108922
108923
108924
108925
108926
108927
108928
108929
108930
108931
108932
108933
108934
108935
108936
108937
108938
108939
108940
108941
108942
108943
108944
108945
108946
108947
108948
108949
108950
108951
108952
108953
108954
108955
108956
108957
108958
108959
108960
108961
108962
108963
108964
108965
108966
108967
108968
108969
108970
108971
108972
108973
108974
108975
108976
108977
108978
108979
108980
108981
108982
108983
108984
108985
108986
108987
108988
108989
108990
108991
108992
108993
108994
108995
108996
108997
108998
108999
109000
109001
109002
109003
109004
109005
109006
109007
109008
109009
109010
109011
109012
109013
109014
109015
109016
109017
109018
109019
109020
109021
109022
109023
109024
109025
109026
109027
109028
109029
109030
109031
109032
109033
109034
109035
109036
109037
109038
109039
109040
109041
109042
109043
109044
109045
109046
109047
109048
109049
109050
109051
109052
109053
109054
109055
109056
109057
109058
109059
109060
109061
109062
109063
109064
109065
109066
109067
109068
109069
109070
109071
109072
109073
109074
109075
109076
109077
109078
109079
109080
109081
109082
109083
109084
109085
109086
109087
109088
109089
109090
109091
109092
109093
109094
109095
109096
109097
109098
109099
109100
109101
109102
109103
109104
109105
109106
109107
109108
109109
109110
109111
109112
109113
109114
109115
109116
109117
109118
109119
109120
109121
109122
109123
109124
109125
109126
109127
109128
109129
109130
109131
109132
109133
109134
109135
109136
109137
109138
109139
109140
109141
109142
109143
109144
109145
109146
109147
109148
109149
109150
109151
109152
109153
109154
109155
109156
109157
109158
109159
109160
109161
109162
109163
109164
109165
109166
109167
109168
109169
109170
109171
109172
109173
109174
109175
109176
109177
109178
109179
109180
109181
109182
109183
109184
109185
109186
109187
109188
109189
109190
109191
109192
109193
109194
109195
109196
109197
109198
109199
109200
109201
109202
109203
109204
109205
109206
109207
109208
109209
109210
109211
109212
109213
109214
109215
109216
109217
109218
109219
109220
109221
109222
109223
109224
109225
109226
109227
109228
109229
109230
109231
109232
109233
109234
109235
109236
109237
109238
109239
109240
109241
109242
109243
109244
109245
109246
109247
109248
109249
109250
109251
109252
109253
109254
109255
109256
109257
109258
109259
109260
109261
109262
109263
109264
109265
109266
109267
109268
109269
109270
109271
109272
109273
109274
109275
109276
109277
109278
109279
109280
109281
109282
109283
109284
109285
109286
109287
109288
109289
109290
109291
109292
109293
109294
109295
109296
109297
109298
109299
109300
109301
109302
109303
109304
109305
109306
109307
109308
109309
109310
109311
109312
109313
109314
109315
109316
109317
109318
109319
109320
109321
109322
109323
109324
109325
109326
109327
109328
109329
109330
109331
109332
109333
109334
109335
109336
109337
109338
109339
109340
109341
109342
109343
109344
109345
109346
109347
109348
109349
109350
109351
109352
109353
109354
109355
109356
109357
109358
109359
109360
109361
109362
109363
109364
109365
109366
109367
109368
109369
109370
109371
109372
109373
109374
109375
109376
109377
109378
109379
109380
109381
109382
109383
109384
109385
109386
109387
109388
109389
109390
109391
109392
109393
109394
109395
109396
109397
109398
109399
109400
109401
109402
109403
109404
109405
109406
109407
109408
109409
109410
109411
109412
109413
109414
109415
109416
109417
109418
109419
109420
109421
109422
109423
109424
109425
109426
109427
109428
109429
109430
109431
109432
109433
109434
109435
109436
109437
109438
109439
109440
109441
109442
109443
109444
109445
109446
109447
109448
109449
109450
109451
109452
109453
109454
109455
109456
109457
109458
109459
109460
109461
109462
109463
109464
109465
109466
109467
109468
109469
109470
109471
109472
109473
109474
109475
109476
109477
109478
109479
109480
109481
109482
109483
109484
109485
109486
109487
109488
109489
109490
109491
109492
109493
109494
109495
109496
109497
109498
109499
109500
109501
109502
109503
109504
109505
109506
109507
109508
109509
109510
109511
109512
109513
109514
109515
109516
109517
109518
109519
109520
109521
109522
109523
109524
109525
109526
109527
109528
109529
109530
109531
109532
109533
109534
109535
109536
109537
109538
109539
109540
109541
109542
109543
109544
109545
109546
109547
109548
109549
109550
109551
109552
109553
109554
109555
109556
109557
109558
109559
109560
109561
109562
109563
109564
109565
109566
109567
109568
109569
109570
109571
109572
109573
109574
109575
109576
109577
109578
109579
109580
109581
109582
109583
109584
109585
109586
109587
109588
109589
109590
109591
109592
109593
109594
109595
109596
109597
109598
109599
109600
109601
109602
109603
109604
109605
109606
109607
109608
109609
109610
109611
109612
109613
109614
109615
109616
109617
109618
109619
109620
109621
109622
109623
109624
109625
109626
109627
109628
109629
109630
109631
109632
109633
109634
109635
109636
109637
109638
109639
109640
109641
109642
109643
109644
109645
109646
109647
109648
109649
109650
109651
109652
109653
109654
109655
109656
109657
109658
109659
109660
109661
109662
109663
109664
109665
109666
109667
109668
109669
109670
109671
109672
109673
109674
109675
109676
109677
109678
109679
109680
109681
109682
109683
109684
109685
109686
109687
109688
109689
109690
109691
109692
109693
109694
109695
109696
109697
109698
109699
109700
109701
109702
109703
109704
109705
109706
109707
109708
109709
109710
109711
109712
109713
109714
109715
109716
109717
109718
109719
109720
109721
109722
109723
109724
109725
109726
109727
109728
109729
109730
109731
109732
109733
109734
109735
109736
109737
109738
109739
109740
109741
109742
109743
109744
109745
109746
109747
109748
109749
109750
109751
109752
109753
109754
109755
109756
109757
109758
109759
109760
109761
109762
109763
109764
109765
109766
109767
109768
109769
109770
109771
109772
109773
109774
109775
109776
109777
109778
109779
109780
109781
109782
109783
109784
109785
109786
109787
109788
109789
109790
109791
109792
109793
109794
109795
109796
109797
109798
109799
109800
109801
109802
109803
109804
109805
109806
109807
109808
109809
109810
109811
109812
109813
109814
109815
109816
109817
109818
109819
109820
109821
109822
109823
109824
109825
109826
109827
109828
109829
109830
109831
109832
109833
109834
109835
109836
109837
109838
109839
109840
109841
109842
109843
109844
109845
109846
109847
109848
109849
109850
109851
109852
109853
109854
109855
109856
109857
109858
109859
109860
109861
109862
109863
109864
109865
109866
109867
109868
109869
109870
109871
109872
109873
109874
109875
109876
109877
109878
109879
109880
109881
109882
109883
109884
109885
109886
109887
109888
109889
109890
109891
109892
109893
109894
109895
109896
109897
109898
109899
109900
109901
109902
109903
109904
109905
109906
109907
109908
109909
109910
109911
109912
109913
109914
109915
109916
109917
109918
109919
109920
109921
109922
109923
109924
109925
109926
109927
109928
109929
109930
109931
109932
109933
109934
109935
109936
109937
109938
109939
109940
109941
109942
109943
109944
109945
109946
109947
109948
109949
109950
109951
109952
109953
109954
109955
109956
109957
109958
109959
109960
109961
109962
109963
109964
109965
109966
109967
109968
109969
109970
109971
109972
109973
109974
109975
109976
109977
109978
109979
109980
109981
109982
109983
109984
109985
109986
109987
109988
109989
109990
109991
109992
109993
109994
109995
109996
109997
109998
109999
110000
110001
110002
110003
110004
110005
110006
110007
110008
110009
110010
110011
110012
110013
110014
110015
110016
110017
110018
110019
110020
110021
110022
110023
110024
110025
110026
110027
110028
110029
110030
110031
110032
110033
110034
110035
110036
110037
110038
110039
110040
110041
110042
110043
110044
110045
110046
110047
110048
110049
110050
110051
110052
110053
110054
110055
110056
110057
110058
110059
110060
110061
110062
110063
110064
110065
110066
110067
110068
110069
110070
110071
110072
110073
110074
110075
110076
110077
110078
110079
110080
110081
110082
110083
110084
110085
110086
110087
110088
110089
110090
110091
110092
110093
110094
110095
110096
110097
110098
110099
110100
110101
110102
110103
110104
110105
110106
110107
110108
110109
110110
110111
110112
110113
110114
110115
110116
110117
110118
110119
110120
110121
110122
110123
110124
110125
110126
110127
110128
110129
110130
110131
110132
110133
110134
110135
110136
110137
110138
110139
110140
110141
110142
110143
110144
110145
110146
110147
110148
110149
110150
110151
110152
110153
110154
110155
110156
110157
110158
110159
110160
110161
110162
110163
110164
110165
110166
110167
110168
110169
110170
110171
110172
110173
110174
110175
110176
110177
110178
110179
110180
110181
110182
110183
110184
110185
110186
110187
110188
110189
110190
110191
110192
110193
110194
110195
110196
110197
110198
110199
110200
110201
110202
110203
110204
110205
110206
110207
110208
110209
110210
110211
110212
110213
110214
110215
110216
110217
110218
110219
110220
110221
110222
110223
110224
110225
110226
110227
110228
110229
110230
110231
110232
110233
110234
110235
110236
110237
110238
110239
110240
110241
110242
110243
110244
110245
110246
110247
110248
110249
110250
110251
110252
110253
110254
110255
110256
110258
110259
110260
110261
110262
110263
110264
110265
110266
110267
110268
110269
110270
110271
110272
110273
110274
110275
110276
110277
110278
110279
110280
110281
110282
110283
110284
110285
110286
110287
110288
110289
110290
110291
110292
110293
110294
110295
110296
110297
110298
110299
110300
110301
110302
110303
110304
110305
110306
110307
110308
110309
110310
110311
110312
110313
110314
110315
110316
110317
110318
110319
110320
110321
110322
110323
110324
110325
110326
110327
110328
110329
110330
110331
110332
110333
110334
110335
110336
110337
110338
110339
110340
110341
110342
110343
110344
110345
110346
110347
110348
110349
110350
110351
110352
110353
110354
110355
110356
110357
110358
110359
110360
110361
110362
110363
110364
110365
110366
110367
110368
110369
110370
110371
110372
110373
110374
110375
110376
110377
110378
110379
110380
110381
110382
110383
110384
110385
110386
110387
110388
110389
110390
110391
110392
110393
110394
110395
110396
110397
110398
110399
110400
110401
110402
110403
110404
110405
110406
110407
110408
110409
110410
110411
110412
110413
110414
110415
110416
110417
110418
110419
110420
110421
110422
110423
110424
110425
110426
110427
110428
110429
110430
110431
110432
110433
110434
110435
110436
110437
110438
110439
110440
110441
110442
110443
110444
110445
110446
110447
110448
110449
110450
110451
110452
110453
110454
110455
110456
110457
110458
110459
110460
110461
110462
110463
110464
110465
110466
110467
110468
110469
110470
110471
110472
110473
110474
110475
110476
110477
110478
110479
110480
110481
110482
110483
110484
110485
110486
110487
110488
110489
110490
110491
110492
110493
110494
110495
110496
110497
110498
110499
110500
110501
110502
110503
110504
110505
110506
110507
110508
110509
110510
110511
110512
110513
110514
110515
110516
110517
110518
110519
110520
110521
110522
110523
110524
110525
110526
110527
110528
110529
110530
110531
110532
110533
110534
110535
110536
110537
110538
110539
110540
110541
110542
110543
110544
110545
110546
110547
110548
110549
110550
110551
110552
110553
110554
110555
110556
110557
110558
110559
110560
110561
110562
110563
110564
110565
110566
110567
110568
110569
110570
110571
110572
110573
110574
110575
110576
110577
110578
110579
110580
110581
110582
110583
110584
110585
110586
110587
110588
110589
110590
110591
110592
110593
110594
110595
110596
110597
110598
110599
110600
110601
110602
110603
110604
110605
110606
110607
110608
110609
110610
110611
110612
110613
110614
110615
110616
110617
110618
110619
110620
110621
110622
110623
110624
110625
110626
110627
110628
110629
110630
110631
110632
110633
110634
110635
110636
110637
110638
110639
110640
110641
110642
110643
110644
110645
110646
110647
110648
110649
110650
110651
110652
110653
110654
110655
110656
110657
110658
110659
110660
110661
110662
110663
110664
110665
110666
110667
110668
110669
110670
110671
110672
110673
110674
110675
110676
110677
110678
110679
110680
110681
110682
110683
110684
110685
110686
110687
110688
110689
110690
110691
110692
110693
110694
110695
110696
110697
110698
110699
110700
110701
110702
110703
110704
110705
110706
110707
110708
110709
110710
110711
110712
110713
110714
110715
110716
110717
110718
110719
110720
110721
110722
110723
110724
110725
110726
110727
110728
110729
110730
110731
110732
110733
110734
110735
110736
110737
110738
110739
110740
110741
110742
110743
110744
110745
110746
110747
110748
110749
110750
110751
110752
110753
110754
110755
110756
110757
110758
110759
110760
110761
110762
110763
110764
110765
110766
110767
110768
110769
110770
110771
110772
110773
110774
110775
110776
110777
110778
110779
110780
110781
110782
110783
110784
110785
110786
110787
110788
110789
110790
110791
110792
110793
110794
110795
110796
110797
110798
110799
110800
110801
110802
110803
110804
110805
110806
110807
110808
110809
110810
110811
110812
110813
110814
110815
110816
110817
110818
110819
110820
110821
110822
110823
110824
110825
110826
110827
110828
110829
110830
110831
110832
110833
110834
110835
110836
110837
110838
110839
110840
110841
110842
110843
110844
110845
110846
110847
110848
110849
110850
110851
110852
110853
110854
110855
110856
110857
110858
110859
110860
110861
110862
110863
110864
110865
110866
110867
110868
110869
110870
110871
110872
110873
110874
110875
110876
110877
110878
110879
110880
110881
110882
110883
110884
110885
110886
110887
110888
110889
110890
110891
110892
110893
110894
110895
110896
110897
110898
110899
110900
110901
110902
110903
110904
110905
110906
110907
110908
110909
110910
110911
110912
110913
110914
110915
110916
110917
110918
110919
110920
110921
110922
110923
110924
110925
110926
110927
110928
110929
110930
110931
110932
110933
110934
110935
110936
110937
110938
110939
110940
110941
110942
110943
110944
110945
110946
110947
110948
110949
110950
110951
110952
110953
110954
110955
110956
110957
110958
110959
110960
110961
110962
110963
110964
110965
110966
110967
110968
110969
110970
110971
110972
110973
110974
110975
110976
110977
110978
110979
110980
110981
110982
110983
110984
110985
110986
110987
110988
110989
110990
110991
110992
110993
110994
110995
110996
110997
110998
110999
111000
111001
111002
111003
111004
111005
111006
111007
111008
111009
111010
111011
111012
111013
111014
111015
111016
111017
111018
111019
111020
111021
111022
111023
111024
111025
111026
111027
111028
111029
111030
111031
111032
111033
111034
111035
111036
111037
111038
111039
111040
111041
111042
111043
111044
111045
111046
111047
111048
111049
111050
111051
111052
111053
111054
111055
111056
111057
111058
111059
111060
111061
111062
111063
111064
111065
111066
111067
111068
111069
111070
111071
111072
111073
111074
111075
111076
111077
111078
111079
111080
111081
111082
111083
111084
111085
111086
111087
111088
111089
111090
111091
111092
111093
111094
111095
111096
111097
111098
111099
111100
111101
111102
111103
111104
111105
111106
111107
111108
111109
111110
111111
111112
111113
111114
111115
111116
111117
111118
111119
111120
111121
111122
111123
111124
111125
111126
111127
111128
111129
111130
111131
111132
111133
111134
111135
111136
111137
111138
111139
111140
111141
111142
111143
111144
111145
111146
111147
111148
111149
111150
111151
111152
111153
111154
111155
111156
111157
111158
111159
111160
111161
111162
111163
111164
111165
111166
111167
111168
111169
111170
111171
111172
111173
111174
111175
111176
111177
111178
111179
111180
111181
111182
111183
111184
111185
111186
111187
111188
111189
111190
111191
111192
111193
111194
111195
111196
111197
111198
111199
111200
111201
111202
111203
111204
111205
111206
111207
111208
111209
111210
111211
111212
111213
111214
111215
111216
111217
111218
111219
111220
111221
111222
111223
111224
111225
111226
111227
111228
111229
111230
111231
111232
111233
111234
111235
111236
111237
111238
111239
111240
111241
111242
111243
111244
111245
111246
111247
111248
111249
111250
111251
111252
111253
111254
111255
111256
111257
111258
111259
111260
111261
111262
111263
111264
111265
111266
111267
111268
111269
111270
111271
111272
111273
111274
111275
111276
111277
111278
111279
111280
111281
111282
111283
111284
111285
111286
111287
111288
111289
111290
111291
111292
111293
111294
111295
111296
111297
111298
111299
111300
111301
111302
111303
111304
111305
111306
111307
111308
111309
111310
111311
111312
111313
111314
111315
111316
111317
111318
111319
111320
111321
111322
111323
111324
111325
111326
111327
111328
111329
111330
111331
111332
111333
111334
111335
111336
111337
111338
111339
111340
111341
111342
111343
111344
111345
111346
111347
111348
111349
111350
111351
111352
111353
111354
111355
111356
111357
111358
111359
111360
111361
111362
111363
111364
111365
111366
111367
111368
111369
111370
111371
111372
111373
111374
111375
111376
111377
111378
111379
111380
111381
111382
111383
111384
111385
111386
111387
111388
111389
111390
111391
111392
111393
111394
111395
111396
111397
111398
111399
111400
111401
111402
111403
111404
111405
111406
111407
111408
111409
111410
111411
111412
111413
111414
111415
111416
111417
111418
111419
111420
111421
111422
111423
111424
111425
111426
111427
111428
111429
111430
111431
111432
111433
111434
111435
111436
111437
111438
111439
111440
111441
111442
111443
111444
111445
111446
111447
111448
111449
111450
111451
111452
111453
111454
111455
111456
111457
111458
111459
111460
111461
111462
111463
111464
111465
111466
111467
111468
111469
111470
111471
111472
111473
111474
111475
111476
111477
111478
111479
111480
111481
111482
111483
111484
111485
111486
111487
111488
111489
111490
111491
111492
111493
111494
111495
111496
111497
111498
111499
111500
111501
111502
111503
111504
111505
111506
111507
111508
111509
111510
111511
111512
111513
111514
111515
111516
111517
111518
111519
111520
111521
111522
111523
111524
111525
111526
111527
111528
111529
111530
111531
111532
111533
111534
111535
111536
111537
111538
111539
111540
111541
111542
111543
111544
111545
111546
111547
111548
111549
111550
111551
111552
111553
111554
111555
111556
111557
111558
111559
111560
111561
111562
111563
111564
111565
111566
111567
111568
111569
111570
111571
111572
111573
111574
111575
111576
111577
111578
111579
111580
111581
111582
111583
111584
111585
111586
111587
111588
111589
111590
111591
111592
111593
111594
111595
111596
111597
111598
111599
111600
111601
111602
111603
111604
111605
111606
111607
111608
111609
111610
111611
111612
111613
111614
111615
111616
111617
111618
111619
111620
111621
111622
111623
111624
111625
111626
111627
111628
111629
111630
111631
111632
111633
111634
111635
111636
111637
111638
111639
111640
111641
111642
111643
111644
111645
111646
111647
111648
111649
111650
111651
111652
111653
111654
111655
111656
111657
111658
111659
111660
111661
111662
111663
111664
111665
111666
111667
111668
111669
111670
111671
111672
111673
111674
111675
111676
111677
111678
111679
111680
111681
111682
111683
111684
111685
111686
111687
111688
111689
111690
111691
111692
111693
111694
111695
111696
111697
111698
111699
111700
111701
111702
111703
111704
111705
111706
111707
111708
111709
111710
111711
111712
111713
111714
111715
111716
111717
111718
111719
111720
111721
111722
111723
111724
111725
111726
111727
111728
111729
111730
111731
111732
111733
111734
111735
111736
111737
111738
111739
111740
111741
111742
111743
111744
111745
111746
111747
111748
111749
111750
111751
111752
111753
111754
111755
111756
111757
111758
111759
111760
111761
111762
111763
111764
111765
111766
111767
111768
111769
111770
111771
111772
111773
111774
111775
111776
111777
111778
111779
111780
111781
111782
111783
111784
111785
111786
111787
111788
111789
111790
111791
111792
111793
111794
111795
111796
111797
111798
111799
111800
111801
111802
111803
111804
111805
111806
111807
111808
111809
111810
111811
111812
111813
111814
111815
111816
111817
111818
111819
111820
111821
111822
111823
111824
111825
111826
111827
111828
111829
111830
111831
111832
111833
111834
111835
111836
111837
111838
111839
111840
111841
111842
111843
111844
111845
111846
111847
111848
111849
111850
111851
111852
111853
111854
111855
111856
111857
111858
111859
111860
111861
111862
111863
111864
111865
111866
111867
111868
111869
111870
111871
111872
111873
111874
111875
111876
111877
111878
111879
111880
111881
111882
111883
111884
111885
111886
111887
111888
111889
111890
111891
111892
111893
111894
111895
111896
111897
111898
111899
111900
111901
111902
111903
111904
111905
111906
111907
111908
111909
111910
111911
111912
111913
111914
111915
111916
111917
111918
111919
111920
111921
111922
111923
111924
111925
111926
111927
111928
111929
111930
111931
111932
111933
111934
111935
111936
111937
111938
111939
111940
111941
111942
111943
111944
111945
111946
111947
111948
111949
111950
111951
111952
111953
111954
111955
111956
111957
111958
111959
111960
111961
111962
111963
111964
111965
111966
111967
111968
111969
111970
111971
111972
111973
111974
111975
111976
111977
111978
111979
111980
111981
111982
111983
111984
111985
111986
111987
111988
111989
111990
111991
111992
111993
111994
111995
111996
111997
111998
111999
112000
112001
112002
112003
112004
112005
112006
112007
112008
112009
112010
112011
112012
112013
112014
112015
112016
112017
112018
112019
112020
112021
112022
112023
112024
112025
112026
112027
112028
112029
112030
112031
112032
112033
112034
112035
112036
112037
112038
112039
112040
112041
112042
112043
112044
112045
112046
112047
112048
112049
112050
112051
112052
112053
112054
112055
112056
112057
112058
112059
112060
112061
112062
112063
112064
112065
112066
112067
112068
112069
112070
112071
112072
112073
112074
112075
112076
112077
112078
112079
112080
112081
112082
112083
112084
112085
112086
112087
112088
112089
112090
112091
112092
112093
112094
112095
112096
112097
112098
112099
112100
112101
112102
112103
112104
112105
112106
112107
112108
112109
112110
112111
112112
112113
112114
112115
112116
112117
112118
112119
112120
112121
112122
112123
112124
112125
112126
112127
112128
112129
112130
112131
112132
112133
112134
112135
112136
112137
112138
112139
112140
112141
112142
112143
112144
112145
112146
112147
112148
112149
112150
112151
112152
112153
112154
112155
112156
112157
112158
112159
112160
112161
112162
112163
112164
112165
112166
112167
112168
112169
112170
112171
112172
112173
112174
112175
112176
112177
112178
112179
112180
112181
112182
112183
112184
112185
112186
112187
112188
112189
112190
112191
112192
112193
112194
112195
112196
112197
112198
112199
112200
112201
112202
112203
112204
112205
112206
112207
112208
112209
112210
112211
112212
112213
112214
112215
112216
112217
112218
112219
112220
112221
112222
112223
112224
112225
112226
112227
112228
112229
112230
112231
112232
112233
112234
112235
112236
112237
112238
112239
112240
112241
112242
112243
112244
112245
112246
112247
112248
112249
112250
112251
112252
112253
112254
112255
112256
112257
112258
112259
112260
112261
112262
112263
112264
112265
112266
112267
112268
112269
112270
112271
112272
112273
112274
112275
112276
112277
112278
112279
112280
112281
112282
112283
112284
112285
112286
112287
112288
112289
112290
112291
112292
112293
112294
112295
112296
112297
112298
112299
112300
112301
112302
112303
112304
112305
112306
112307
112308
112309
112310
112311
112312
112313
112314
112315
112316
112317
112318
112319
112320
112321
112322
112323
112324
112325
112326
112327
112328
112329
112330
112331
112332
112333
112334
112335
112336
112337
112338
112339
112340
112341
112342
112343
112344
112345
112346
112347
112348
112349
112350
112351
112352
112353
112354
112355
112356
112357
112358
112359
112360
112361
112362
112363
112364
112365
112366
112367
112368
112369
112370
112371
112372
112373
112374
112375
112376
112377
112378
112379
112380
112381
112382
112383
112384
112385
112386
112387
112388
112389
112390
112391
112392
112393
112394
112395
112396
112397
112398
112399
112400
112401
112402
112403
112404
112405
112406
112407
112408
112409
112410
112411
112412
112413
112414
112415
112416
112417
112418
112419
112420
112421
112422
112423
112424
112425
112426
112427
112428
112429
112430
112431
112432
112433
112434
112435
112436
112437
112438
112439
112440
112441
112442
112443
112444
112445
112446
112447
112448
112449
112450
112451
112452
112453
112454
112455
112456
112457
112458
112459
112460
112461
112462
112463
112464
112465
112466
112467
112468
112469
112470
112471
112472
112473
112474
112475
112476
112477
112478
112479
112480
112481
112482
112483
112484
112485
112486
112487
112488
112489
112490
112491
112492
112493
112494
112495
112496
112497
112498
112499
112500
112501
112502
112503
112504
112505
112506
112507
112508
112509
112510
112511
112512
112513
112514
112515
112516
112517
112518
112519
112520
112521
112522
112523
112524
112525
112526
112527
112528
112529
112530
112531
112532
112533
112534
112535
112536
112537
112538
112539
112540
112541
112542
112543
112544
112545
112546
112547
112548
112549
112550
112551
112552
112553
112554
112555
112556
112557
112558
112559
112560
112561
112562
112563
112564
112565
112566
112567
112568
112569
112570
112571
112572
112573
112574
112575
112576
112577
112578
112579
112580
112581
112582
112583
112584
112585
112586
112587
112588
112589
112590
112591
112592
112593
112594
112595
112596
112597
112598
112599
112600
112601
112602
112603
112604
112605
112606
112607
112608
112609
112610
112611
112612
112613
112614
112615
112616
112617
112618
112619
112620
112621
112622
112623
112624
112625
112626
112627
112628
112629
112630
112631
112632
112633
112634
112635
112636
112637
112638
112639
112640
112641
112642
112643
112644
112645
112646
112647
112648
112649
112650
112651
112652
112653
112654
112655
112656
112657
112658
112659
112660
112661
112662
112663
112664
112665
112666
112667
112668
112669
112670
112671
112672
112673
112674
112675
112676
112677
112678
112679
112680
112681
112682
112683
112684
112685
112686
112687
112688
112689
112690
112691
112692
112693
112694
112695
112696
112697
112698
112699
112700
112701
112702
112703
112704
112705
112706
112707
112708
112709
112710
112711
112712
112713
112714
112715
112716
112717
112718
112719
112720
112721
112722
112723
112724
112725
112726
112727
112728
112729
112730
112731
112732
112733
112734
112735
112736
112737
112738
112739
112740
112741
112742
112743
112744
112745
112746
112747
112748
112749
112750
112751
112752
112753
112754
112755
112756
112757
112758
112759
112760
112761
112762
112763
112764
112765
112766
112767
112768
112769
112770
112771
112772
112773
112774
112775
112776
112777
112778
112779
112780
112781
112782
112783
112784
112785
112786
112787
112788
112789
112790
112791
112792
112793
112794
112795
112796
112797
112798
112799
112800
112801
112802
112803
112804
112805
112806
112807
112808
112809
112810
112811
112812
112813
112814
112815
112816
112817
112818
112819
112820
112821
112822
112823
112824
112825
112826
112827
112828
112829
112830
112831
112832
112833
112834
112835
112836
112837
112838
112839
112840
112841
112842
112843
112844
112845
112846
112847
112848
112849
112850
112851
112852
112853
112854
112855
112856
112857
112858
112859
112860
112861
112862
112863
112864
112865
112866
112867
112868
112869
112870
112871
112872
112873
112874
112875
112876
112877
112878
112879
112880
112881
112882
112883
112884
112885
112886
112887
112888
112889
112890
112891
112892
112893
112894
112895
112896
112897
112898
112899
112900
112901
112902
112903
112904
112905
112906
112907
112908
112909
112910
112911
112912
112913
112914
112915
112916
112917
112918
112919
112920
112921
112922
112923
112924
112925
112926
112927
112928
112929
112930
112931
112932
112933
112934
112935
112936
112937
112938
112939
112940
112941
112942
112943
112944
112945
112946
112947
112948
112949
112950
112951
112952
112953
112954
112955
112956
112957
112958
112959
112960
112961
112962
112963
112964
112965
112966
112967
112968
112969
112970
112971
112972
112973
112974
112975
112976
112977
112978
112979
112980
112981
112982
112983
112984
112985
112986
112987
112988
112989
112990
112991
112992
112993
112994
112995
112996
112997
112998
112999
113000
113001
113002
113003
113004
113005
113006
113007
113008
113009
113010
113011
113012
113013
113014
113015
113016
113017
113018
113019
113020
113021
113022
113023
113024
113025
113026
113027
113028
113029
113030
113031
113032
113033
113034
113035
113036
113037
113038
113039
113040
113041
113042
113043
113044
113045
113046
113047
113048
113049
113050
113051
113052
113053
113054
113055
113056
113057
113058
113059
113060
113061
113062
113063
113064
113065
113066
113067
113068
113069
113070
113071
113072
113073
113074
113075
113076
113077
113078
113079
113080
113081
113082
113083
113084
113085
113086
113087
113088
113089
113090
113091
113092
113093
113094
113095
113096
113097
113098
113099
113100
113101
113102
113103
113104
113105
113106
113107
113108
113109
113110
113111
113112
113113
113114
113115
113116
113117
113118
113119
113120
113121
113122
113123
113124
113125
113126
113127
113128
113129
113130
113131
113132
113133
113134
113135
113136
113137
113138
113139
113140
113141
113142
113143
113144
113145
113146
113147
113148
113149
113150
113151
113152
113153
113154
113155
113156
113157
113158
113159
113160
113161
113162
113163
113164
113165
113166
113167
113168
113169
113170
113171
113172
113173
113174
113175
113176
113177
113178
113179
113180
113181
113182
113183
113184
113185
113186
113187
113188
113189
113190
113191
113192
113193
113194
113195
113196
113197
113198
113199
113200
113201
113202
113203
113204
113205
113206
113207
113208
113209
113210
113211
113212
113213
113214
113215
113216
113217
113218
113219
113220
113221
113222
113223
113224
113225
113226
113227
113228
113229
113230
113231
113232
113233
113234
113235
113236
113237
113238
113239
113240
113241
113242
113243
113244
113245
113246
113247
113248
113249
113250
113251
113252
113253
113254
113255
113256
113257
113258
113259
113260
113261
113262
113263
113264
113265
113266
113267
113268
113269
113270
113271
113272
113273
113274
113275
113276
113277
113278
113279
113280
113281
113282
113283
113284
113285
113286
113287
113288
113289
113290
113291
113292
113293
113294
113295
113296
113297
113298
113299
113300
113301
113302
113303
113304
113305
113306
113307
113308
113309
113310
113311
113312
113313
113314
113315
113316
113317
113318
113319
113320
113321
113322
113323
113324
113325
113326
113327
113328
113329
113330
113331
113332
113333
113334
113335
113336
113337
113338
113339
113340
113341
113342
113343
113344
113345
113346
113347
113348
113349
113350
113351
113352
113353
113354
113355
113356
113357
113358
113359
113360
113361
113362
113363
113364
113365
113366
113367
113368
113369
113370
113371
113372
113373
113374
113375
113376
113377
113378
113379
113380
113381
113382
113383
113384
113385
113386
113387
113388
113389
113390
113391
113392
113393
113394
113395
113396
113397
113398
113399
113400
113401
113402
113403
113404
113405
113406
113407
113408
113409
113410
113411
113412
113413
113414
113415
113416
113417
113418
113419
113420
113421
113422
113423
113424
113425
113426
113427
113428
113429
113430
113431
113432
113433
113434
113435
113436
113437
113438
113439
113440
113441
113442
113443
113444
113445
113446
113447
113448
113449
113450
113451
113452
113453
113454
113455
113456
113457
113458
113459
113460
113461
113462
113463
113464
113465
113466
113467
113468
113469
113470
113471
113472
113473
113474
113475
113476
113477
113478
113479
113480
113481
113482
113483
113484
113485
113486
113487
113488
113489
113490
113491
113492
113493
113494
113495
113496
113497
113498
113499
113500
113501
113502
113503
113504
113505
113506
113507
113508
113509
113510
113511
113512
113513
113514
113515
113516
113517
113518
113519
113520
113521
113522
113523
113524
113525
113526
113527
113528
113529
113530
113531
113532
113533
113534
113535
113536
113537
113538
113539
113540
113541
113542
113543
113544
113545
113546
113547
113548
113549
113550
113551
113552
113553
113554
113555
113556
113557
113558
113559
113560
113561
113562
113563
113564
113565
113566
113567
113568
113569
113570
113571
113572
113573
113574
113575
113576
113577
113578
113579
113580
113581
113582
113583
113584
113585
113586
113587
113588
113589
113590
113591
113592
113593
113594
113595
113596
113597
113598
113599
113600
113601
113602
113603
113604
113605
113606
113607
113608
113609
113610
113611
113612
113613
113614
113615
113616
113617
113618
113619
113620
113621
113622
113623
113624
113625
113626
113627
113628
113629
113630
113631
113632
113633
113634
113635
113636
113637
113638
113639
113640
113641
113642
113643
113644
113645
113646
113647
113648
113649
113650
113651
113652
113653
113654
113655
113656
113657
113658
113659
113660
113661
113662
113663
113664
113665
113666
113667
113668
113669
113670
113671
113672
113673
113674
113675
113676
113677
113678
113679
113680
113681
113682
113683
113684
113685
113686
113687
113688
113689
113690
113691
113692
113693
113694
113695
113696
113697
113698
113699
113700
113701
113702
113703
113704
113705
113706
113707
113708
113709
113710
113711
113712
113713
113714
113715
113716
113717
113718
113719
113720
113721
113722
113723
113724
113725
113726
113727
113728
113729
113730
113731
113732
113733
113734
113735
113736
113737
113738
113739
113740
113741
113742
113743
113744
113745
113746
113747
113748
113749
113750
113751
113752
113753
113754
113755
113756
113757
113758
113759
113760
113761
113762
113763
113764
113765
113766
113767
113768
113769
113770
113771
113772
113773
113774
113775
113776
113777
113778
113779
113780
113781
113782
113783
113784
113785
113786
113787
113788
113789
113790
113791
113792
113793
113794
113795
113796
113797
113798
113799
113800
113801
113802
113803
113804
113805
113806
113807
113808
113809
113810
113811
113812
113813
113814
113815
113816
113817
113818
113819
113820
113821
113822
113823
113824
113825
113826
113827
113828
113829
113830
113831
113832
113833
113834
113835
113836
113837
113838
113839
113840
113841
113842
113843
113844
113845
113846
113847
113848
113849
113850
113851
113852
113853
113854
113855
113856
113857
113858
113859
113860
113861
113862
113863
113864
113865
113866
113867
113868
113869
113870
113871
113872
113873
113874
113875
113876
113877
113878
113879
113880
113881
113882
113883
113884
113885
113886
113887
113888
113889
113890
113891
113892
113893
113894
113895
113896
113897
113898
113899
113900
113901
113902
113903
113904
113905
113906
113907
113908
113909
113910
113911
113912
113913
113914
113915
113916
113917
113918
113919
113920
113921
113922
113923
113924
113925
113926
113927
113928
113929
113930
113931
113932
113933
113934
113935
113936
113937
113938
113939
113940
113941
113942
113943
113944
113945
113946
113947
113948
113949
113950
113951
113952
113953
113954
113955
113956
113957
113958
113959
113960
113961
113962
113963
113964
113965
113966
113967
113968
113969
113970
113971
113972
113973
113974
113975
113976
113977
113978
113979
113980
113981
113982
113983
113984
113985
113986
113987
113988
113989
113990
113991
113992
113993
113994
113995
113996
113997
113998
113999
114000
114001
114002
114003
114004
114005
114006
114007
114008
114009
114010
114011
114012
114013
114014
114015
114016
114017
114018
114019
114020
114021
114022
114023
114024
114025
114026
114027
114028
114029
114030
114031
114032
114033
114034
114035
114036
114037
114038
114039
114040
114041
114042
114043
114044
114045
114046
114047
114048
114049
114050
114051
114052
114053
114054
114055
114056
114057
114058
114059
114060
114061
114062
114063
114064
114065
114066
114067
114068
114069
114070
114071
114072
114073
114074
114075
114076
114077
114078
114079
114080
114081
114082
114083
114084
114085
114086
114087
114088
114089
114090
114091
114092
114093
114094
114095
114096
114097
114098
114099
114100
114101
114102
114103
114104
114105
114106
114107
114108
114109
114110
114111
114112
114113
114114
114115
114116
114117
114118
114119
114120
114121
114122
114123
114124
114125
114126
114127
114128
114129
114130
114131
114132
114133
114134
114135
114136
114137
114138
114139
114140
114141
114142
114143
114144
114145
114146
114147
114148
114149
114150
114151
114152
114153
114154
114155
114156
114157
114158
114159
114160
114161
114162
114163
114164
114165
114166
114167
114168
114169
114170
114171
114172
114173
114174
114175
114176
114177
114178
114179
114180
114181
114182
114183
114184
114185
114186
114187
114188
114189
114190
114191
114192
114193
114194
114195
114196
114197
114198
114199
114200
114201
114202
114203
114204
114205
114206
114207
114208
114209
114210
114211
114212
114213
114214
114215
114216
114217
114218
114219
114220
114221
114222
114223
114224
114225
114226
114227
114228
114229
114230
114231
114232
114233
114234
114235
114236
114237
114238
114239
114240
114241
114242
114243
114244
114245
114246
114247
114248
114249
114250
114251
114252
114253
114254
114255
114256
114257
114258
114259
114260
114261
114262
114263
114264
114265
114266
114267
114268
114269
114270
114271
114272
114273
114274
114275
114276
114277
114278
114279
114280
114281
114282
114283
114284
114285
114286
114287
114288
114289
114290
114291
114292
114293
114294
114295
114296
114297
114298
114299
114300
114301
114302
114303
114304
114305
114306
114307
114308
114309
114310
114311
114312
114313
114314
114315
114316
114317
114318
114319
114320
114321
114322
114323
114324
114325
114326
114327
114328
114329
114330
114331
114332
114333
114334
114335
114336
114337
114338
114339
114340
114341
114342
114343
114344
114345
114346
114347
114348
114349
114350
114351
114352
114353
114354
114355
114356
114357
114358
114359
114360
114361
114362
114363
114364
114365
114366
114367
114368
114369
114370
114371
114372
114373
114374
114375
114376
114377
114378
114379
114380
114381
114382
114383
114384
114385
114386
114387
114388
114389
114390
114391
114392
114393
114394
114395
114396
114397
114398
114399
114400
114401
114402
114403
114404
114405
114406
114407
114408
114409
114410
114411
114412
114413
114414
114415
114416
114417
114418
114419
114420
114421
114422
114423
114424
114425
114426
114427
114428
114429
114430
114431
114432
114433
114434
114435
114436
114437
114438
114439
114440
114441
114442
114443
114444
114445
114446
114447
114448
114449
114450
114451
114452
114453
114454
114455
114456
114457
114458
114459
114460
114461
114462
114463
114464
114465
114466
114467
114468
114469
114470
114471
114472
114473
114474
114475
114476
114477
114478
114479
114480
114481
114482
114483
114484
114485
114486
114487
114488
114489
114490
114491
114492
114493
114494
114495
114496
114497
114498
114499
114500
114501
114502
114503
114504
114505
114506
114507
114508
114509
114510
114511
114512
114513
114514
114515
114516
114517
114518
114519
114520
114521
114522
114523
114524
114525
114526
114527
114528
114529
114530
114531
114532
114533
114534
114535
114536
114537
114538
114539
114540
114541
114542
114543
114544
114545
114546
114547
114548
114549
114550
114551
114552
114553
114554
114555
114556
114557
114558
114559
114560
114561
114562
114563
114564
114565
114566
114567
114568
114569
114570
114571
114572
114573
114574
114575
114576
114577
114578
114579
114580
114581
114582
114583
114584
114585
114586
114587
114588
114589
114590
114591
114592
114593
114594
114595
114596
114597
114598
114599
114600
114601
114602
114603
114604
114605
114606
114607
114608
114609
114610
114611
114612
114613
114614
114615
114616
114617
114618
114619
114620
114621
114622
114623
114624
114625
114626
114627
114628
114629
114630
114631
114632
114633
114634
114635
114636
114637
114638
114639
114640
114641
114642
114643
114644
114645
114646
114647
114648
114649
114650
114651
114652
114653
114654
114655
114656
114657
114658
114659
114660
114661
114662
114663
114664
114665
114666
114667
114668
114669
114670
114671
114672
114673
114674
114675
114676
114677
114678
114679
114680
114681
114682
114683
114684
114685
114686
114687
114688
114689
114690
114691
114692
114693
114694
114695
114696
114697
114698
114699
114700
114701
114702
114703
114704
114705
114706
114707
114708
114709
114710
114711
114712
114713
114714
114715
114716
114717
114718
114719
114720
114721
114722
114723
114724
114725
114726
114727
114728
114729
114730
114731
114732
114733
114734
114735
114736
114737
114738
114739
114740
114741
114742
114743
114744
114745
114746
114747
114748
114749
114750
114751
114752
114753
114754
114755
114756
114757
114758
114759
114760
114761
114762
114763
114764
114765
114766
114767
114768
114769
114770
114771
114772
114773
114774
114775
114776
114777
114778
114779
114780
114781
114782
114783
114784
114785
114786
114787
114788
114789
114790
114791
114792
114793
114794
114795
114796
114797
114798
114799
114800
114801
114802
114803
114804
114805
114806
114807
114808
114809
114810
114811
114812
114813
114814
114815
114816
114817
114818
114819
114820
114821
114822
114823
114824
114825
114826
114827
114828
114829
114830
114831
114832
114833
114834
114835
114836
114837
114838
114839
114840
114841
114842
114843
114844
114845
114846
114847
114848
114849
114850
114851
114852
114853
114854
114855
114856
114857
114858
114859
114860
114861
114862
114863
114864
114865
114866
114867
114868
114869
114870
114871
114872
114873
114874
114875
114876
114877
114878
114879
114880
114881
114882
114883
114884
114885
114886
114887
114888
114889
114890
114891
114892
114893
114894
114895
114896
114897
114898
114899
114900
114901
114902
114903
114904
114905
114906
114907
114908
114909
114910
114911
114912
114913
114914
114915
114916
114917
114918
114919
114920
114921
114922
114923
114924
114925
114926
114927
114928
114929
114930
114931
114932
114933
114934
114935
114936
114937
114938
114939
114940
114941
114942
114943
114944
114945
114946
114947
114948
114949
114950
114951
114952
114953
114954
114955
114956
114957
114958
114959
114960
114961
114962
114963
114964
114965
114966
114967
114968
114969
114970
114971
114972
114973
114974
114975
114976
114977
114978
114979
114980
114981
114982
114983
114984
114985
114986
114987
114988
114989
114990
114991
114992
114993
114994
114995
114996
114997
114998
114999
115000
115001
115002
115003
115004
115005
115006
115007
115008
115009
115010
115011
115012
115013
115014
115015
115016
115017
115018
115019
115020
115021
115022
115023
115024
115025
115026
115027
115028
115029
115030
115031
115032
115033
115034
115035
115036
115037
115038
115039
115040
115041
115042
115043
115044
115045
115046
115047
115048
115049
115050
115051
115052
115053
115054
115055
115056
115057
115058
115059
115060
115061
115062
115063
115064
115065
115066
115067
115068
115069
115070
115071
115072
115073
115074
115075
115076
115077
115078
115079
115080
115081
115082
115083
115084
115085
115086
115087
115088
115089
115090
115091
115092
115093
115094
115095
115096
115097
115098
115099
115100
115101
115102
115103
115104
115105
115106
115107
115108
115109
115110
115111
115112
115113
115114
115115
115116
115117
115118
115119
115120
115121
115122
115123
115124
115125
115126
115127
115128
115129
115130
115131
115132
115133
115134
115135
115136
115137
115138
115139
115140
115141
115142
115143
115144
115145
115146
115147
115148
115149
115150
115151
115152
115153
115154
115155
115156
115157
115158
115159
115160
115161
115162
115163
115164
115165
115166
115167
115168
115169
115170
115171
115172
115173
115174
115175
115176
115177
115178
115179
115180
115181
115182
115183
115184
115185
115186
115187
115188
115189
115190
115191
115192
115193
115194
115195
115196
115197
115198
115199
115200
115201
115202
115203
115204
115205
115206
115207
115208
115209
115210
115211
115212
115213
115214
115215
115216
115217
115218
115219
115220
115221
115222
115223
115224
115225
115226
115227
115228
115229
115230
115231
115232
115233
115234
115235
115236
115237
115238
115239
115240
115241
115242
115243
115244
115245
115246
115247
115248
115249
115250
115251
115252
115253
115254
115255
115256
115257
115258
115259
115260
115261
115262
115263
115264
115265
115266
115267
115268
115269
115270
115271
115272
115273
115274
115275
115276
115277
115278
115279
115280
115281
115282
115283
115284
115285
115286
115287
115288
115289
115290
115291
115292
115293
115294
115295
115296
115297
115298
115299
115300
115301
115302
115303
115304
115305
115306
115307
115308
115309
115310
115311
115312
115313
115314
115315
115316
115317
115318
115319
115320
115321
115322
115323
115324
115325
115326
115327
115328
115329
115330
115331
115332
115333
115334
115335
115336
115337
115338
115339
115340
115341
115342
115343
115344
115345
115346
115347
115348
115349
115350
115351
115352
115353
115354
115355
115356
115357
115358
115359
115360
115361
115362
115363
115364
115365
115366
115367
115368
115369
115370
115371
115372
115373
115374
115375
115376
115377
115378
115379
115380
115381
115382
115383
115384
115385
115386
115387
115388
115389
115390
115391
115392
115393
115394
115395
115396
115397
115398
115399
115400
115401
115402
115403
115404
115405
115406
115407
115408
115409
115410
115411
115412
115413
115414
115415
115416
115417
115418
115419
115420
115421
115422
115423
115424
115425
115426
115427
115428
115429
115430
115431
115432
115433
115434
115435
115436
115437
115438
115439
115440
115441
115442
115443
115444
115445
115446
115447
115448
115449
115450
115451
115452
115453
115454
115455
115456
115457
115458
115459
115460
115461
115462
115463
115464
115465
115466
115467
115468
115469
115470
115471
115472
115473
115474
115475
115476
115477
115478
115479
115480
115481
115482
115483
115484
115485
115486
115487
115488
115489
115490
115491
115492
115493
115494
115495
115496
115497
115498
115499
115500
115501
115502
115503
115504
115505
115506
115507
115508
115509
115510
115511
115512
115513
115514
115515
115516
115517
115518
115519
115520
115521
115522
115523
115524
115525
115526
115527
115528
115529
115530
115531
115532
115533
115534
115535
115536
115537
115538
115539
115540
115541
115542
115543
115544
115545
115546
115547
115548
115549
115550
115551
115552
115553
115554
115555
115556
115557
115558
115559
115560
115561
115562
115563
115564
115565
115566
115567
115568
115569
115570
115571
115572
115573
115574
115575
115576
115577
115578
115579
115580
115581
115582
115583
115584
115585
115586
115587
115588
115589
115590
115591
115592
115593
115594
115595
115596
115597
115598
115599
115600
115601
115602
115603
115604
115605
115606
115607
115608
115609
115610
115611
115612
115613
115614
115615
115616
115617
115618
115619
115620
115621
115622
115623
115624
115625
115626
115627
115628
115629
115630
115631
115632
115633
115634
115635
115636
115637
115638
115639
115640
115641
115642
115643
115644
115645
115646
115647
115648
115649
115650
115651
115652
115653
115654
115655
115656
115657
115658
115659
115660
115661
115662
115663
115664
115665
115666
115667
115668
115669
115670
115671
115672
115673
115674
115675
115676
115677
115678
115679
115680
115681
115682
115683
115684
115685
115686
115687
115688
115689
115690
115691
115692
115693
115694
115695
115696
115697
115698
115699
115700
115701
115702
115703
115704
115705
115706
115707
115708
115709
115710
115711
115712
115713
115714
115715
115716
115717
115718
115719
115720
115721
115722
115723
115724
115725
115726
115727
115728
115729
115730
115731
115732
115733
115734
115735
115736
115737
115738
115739
115740
115741
115742
115743
115744
115745
115746
115747
115748
115749
115750
115751
115752
115753
115754
115755
115756
115757
115758
115759
115760
115761
115762
115763
115764
115765
115766
115767
115768
115769
115770
115771
115772
115773
115774
115775
115776
115777
115778
115779
115780
115781
115782
115783
115784
115785
115786
115787
115788
115789
115790
115791
115792
115793
115794
115795
115796
115797
115798
115799
115800
115801
115802
115803
115804
115805
115806
115807
115808
115809
115810
115811
115812
115813
115814
115815
115816
115817
115818
115819
115820
115821
115822
115823
115824
115825
115826
115827
115828
115829
115830
115831
115832
115833
115834
115835
115836
115837
115838
115839
115840
115841
115842
115843
115844
115845
115846
115847
115848
115849
115850
115851
115852
115853
115854
115855
115856
115857
115858
115859
115860
115861
115862
115863
115864
115865
115866
115867
115868
115869
115870
115871
115872
115873
115874
115875
115876
115877
115878
115879
115880
115881
115882
115883
115884
115885
115886
115887
115888
115889
115890
115891
115892
115893
115894
115895
115896
115897
115898
115899
115900
115901
115902
115903
115904
115905
115906
115907
115908
115909
115910
115911
115912
115913
115914
115915
115916
115917
115918
115919
115920
115921
115922
115923
115924
115925
115926
115927
115928
115929
115930
115931
115932
115933
115934
115935
115936
115937
115938
115939
115940
115941
115942
115943
115944
115945
115946
115947
115948
115949
115950
115951
115952
115953
115954
115955
115956
115957
115958
115959
115960
115961
115962
115963
115964
115965
115966
115967
115968
115969
115970
115971
115972
115973
115974
115975
115976
115977
115978
115979
115980
115981
115982
115983
115984
115985
115986
115987
115988
115989
115990
115991
115992
115993
115994
115995
115996
115997
115998
115999
116000
116001
116002
116003
116004
116005
116006
116007
116008
116009
116010
116011
116012
116013
116014
116015
116016
116017
116018
116019
116020
116021
116022
116023
116024
116025
116026
116027
116028
116029
116030
116031
116032
116033
116034
116035
116036
116037
116038
116039
116040
116041
116042
116043
116044
116045
116046
116047
116048
116049
116050
116051
116052
116053
116054
116055
116056
116057
116058
116059
116060
116061
116062
116063
116064
116065
116066
116067
116068
116069
116070
116071
116072
116073
116074
116075
116076
116077
116078
116079
116080
116081
116082
116083
116084
116085
116086
116087
116088
116089
116090
116091
116092
116093
116094
116095
116096
116097
116098
116099
116100
116101
116102
116103
116104
116105
116106
116107
116108
116109
116110
116111
116112
116113
116114
116115
116116
116117
116118
116119
116120
116121
116122
116123
116124
116125
116126
116127
116128
116129
116130
116131
116132
116133
116134
116135
116136
116137
116138
116139
116140
116141
116142
116143
116144
116145
116146
116147
116148
116149
116150
116151
116152
116153
116154
116155
116156
116157
116158
116159
116160
116161
116162
116163
116164
116165
116166
116167
116168
116169
116170
116171
116172
116173
116174
116175
116176
116177
116178
116179
116180
116181
116182
116183
116184
116185
116186
116187
116188
116189
116190
116191
116192
116193
116194
116195
116196
116197
116198
116199
116200
116201
116202
116203
116204
116205
116206
116207
116208
116209
116210
116211
116212
116213
116214
116215
116216
116217
116218
116219
116220
116221
116222
116223
116224
116225
116226
116227
116228
116229
116230
116231
116232
116233
116234
116235
116236
116237
116238
116239
116240
116241
116242
116243
116244
116245
116246
116247
116248
116249
116250
116251
116252
116253
116254
116255
116256
116257
116258
116259
116260
116261
116262
116263
116264
116265
116266
116267
116268
116269
116270
116271
116272
116273
116274
116275
116276
116277
116278
116279
116280
116281
116282
116283
116284
116285
116286
116287
116288
116289
116290
116291
116292
116293
116294
116295
116296
116297
116298
116299
116300
116301
116302
116303
116304
116305
116306
116307
116308
116309
116310
116311
116312
116313
116314
116315
116316
116317
116318
116319
116320
116321
116322
116323
116324
116325
116326
116327
116328
116329
116330
116331
116332
116333
116334
116335
116336
116337
116338
116339
116340
116341
116342
116343
116344
116345
116346
116347
116348
116349
116350
116351
116352
116353
116354
116355
116356
116357
116358
116359
116360
116361
116362
116363
116364
116365
116366
116367
116368
116369
116370
116371
116372
116373
116374
116375
116376
116377
116378
116379
116380
116381
116382
116383
116384
116385
116386
116387
116388
116389
116390
116391
116392
116393
116394
116395
116396
116397
116398
116399
116400
116401
116402
116403
116404
116405
116406
116407
116408
116409
116410
116411
116412
116413
116414
116415
116416
116417
116418
116419
116420
116421
116422
116423
116424
116425
116426
116427
116428
116429
116430
116431
116432
116433
116434
116435
116436
116437
116438
116439
116440
116441
116442
116443
116444
116445
116446
116447
116448
116449
116450
116451
116452
116453
116454
116455
116456
116457
116458
116459
116460
116461
116462
116463
116464
116465
116466
116467
116468
116469
116470
116471
116472
116473
116474
116475
116476
116477
116478
116479
116480
116481
116482
116483
116484
116485
116486
116487
116488
116489
116490
116491
116492
116493
116494
116495
116496
116497
116498
116499
116500
116501
116502
116503
116504
116505
116506
116507
116508
116509
116510
116511
116512
116513
116514
116515
116516
116517
116518
116519
116520
116521
116522
116523
116524
116525
116526
116527
116528
116529
116530
116531
116532
116533
116534
116535
116536
116537
116538
116539
116540
116541
116542
116543
116544
116545
116546
116547
116548
116549
116550
116551
116552
116553
116554
116555
116556
116557
116558
116559
116560
116561
116562
116563
116564
116565
116566
116567
116568
116569
116570
116571
116572
116573
116574
116575
116576
116577
116578
116579
116580
116581
116582
116583
116584
116585
116586
116587
116588
116589
116590
116591
116592
116593
116594
116595
116596
116597
116598
116599
116600
116601
116602
116603
116604
116605
116606
116607
116608
116609
116610
116611
116612
116613
116614
116615
116616
116617
116618
116619
116620
116621
116622
116623
116624
116625
116626
116627
116628
116629
116630
116631
116632
116633
116634
116635
116636
116637
116638
116639
116640
116641
116642
116643
116644
116645
116646
116647
116648
116649
116650
116651
116652
116653
116654
116655
116656
116657
116658
116659
116660
116661
116662
116663
116664
116665
116666
116667
116668
116669
116670
116671
116672
116673
116674
116675
116676
116677
116678
116679
116680
116681
116682
116683
116684
116685
116686
116687
116688
116689
116690
116691
116692
116693
116694
116695
116696
116697
116698
116699
116700
116701
116702
116703
116704
116705
116706
116707
116708
116709
116710
116711
116712
116713
116714
116715
116716
116717
116718
116719
116720
116721
116722
116723
116724
116725
116726
116727
116728
116729
116730
116731
116732
116733
116734
116735
116736
116737
116738
116739
116740
116741
116742
116743
116744
116745
116746
116747
116748
116749
116750
116751
116752
116753
116754
116755
116756
116757
116758
116759
116760
116761
116762
116763
116764
116765
116766
116767
116768
116769
116770
116771
116772
116773
116774
116775
116776
116777
116778
116779
116780
116781
116782
116783
116784
116785
116786
116787
116788
116789
116790
116791
116792
116793
116794
116795
116796
116797
116798
116799
116800
116801
116802
116803
116804
116805
116806
116807
116808
116809
116810
116811
116812
116813
116814
116815
116816
116817
116818
116819
116820
116821
116822
116823
116824
116825
116826
116827
116828
116829
116830
116831
116832
116833
116834
116835
116836
116837
116838
116839
116840
116841
116842
116843
116844
116845
116846
116847
116848
116849
116850
116851
116852
116853
116854
116855
116856
116857
116858
116859
116860
116861
116862
116863
116864
116865
116866
116867
116868
116869
116870
116871
116872
116873
116874
116875
116876
116877
116878
116879
116880
116881
116882
116883
116884
116885
116886
116887
116888
116889
116890
116891
116892
116893
116894
116895
116896
116897
116898
116899
116900
116901
116902
116903
116904
116905
116906
116907
116908
116909
116910
116911
116912
116913
116914
116915
116916
116917
116918
116919
116920
116921
116922
116923
116924
116925
116926
116927
116928
116929
116930
116931
116932
116933
116934
116935
116936
116937
116938
116939
116940
116941
116942
116943
116944
116945
116946
116947
116948
116949
116950
116951
116952
116953
116954
116955
116956
116957
116958
116959
116960
116961
116962
116963
116964
116965
116966
116967
116968
116969
116970
116971
116972
116973
116974
116975
116976
116977
116978
116979
116980
116981
116982
116983
116984
116985
116986
116987
116988
116989
116990
116991
116992
116993
116994
116995
116996
116997
116998
116999
117000
117001
117002
117003
117004
117005
117006
117007
117008
117009
117010
117011
117012
117013
117014
117015
117016
117017
117018
117019
117020
117021
117022
117023
117024
117025
117026
117027
117028
117029
117030
117031
117032
117033
117034
117035
117036
117037
117038
117039
117040
117041
117042
117043
117044
117045
117046
117047
117048
117049
117050
117051
117052
117053
117054
117055
117056
117057
117058
117059
117060
117061
117062
117063
117064
117065
117066
117067
117068
117069
117070
117071
117072
117073
117074
117075
117076
117077
117078
117079
117080
117081
117082
117083
117084
117085
117086
117087
117088
117089
117090
117091
117092
117093
117094
117095
117096
117097
117098
117099
117100
117101
117102
117103
117104
117105
117106
117107
117108
117109
117110
117111
117112
117113
117114
117115
117116
117117
117118
117119
117120
117121
117122
117123
117124
117125
117126
117127
117128
117129
117130
117131
117132
117133
117134
117135
117136
117137
117138
117139
117140
117141
117142
117143
117144
117145
117146
117147
117148
117149
117150
117151
117152
117153
117154
117155
117156
117157
117158
117159
117160
117161
117162
117163
117164
117165
117166
117167
117168
117169
117170
117171
117172
117173
117174
117175
117176
117177
117178
117179
117180
117181
117182
117183
117184
117185
117186
117187
117188
117189
117190
117191
117192
117193
117194
117195
117196
117197
117198
117199
117200
117201
117202
117203
117204
117205
117206
117207
117208
117209
117210
117211
117212
117213
117214
117215
117216
117217
117218
117219
117220
117221
117222
117223
117224
117225
117226
117227
117228
117229
117230
117231
117232
117233
117234
117235
117236
117237
117238
117239
117240
117241
117242
117243
117244
117245
117246
117247
117248
117249
117250
117251
117252
117253
117254
117255
117256
117257
117258
117259
117260
117261
117262
117263
117264
117265
117266
117267
117268
117269
117270
117271
117272
117273
117274
117275
117276
117277
117278
117279
117280
117281
117282
117283
117284
117285
117286
117287
117288
117289
117290
117291
117292
117293
117294
117295
117296
117297
117298
117299
117300
117301
117302
117303
117304
117305
117306
117307
117308
117309
117310
117311
117312
117313
117314
117315
117316
117317
117318
117319
117320
117321
117322
117323
117324
117325
117326
117327
117328
117329
117330
117331
117332
117333
117334
117335
117336
117337
117338
117339
117340
117341
117342
117343
117344
117345
117346
117347
117348
117349
117350
117351
117352
117353
117354
117355
117356
117357
117358
117359
117360
117361
117362
117363
117364
117365
117366
117367
117368
117369
117370
117371
117372
117373
117374
117375
117376
117377
117378
117379
117380
117381
117382
117383
117384
117385
117386
117387
117388
117389
117390
117391
117392
117393
117394
117395
117396
117397
117398
117399
117400
117401
117402
117403
117404
117405
117406
117407
117408
117409
117410
117411
117412
117413
117414
117415
117416
117417
117418
117419
117420
117421
117422
117423
117424
117425
117426
117427
117428
117429
117430
117431
117432
117433
117434
117435
117436
117437
117438
117439
117440
117441
117442
117443
117444
117445
117446
117447
117448
117449
117450
117451
117452
117453
117454
117455
117456
117457
117458
117459
117460
117461
117462
117463
117464
117465
117466
117467
117468
117469
117470
117471
117472
117473
117474
117475
117476
117477
117478
117479
117480
117481
117482
117483
117484
117485
117486
117487
117488
117489
117490
117491
117492
117493
117494
117495
117496
117497
117498
117499
117500
117501
117502
117503
117504
117505
117506
117507
117508
117509
117510
117511
117512
117513
117514
117515
117516
117517
117518
117519
117520
117521
117522
117523
117524
117525
117526
117527
117528
117529
117530
117531
117532
117533
117534
117535
117536
117537
117538
117539
117540
117541
117542
117543
117544
117545
117546
117547
117548
117549
117550
117551
117552
117553
117554
117555
117556
117557
117558
117559
117560
117561
117562
117563
117564
117565
117566
117567
117568
117569
117570
117571
117572
117573
117574
117575
117576
117577
117578
117579
117580
117581
117582
117583
117584
117585
117586
117587
117588
117589
117590
117591
117592
117593
117594
117595
117596
117597
117598
117599
117600
117601
117602
117603
117604
117605
117606
117607
117608
117609
117610
117611
117612
117613
117614
117615
117616
117617
117618
117619
117620
117621
117622
117623
117624
117625
117626
117627
117628
117629
117630
117631
117632
117633
117634
117635
117636
117637
117638
117639
117640
117641
117642
117643
117644
117645
117646
117647
117648
117649
117650
117651
117652
117653
117654
117655
117656
117657
117658
117659
117660
117661
117662
117663
117664
117665
117666
117667
117668
117669
117670
117671
117672
117673
117674
117675
117676
117677
117678
117679
117680
117681
117682
117683
117684
117685
117686
117687
117688
117689
117690
117691
117692
117693
117694
117695
117696
117697
117698
117699
117700
117701
117702
117703
117704
117705
117706
117707
117708
117709
117710
117711
117712
117713
117714
117715
117716
117717
117718
117719
117720
117721
117722
117723
117724
117725
117726
117727
117728
117729
117730
117731
117732
117733
117734
117735
117736
117737
117738
117739
117740
117741
117742
117743
117744
117745
117746
117747
117748
117749
117750
117751
117752
117753
117754
117755
117756
117757
117758
117759
117760
117761
117762
117763
117764
117765
117766
117767
117768
117769
117770
117771
117772
117773
117774
117775
117776
117777
117778
117779
117780
117781
117782
117783
117784
117785
117786
117787
117788
117789
117790
117791
117792
117793
117794
117795
117796
117797
117798
117799
117800
117801
117802
117803
117804
117805
117806
117807
117808
117809
117810
117811
117812
117813
117814
117815
117816
117817
117818
117819
117820
117821
117822
117823
117824
117825
117826
117827
117828
117829
117830
117831
117832
117833
117834
117835
117836
117837
117838
117839
117840
117841
117842
117843
117844
117845
117846
117847
117848
117849
117850
117851
117852
117853
117854
117855
117856
117857
117858
117859
117860
117861
117862
117863
117864
117865
117866
117867
117868
117869
117870
117871
117872
117873
117874
117875
117876
117877
117878
117879
117880
117881
117882
117883
117884
117885
117886
117887
117888
117889
117890
117891
117892
117893
117894
117895
117896
117897
117898
117899
117900
117901
117902
117903
117904
117905
117906
117907
117908
117909
117910
117911
117912
117913
117914
117915
117916
117917
117918
117919
117920
117921
117922
117923
117924
117925
117926
117927
117928
117929
117930
117931
117932
117933
117934
117935
117936
117937
117938
117939
117940
117941
117942
117943
117944
117945
117946
117947
117948
117949
117950
117951
117952
117953
117954
117955
117956
117957
117958
117959
117960
117961
117962
117963
117964
117965
117966
117967
117968
117969
117970
117971
117972
117973
117974
117975
117976
117977
117978
117979
117980
117981
117982
117983
117984
117985
117986
117987
117988
117989
117990
117991
117992
117993
117994
117995
117996
117997
117998
117999
118000
118001
118002
118003
118004
118005
118006
118007
118008
118009
118010
118011
118012
118013
118014
118015
118016
118017
118018
118019
118020
118021
118022
118023
118024
118025
118026
118027
118028
118029
118030
118031
118032
118033
118034
118035
118036
118037
118038
118039
118040
118041
118042
118043
118044
118045
118046
118047
118048
118049
118050
118051
118052
118053
118054
118055
118056
118057
118058
118059
118060
118061
118062
118063
118064
118065
118066
118067
118068
118069
118070
118071
118072
118073
118074
118075
118076
118077
118078
118079
118080
118081
118082
118083
118084
118085
118086
118087
118088
118089
118090
118091
118092
118093
118094
118095
118096
118097
118098
118099
118100
118101
118102
118103
118104
118105
118106
118107
118108
118109
118110
118111
118112
118113
118114
118115
118116
118117
118118
118119
118120
118121
118122
118123
118124
118125
118126
118127
118128
118129
118130
118131
118132
118133
118134
118135
118136
118137
118138
118139
118140
118141
118142
118143
118144
118145
118146
118147
118148
118149
118150
118151
118152
118153
118154
118155
118156
118157
118158
118159
118160
118161
118162
118163
118164
118165
118166
118167
118168
118169
118170
118171
118172
118173
118174
118175
118176
118177
118178
118179
118180
118181
118182
118183
118184
118185
118186
118187
118188
118189
118190
118191
118192
118193
118194
118195
118196
118197
118198
118199
118200
118201
118202
118203
118204
118205
118206
118207
118208
118209
118210
118211
118212
118213
118214
118215
118216
118217
118218
118219
118220
118221
118222
118223
118224
118225
118226
118227
118228
118229
118230
118231
118232
118233
118234
118235
118236
118237
118238
118239
118240
118241
118242
118243
118244
118245
118246
118247
118248
118249
118250
118251
118252
118253
118254
118255
118256
118257
118258
118259
118260
118261
118262
118263
118264
118265
118266
118267
118268
118269
118270
118271
118272
118273
118274
118275
118276
118277
118278
118279
118280
118281
118282
118283
118284
118285
118286
118287
118288
118289
118290
118291
118292
118293
118294
118295
118296
118297
118298
118299
118300
118301
118302
118303
118304
118305
118306
118307
118308
118309
118310
118311
118312
118313
118314
118315
118316
118317
118318
118319
118320
118321
118322
118323
118324
118325
118326
118327
118328
118329
118330
118331
118332
118333
118334
118335
118336
118337
118338
118339
118340
118341
118342
118343
118344
118345
118346
118347
118348
118349
118350
118351
118352
118353
118354
118355
118356
118357
118358
118359
118360
118361
118362
118363
118364
118365
118366
118367
118368
118369
118370
118371
118372
118373
118374
118375
118376
118377
118378
118379
118380
118381
118382
118383
118384
118385
118386
118387
118388
118389
118390
118391
118392
118393
118394
118395
118396
118397
118398
118399
118400
118401
118402
118403
118404
118405
118406
118407
118408
118409
118410
118411
118412
118413
118414
118415
118416
118417
118418
118419
118420
118421
118422
118423
118424
118425
118426
118427
118428
118429
118430
118431
118432
118433
118434
118435
118436
118437
118438
118439
118440
118441
118442
118443
118444
118445
118446
118447
118448
118449
118450
118451
118452
118453
118454
118455
118456
118457
118458
118459
118460
118461
118462
118463
118464
118465
118466
118467
118468
118469
118470
118471
118472
118473
118474
118475
118476
118477
118478
118479
118480
118481
118482
118483
118484
118485
118486
118487
118488
118489
118490
118491
118492
118493
118494
118495
118496
118497
118498
118499
118500
118501
118502
118503
118504
118505
118506
118507
118508
118509
118510
118511
118512
118513
118514
118515
118516
118517
118518
118519
118520
118521
118522
118523
118524
118525
118526
118527
118528
118529
118530
118531
118532
118533
118534
118535
118536
118537
118538
118539
118540
118541
118542
118543
118544
118545
118546
118547
118548
118549
118550
118551
118552
118553
118554
118555
118556
118557
118558
118559
118560
118561
118562
118563
118564
118565
118566
118567
118568
118569
118570
118571
118572
118573
118574
118575
118576
118577
118578
118579
118580
118581
118582
118583
118584
118585
118586
118587
118588
118589
118590
118591
118592
118593
118594
118595
118596
118597
118598
118599
118600
118601
118602
118603
118604
118605
118606
118607
118608
118609
118610
118611
118612
118613
118614
118615
118616
118617
118618
118619
118620
118621
118622
118623
118624
118625
118626
118627
118628
118629
118630
118631
118632
118633
118634
118635
118636
118637
118638
118639
118640
118641
118642
118643
118644
118645
118646
118647
118648
118649
118650
118651
118652
118653
118654
118655
118656
118657
118658
118659
118660
118661
118662
118663
118664
118665
118666
118667
118668
118669
118670
118671
118672
118673
118674
118675
118676
118677
118678
118679
118680
118681
118682
118683
118684
118685
118686
118687
118688
118689
118690
118691
118692
118693
118694
118695
118696
118697
118698
118699
118700
118701
118702
118703
118704
118705
118706
118707
118708
118709
118710
118711
118712
118713
118714
118715
118716
118717
118718
118719
118720
118721
118722
118723
118724
118725
118726
118727
118728
118729
118730
118731
118732
118733
118734
118735
118736
118737
118738
118739
118740
118741
118742
118743
118744
118745
118746
118747
118748
118749
118750
118751
118752
118753
118754
118755
118756
118757
118758
118759
118760
118761
118762
118763
118764
118765
118766
118767
118768
118769
118770
118771
118772
118773
118774
118775
118776
118777
118778
118779
118780
118781
118782
118783
118784
118785
118786
118787
118788
118789
118790
118791
118792
118793
118794
118795
118796
118797
118798
118799
118800
118801
118802
118803
118804
118805
118806
118807
118808
118809
118810
118811
118812
118813
118814
118815
118816
118817
118818
118819
118820
118821
118822
118823
118824
118825
118826
118827
118828
118829
118830
118831
118832
118833
118834
118835
118836
118837
118838
118839
118840
118841
118842
118843
118844
118845
118846
118847
118848
118849
118850
118851
118852
118853
118854
118855
118856
118857
118858
118859
118860
118861
118862
118863
118864
118865
118866
118867
118868
118869
118870
118871
118872
118873
118874
118875
118876
118877
118878
118879
118880
118881
118882
118883
118884
118885
118886
118887
118888
118889
118890
118891
118892
118893
118894
118895
118896
118897
118898
118899
118900
118901
118902
118903
118904
118905
118906
118907
118908
118909
118910
118911
118912
118913
118914
118915
118916
118917
118918
118919
118920
118921
118922
118923
118924
118925
118926
118927
118928
118929
118930
118931
118932
118933
118934
118935
118936
118937
118938
118939
118940
118941
118942
118943
118944
118945
118946
118947
118948
118949
118950
118951
118952
118953
118954
118955
118956
118957
118958
118959
118960
118961
118962
118963
118964
118965
118966
118967
118968
118969
118970
118971
118972
118973
118974
118975
118976
118977
118978
118979
118980
118981
118982
118983
118984
118985
118986
118987
118988
118989
118990
118991
118992
118993
118994
118995
118996
118997
118998
118999
119000
119001
119002
119003
119004
119005
119006
119007
119008
119009
119010
119011
119012
119013
119014
119015
119016
119017
119018
119019
119020
119021
119022
119023
119024
119025
119026
119027
119028
119029
119030
119031
119032
119033
119034
119035
119036
119037
119038
119039
119040
119041
119042
119043
119044
119045
119046
119047
119048
119049
119050
119051
119052
119053
119054
119055
119056
119057
119058
119059
119060
119061
119062
119063
119064
119065
119066
119067
119068
119069
119070
119071
119072
119073
119074
119075
119076
119077
119078
119079
119080
119081
119082
119083
119084
119085
119086
119087
119088
119089
119090
119091
119092
119093
119094
119095
119096
119097
119098
119099
119100
119101
119102
119103
119104
119105
119106
119107
119108
119109
119110
119111
119112
119113
119114
119115
119116
119117
119118
119119
119120
119121
119122
119123
119124
119125
119126
119127
119128
119129
119130
119131
119132
119133
119134
119135
119136
119137
119138
119139
119140
119141
119142
119143
119144
119145
119146
119147
119148
119149
119150
119151
119152
119153
119154
119155
119156
119157
119158
119159
119160
119161
119162
119163
119164
119165
119166
119167
119168
119169
119170
119171
119172
119173
119174
119175
119176
119177
119178
119179
119180
119181
119182
119183
119184
119185
119186
119187
119188
119189
119190
119191
119192
119193
119194
119195
119196
119197
119198
119199
119200
119201
119202
119203
119204
119205
119206
119207
119208
119209
119210
119211
119212
119213
119214
119215
119216
119217
119218
119219
119220
119221
119222
119223
119224
119225
119226
119227
119228
119229
119230
119231
119232
119233
119234
119235
119236
119237
119238
119239
119240
119241
119242
119243
119244
119245
119246
119247
119248
119249
119250
119251
119252
119253
119254
119255
119256
119257
119258
119259
119260
119261
119262
119263
119264
119265
119266
119267
119268
119269
119270
119271
119272
119273
119274
119275
119276
119277
119278
119279
119280
119281
119282
119283
119284
119285
119286
119287
119288
119289
119290
119291
119292
119293
119294
119295
119296
119297
119298
119299
119300
119301
119302
119303
119304
119305
119306
119307
119308
119309
119310
119311
119312
119313
119314
119315
119316
119317
119318
119319
119320
119321
119322
119323
119324
119325
119326
119327
119328
119329
119330
119331
119332
119333
119334
119335
119336
119337
119338
119339
119340
119341
119342
119343
119344
119345
119346
119347
119348
119349
119350
119351
119352
119353
119354
119355
119356
119357
119358
119359
119360
119361
119362
119363
119364
119365
119366
119367
119368
119369
119370
119371
119372
119373
119374
119375
119376
119377
119378
119379
119380
119381
119382
119383
119384
119385
119386
119387
119388
119389
119390
119391
119392
119393
119394
119395
119396
119397
119398
119399
119400
119401
119402
119403
119404
119405
119406
119407
119408
119409
119410
119411
119412
119413
119414
119415
119416
119417
119418
119419
119420
119421
119422
119423
119424
119425
119426
119427
119428
119429
119430
119431
119432
119433
119434
119435
119436
119437
119438
119439
119440
119441
119442
119443
119444
119445
119446
119447
119448
119449
119450
119451
119452
119453
119454
119455
119456
119457
119458
119459
119460
119461
119462
119463
119464
119465
119466
119467
119468
119469
119470
119471
119472
119473
119474
119475
119476
119477
119478
119479
119480
119481
119482
119483
119484
119485
119486
119487
119488
119489
119490
119491
119492
119493
119494
119495
119496
119497
119498
119499
119500
119501
119502
119503
119504
119505
119506
119507
119508
119509
119510
119511
119512
119513
119514
119515
119516
119517
119518
119519
119520
119521
119522
119523
119524
119525
119526
119527
119528
119529
119530
119531
119532
119533
119534
119535
119536
119537
119538
119539
119540
119541
119542
119543
119544
119545
119546
119547
119548
119549
119550
119551
119552
119553
119554
119555
119556
119557
119558
119559
119560
119561
119562
119563
119564
119565
119566
119567
119568
119569
119570
119571
119572
119573
119574
119575
119576
119577
119578
119579
119580
119581
119582
119583
119584
119585
119586
119587
119588
119589
119590
119591
119592
119593
119594
119595
119596
119597
119598
119599
119600
119601
119602
119603
119604
119605
119606
119607
119608
119609
119610
119611
119612
119613
119614
119615
119616
119617
119618
119619
119620
119621
119622
119623
119624
119625
119626
119627
119628
119629
119630
119631
119632
119633
119634
119635
119636
119637
119638
119639
119640
119641
119642
119643
119644
119645
119646
119647
119648
119649
119650
119651
119652
119653
119654
119655
119656
119657
119658
119659
119660
119661
119662
119663
119664
119665
119666
119667
119668
119669
119670
119671
119672
119673
119674
119675
119676
119677
119678
119679
119680
119681
119682
119683
119684
119685
119686
119687
119688
119689
119690
119691
119692
119693
119694
119695
119696
119697
119698
119699
119700
119701
119702
119703
119704
119705
119706
119707
119708
119709
119710
119711
119712
119713
119714
119715
119716
119717
119718
119719
119720
119721
119722
119723
119724
119725
119726
119727
119728
119729
119730
119731
119732
119733
119734
119735
119736
119737
119738
119739
119740
119741
119742
119743
119744
119745
119746
119747
119748
119749
119750
119751
119752
119753
119754
119755
119756
119757
119758
119759
119760
119761
119762
119763
119764
119765
119766
119767
119768
119769
119770
119771
119772
119773
119774
119775
119776
119777
119778
119779
119780
119781
119782
119783
119784
119785
119786
119787
119788
119789
119790
119791
119792
119793
119794
119795
119796
119797
119798
119799
119800
119801
119802
119803
119804
119805
119806
119807
119808
119809
119810
119811
119812
119813
119814
119815
119816
119817
119818
119819
119820
119821
119822
119823
119824
119825
119826
119827
119828
119829
119830
119831
119832
119833
119834
119835
119836
119837
119838
119839
119840
119841
119842
119843
119844
119845
119846
119847
119848
119849
119850
119851
119852
119853
119854
119855
119856
119857
119858
119859
119860
119861
119862
119863
119864
119865
119866
119867
119868
119869
119870
119871
119872
119873
119874
119875
119876
119877
119878
119879
119880
119881
119882
119883
119884
119885
119886
119887
119888
119889
119890
119891
119892
119893
119894
119895
119896
119897
119898
119899
119900
119901
119902
119903
119904
119905
119906
119907
119908
119909
119910
119911
119912
119913
119914
119915
119916
119917
119918
119919
119920
119921
119922
119923
119924
119925
119926
119927
119928
119929
119930
119931
119932
119933
119934
119935
119936
119937
119938
119939
119940
119941
119942
119943
119944
119945
119946
119947
119948
119949
119950
119951
119952
119953
119954
119955
119956
119957
119958
119959
119960
119961
119962
119963
119964
119965
119966
119967
119968
119969
119970
119971
119972
119973
119974
119975
119976
119977
119978
119979
119980
119981
119982
119983
119984
119985
119986
119987
119988
119989
119990
119991
119992
119993
119994
119995
119996
119997
119998
119999
120000
120001
120002
120003
120004
120005
120006
120007
120008
120009
120010
120011
120012
120013
120014
120015
120016
120017
120018
120019
120020
120021
120022
120023
120024
120025
120026
120027
120028
120029
120030
120031
120032
120033
120034
120035
120036
120037
120038
120039
120040
120041
120042
120043
120044
120045
120046
120047
120048
120049
120050
120051
120052
120053
120054
120055
120056
120057
120058
120059
120060
120061
120062
120063
120064
120065
120066
120067
120068
120069
120070
120071
120072
120073
120074
120075
120076
120077
120078
120079
120080
120081
120082
120083
120084
120085
120086
120087
120088
120089
120090
120091
120092
120093
120094
120095
120096
120097
120098
120099
120100
120101
120102
120103
120104
120105
120106
120107
120108
120109
120110
120111
120112
120113
120114
120115
120116
120117
120118
120119
120120
120121
120122
120123
120124
120125
120126
120127
120128
120129
120130
120131
120132
120133
120134
120135
120136
120137
120138
120139
120140
120141
120142
120143
120144
120145
120146
120147
120148
120149
120150
120151
120152
120153
120154
120155
120156
120157
120158
120159
120160
120161
120162
120163
120164
120165
120166
120167
120168
120169
120170
120171
120172
120173
120174
120175
120176
120177
120178
120179
120180
120181
120182
120183
120184
120185
120186
120187
120188
120189
120190
120191
120192
120193
120194
120195
120196
120197
120198
120199
120200
120201
120202
120203
120204
120205
120206
120207
120208
120209
120210
120211
120212
120213
120214
120215
120216
120217
120218
120219
120220
120221
120222
120223
120224
120225
120226
120227
120228
120229
120230
120231
120232
120233
120234
120235
120236
120237
120238
120239
120240
120241
120242
120243
120244
120245
120246
120247
120248
120249
120250
120251
120252
120253
120254
120255
120256
120257
120258
120259
120260
120261
120262
120263
120264
120265
120266
120267
120268
120269
120270
120271
120272
120273
120274
120275
120276
120277
120278
120279
120280
120281
120282
120283
120284
120285
120286
120287
120288
120289
120290
120291
120292
120293
120294
120295
120296
120297
120298
120299
120300
120301
120302
120303
120304
120305
120306
120307
120308
120309
120310
120311
120312
120313
120314
120315
120316
120317
120318
120319
120320
120321
120322
120323
120324
120325
120326
120327
120328
120329
120330
120331
120332
120333
120334
120335
120336
120337
120338
120339
120340
120341
120342
120343
120344
120345
120346
120347
120348
120349
120350
120351
120352
120353
120354
120355
120356
120357
120358
120359
120360
120361
120362
120363
120364
120365
120366
120367
120368
120369
120370
120371
120372
120373
120374
120375
120376
120377
120378
120379
120380
120381
120382
120383
120384
120385
120386
120387
120388
120389
120390
120391
120392
120393
120394
120395
120396
120397
120398
120399
120400
120401
120402
120403
120404
120405
120406
120407
120408
120409
120410
120411
120412
120413
120414
120415
120416
120417
120418
120419
120420
120421
120422
120423
120424
120425
120426
120427
120428
120429
120430
120431
120432
120433
120434
120435
120436
120437
120438
120439
120440
120441
120442
120443
120444
120445
120446
120447
120448
120449
120450
120451
120452
120453
120454
120455
120456
120457
120458
120459
120460
120461
120462
120463
120464
120465
120466
120467
120468
120469
120470
120471
120472
120473
120474
120475
120476
120477
120478
120479
120480
120481
120482
120483
120484
120485
120486
120487
120488
120489
120490
120491
120492
120493
120494
120495
120496
120497
120498
120499
120500
120501
120502
120503
120504
120505
120506
120507
120508
120509
120510
120511
120512
120513
120514
120515
120516
120517
120518
120519
120520
120521
120522
120523
120524
120525
120526
120527
120528
120529
120530
120531
120532
120533
120534
120535
120536
120537
120538
120539
120540
120541
120542
120543
120544
120545
120546
120547
120548
120549
120550
120551
120552
120553
120554
120555
120556
120557
120558
120559
120560
120561
120562
120563
120564
120565
120566
120567
120568
120569
120570
120571
120572
120573
120574
120575
120576
120577
120578
120579
120580
120581
120582
120583
120584
120585
120586
120587
120588
120589
120590
120591
120592
120593
120594
120595
120596
120597
120598
120599
120600
120601
120602
120603
120604
120605
120606
120607
120608
120609
120610
120611
120612
120613
120614
120615
120616
120617
120618
120619
120620
120621
120622
120623
120624
120625
120626
120627
120628
120629
120630
120631
120632
120633
120634
120635
120636
120637
120638
120639
120640
120641
120642
120643
120644
120645
120646
120647
120648
120649
120650
120651
120652
120653
120654
120655
120656
120657
120658
120659
120660
120661
120662
120663
120664
120665
120666
120667
120668
120669
120670
120671
120672
120673
120674
120675
120676
120677
120678
120679
120680
120681
120682
120683
120684
120685
120686
120687
120688
120689
120690
120691
120692
120693
120694
120695
120696
120697
120698
120699
120700
120701
120702
120703
120704
120705
120706
120707
120708
120709
120710
120711
120712
120713
120714
120715
120716
120717
120718
120719
120720
120721
120722
120723
120724
120725
120726
120727
120728
120729
120730
120731
120732
120733
120734
120735
120736
120737
120738
120739
120740
120741
120742
120743
120744
120745
120746
120747
120748
120749
120750
120751
120752
120753
120754
120755
120756
120757
120758
120759
120760
120761
120762
120763
120764
120765
120766
120767
120768
120769
120770
120771
120772
120773
120774
120775
120776
120777
120778
120779
120780
120781
120782
120783
120784
120785
120786
120787
120788
120789
120790
120791
120792
120793
120794
120795
120796
120797
120798
120799
120800
120801
120802
120803
120804
120805
120806
120807
120808
120809
120810
120811
120812
120813
120814
120815
120816
120817
120818
120819
120820
120821
120822
120823
120824
120825
120826
120827
120828
120829
120830
120831
120832
120833
120834
120835
120836
120837
120838
120839
120840
120841
120842
120843
120844
120845
120846
120847
120848
120849
120850
120851
120852
120853
120854
120855
120856
120857
120858
120859
120860
120861
120862
120863
120864
120865
120866
120867
120868
120869
120870
120871
120872
120873
120874
120875
120876
120877
120878
120879
120880
120881
120882
120883
120884
120885
120886
120887
120888
120889
120890
120891
120892
120893
120894
120895
120896
120897
120898
120899
120900
120901
120902
120903
120904
120905
120906
120907
120908
120909
120910
120911
120912
120913
120914
120915
120916
120917
120918
120919
120920
120921
120922
120923
120924
120925
120926
120927
120928
120929
120930
120931
120932
120933
120934
120935
120936
120937
120938
120939
120940
120941
120942
120943
120944
120945
120946
120947
120948
120949
120950
120951
120952
120953
120954
120955
120956
120957
120958
120959
120960
120961
120962
120963
120964
120965
120966
120967
120968
120969
120970
120971
120972
120973
120974
120975
120976
120977
120978
120979
120980
120981
120982
120983
120984
120985
120986
120987
120988
120989
120990
120991
120992
120993
120994
120995
120996
120997
120998
120999
121000
121001
121002
121003
121004
121005
121006
121007
121008
121009
121010
121011
121012
121013
121014
121015
121016
121017
121018
121019
121020
121021
121022
121023
121024
121025
121026
121027
121028
121029
121030
121031
121032
121033
121034
121035
121036
121037
121038
121039
121040
121041
121042
121043
121044
121045
121046
121047
121048
121049
121050
121051
121052
121053
121054
121055
121056
121057
121058
121059
121060
121061
121062
121063
121064
121065
121066
121067
121068
121069
121070
121071
121072
121073
121074
121075
121076
121077
121078
121079
121080
121081
121082
121083
121084
121085
121086
121087
121088
121089
121090
121091
121092
121093
121094
121095
121096
121097
121098
121099
121100
121101
121102
121103
121104
121105
121106
121107
121108
121109
121110
121111
121112
121113
121114
121115
121116
121117
121118
121119
121120
121121
121122
121123
121124
121125
121126
121127
121128
121129
121130
121131
121132
121133
121134
121135
121136
121137
121138
121139
121140
121141
121142
121143
121144
121145
121146
121147
121148
121149
121150
121151
121152
121153
121154
121155
121156
121157
121158
121159
121160
121161
121162
121163
121164
121165
121166
121167
121168
121169
121170
121171
121172
121173
121174
121175
121176
121177
121178
121179
121180
121181
121182
121183
121184
121185
121186
121187
121188
121189
121190
121191
121192
121193
121194
121195
121196
121197
121198
121199
121200
121201
121202
121203
121204
121205
121206
121207
121208
121209
121210
121211
121212
121213
121214
121215
121216
121217
121218
121219
121220
121221
121222
121223
121224
121225
121226
121227
121228
121229
121230
121231
121232
121233
121234
121235
121236
121237
121238
121239
121240
121241
121242
121243
121244
121245
121246
121247
121248
121249
121250
121251
121252
121253
121254
121255
121256
121257
121258
121259
121260
121261
121262
121263
121264
121265
121266
121267
121268
121269
121270
121271
121272
121273
121274
121275
121276
121277
121278
121279
121280
121281
121282
121283
121284
121285
121286
121287
121288
121289
121290
121291
121292
121293
121294
121295
121296
121297
121298
121299
121300
121301
121302
121303
121304
121305
121306
121307
121308
121309
121310
121311
121312
121313
121314
121315
121316
121317
121318
121319
121320
121321
121322
121323
121324
121325
121326
121327
121328
121329
121330
121331
121332
121333
121334
121335
121336
121337
121338
121339
121340
121341
121342
121343
121344
121345
121346
121347
121348
121349
121350
121351
121352
121353
121354
121355
121356
121357
121358
121359
121360
121361
121362
121363
121364
121365
121366
121367
121368
121369
121370
121371
121372
121373
121374
121375
121376
121377
121378
121379
121380
121381
121382
121383
121384
121385
121386
121387
121388
121389
121390
121391
121392
121393
121394
121395
121396
121397
121398
121399
121400
121401
121402
121403
121404
121405
121406
121407
121408
121409
121410
121411
121412
121413
121414
121415
121416
121417
121418
121419
121420
121421
121422
121423
121424
121425
121426
121427
121428
121429
121430
121431
121432
121433
121434
121435
121436
121437
121438
121439
121440
121441
121442
121443
121444
121445
121446
121447
121448
121449
121450
121451
121452
121453
121454
121455
121456
121457
121458
121459
121460
121461
121462
121463
121464
121465
121466
121467
121468
121469
121470
121471
121472
121473
121474
121475
121476
121477
121478
121479
121480
121481
121482
121483
121484
121485
121486
121487
121488
121489
121490
121491
121492
121493
121494
121495
121496
121497
121498
121499
121500
121501
121502
121503
121504
121505
121506
121507
121508
121509
121510
121511
121512
121513
121514
121515
121516
121517
121518
121519
121520
121521
121522
121523
121524
121525
121526
121527
121528
121529
121530
121531
121532
121533
121534
121535
121536
121537
121538
121539
121540
121541
121542
121543
121544
121545
121546
121547
121548
121549
121550
121551
121552
121553
121554
121555
121556
121557
121558
121559
121560
121561
121562
121563
121564
121565
121566
121567
121568
121569
121570
121571
121572
121573
121574
121575
121576
121577
121578
121579
121580
121581
121582
121583
121584
121585
121586
121587
121588
121589
121590
121591
121592
121593
121594
121595
121596
121597
121598
121599
121600
121601
121602
121603
121604
121605
121606
121607
121608
121609
121610
121611
121612
121613
121614
121615
121616
121617
121618
121619
121620
121621
121622
121623
121624
121625
121626
121627
121628
121629
121630
121631
121632
121633
121634
121635
121636
121637
121638
121639
121640
121641
121642
121643
121644
121645
121646
121647
121648
121649
121650
121651
121652
121653
121654
121655
121656
121657
121658
121659
121660
121661
121662
121663
121664
121665
121666
121667
121668
121669
121670
121671
121672
121673
121674
121675
121676
121677
121678
121679
121680
121681
121682
121683
121684
121685
121686
121687
121688
121689
121690
121691
121692
121693
121694
121695
121696
121697
121698
121699
121700
121701
121702
121703
121704
121705
121706
121707
121708
121709
121710
121711
121712
121713
121714
121715
121716
121717
121718
121719
121720
121721
121722
121723
121724
121725
121726
121727
121728
121729
121730
121731
121732
121733
121734
121735
121736
121737
121738
121739
121740
121741
121742
121743
121744
121745
121746
121747
121748
121749
121750
121751
121752
121753
121754
121755
121756
121757
121758
121759
121760
121761
121762
121763
121764
121765
121766
121767
121768
121769
121770
121771
121772
121773
121774
121775
121776
121777
121778
121779
121780
121781
121782
121783
121784
121785
121786
121787
121788
121789
121790
121791
121792
121793
121794
121795
121796
121797
121798
121799
121800
121801
121802
121803
121804
121805
121806
121807
121808
121809
121810
121811
121812
121813
121814
121815
121816
121817
121818
121819
121820
121821
121822
121823
121824
121825
121826
121827
121828
121829
121830
121831
121832
121833
121834
121835
121836
121837
121838
121839
121840
121841
121842
121843
121844
121845
121846
121847
121848
121849
121850
121851
121852
121853
121854
121855
121856
121857
121858
121859
121860
121861
121862
121863
121864
121865
121866
121867
121868
121869
121870
121871
121872
121873
121874
121875
121876
121877
121878
121879
121880
121881
121882
121883
121884
121885
121886
121887
121888
121889
121890
121891
121892
121893
121894
121895
121896
121897
121898
121899
121900
121901
121902
121903
121904
121905
121906
121907
121908
121909
121910
121911
121912
121913
121914
121915
121916
121917
121918
121919
121920
121921
121922
121923
121924
121925
121926
121927
121928
121929
121930
121931
121932
121933
121934
121935
121936
121937
121938
121939
121940
121941
121942
121943
121944
121945
121946
121947
121948
121949
121950
121951
121952
121953
121954
121955
121956
121957
121958
121959
121960
121961
121962
121963
121964
121965
121966
121967
121968
121969
121970
121971
121972
121973
121974
121975
121976
121977
121978
121979
121980
121981
121982
121983
121984
121985
121986
121987
121988
121989
121990
121991
121992
121993
121994
121995
121996
121997
121998
121999
122000
122001
122002
122003
122004
122005
122006
122007
122008
122009
122010
122011
122012
122013
122014
122015
122016
122017
122018
122019
122020
122021
122022
122023
122024
122025
122026
122027
122028
122029
122030
122031
122032
122033
122034
122035
122036
122037
122038
122039
122040
122041
122042
122043
122044
122045
122046
122047
122048
122049
122050
122051
122052
122053
122054
122055
122056
122057
122058
122059
122060
122061
122062
122063
122064
122065
122066
122067
122068
122069
122070
122071
122072
122073
122074
122075
122076
122077
122078
122079
122080
122081
122082
122083
122084
122085
122086
122087
122088
122089
122090
122091
122092
122093
122094
122095
122096
122097
122098
122099
122100
122101
122102
122103
122104
122105
122106
122107
122108
122109
122110
122111
122112
122113
122114
122115
122116
122117
122118
122119
122120
122121
122122
122123
122124
122125
122126
122127
122128
122129
122130
122131
122132
122133
122134
122135
122136
122137
122138
122139
122140
122141
122142
122143
122144
122145
122146
122147
122148
122149
122150
122151
122152
122153
122154
122155
122156
122157
122158
122159
122160
122161
122162
122163
122164
122165
122166
122167
122168
122169
122170
122171
122172
122173
122174
122175
122176
122177
122178
122179
122180
122181
122182
122183
122184
122185
122186
122187
122188
122189
122190
122191
122192
122193
122194
122195
122196
122197
122198
122199
122200
122201
122202
122203
122204
122205
122206
122207
122208
122209
122210
122211
122212
122213
122214
122215
122216
122217
122218
122219
122220
122221
122222
122223
122224
122225
122226
122227
122228
122229
122230
122231
122232
122233
122234
122235
122236
122237
122238
122239
122240
122241
122242
122243
122244
122245
122246
122247
122248
122249
122250
122251
122252
122253
122254
122255
122256
122257
122258
122259
122260
122261
122262
122263
122264
122265
122266
122267
122268
122269
122270
122271
122272
122273
122274
122275
122276
122277
122278
122279
122280
122281
122282
122283
122284
122285
122286
122287
122288
122289
122290
122291
122292
122293
122294
122295
122296
122297
122298
122299
122300
122301
122302
122303
122304
122305
122306
122307
122308
122309
122310
122311
122312
122313
122314
122315
122316
122317
122318
122319
122320
122321
122322
122323
122324
122325
122326
122327
122328
122329
122330
122331
122332
122333
122334
122335
122336
122337
122338
122339
122340
122341
122342
122343
122344
122345
122346
122347
122348
122349
122350
122351
122352
122353
122354
122355
122356
122357
122358
122359
122360
122361
122362
122363
122364
122365
122366
122367
122368
122369
122370
122371
122372
122373
122374
122375
122376
122377
122378
122379
122380
122381
122382
122383
122384
122385
122386
122387
122388
122389
122390
122391
122392
122393
122394
122395
122396
122397
122398
122399
122400
122401
122402
122403
122404
122405
122406
122407
122408
122409
122410
122411
122412
122413
122414
122415
122416
122417
122418
122419
122420
122421
122422
122423
122424
122425
122426
122427
122428
122429
122430
122431
122432
122433
122434
122435
122436
122437
122438
122439
122440
122441
122442
122443
122444
122445
122446
122447
122448
122449
122450
122451
122452
122453
122454
122455
122456
122457
122458
122459
122460
122461
122462
122463
122464
122465
122466
122467
122468
122469
122470
122471
122472
122473
122474
122475
122476
122477
122478
122479
122480
122481
122482
122483
122484
122485
122486
122487
122488
122489
122490
122491
122492
122493
122494
122495
122496
122497
122498
122499
122500
122501
122502
122503
122504
122505
122506
122507
122508
122509
122510
122511
122512
122513
122514
122515
122516
122517
122518
122519
122520
122521
122522
122523
122524
122525
122526
122527
122528
122529
122530
122531
122532
122533
122534
122535
122536
122537
122538
122539
122540
122541
122542
122543
122544
122545
122546
122547
122548
122549
122550
122551
122552
122553
122554
122555
122556
122557
122558
122559
122560
122561
122562
122563
122564
122565
122566
122567
122568
122569
122570
122571
122572
122573
122574
122575
122576
122577
122578
122579
122580
122581
122582
122583
122584
122585
122586
122587
122588
122589
122590
122591
122592
122593
122594
122595
122596
122597
122598
122599
122600
122601
122602
122603
122604
122605
122606
122607
122608
122609
122610
122611
122612
122613
122614
122615
122616
122617
122618
122619
122620
122621
122622
122623
122624
122625
122626
122627
122628
122629
122630
122631
122632
122633
122634
122635
122636
122637
122638
122639
122640
122641
122642
122643
122644
122645
122646
122647
122648
122649
122650
122651
122652
122653
122654
122655
122656
122657
122658
122659
122660
122661
122662
122663
122664
122665
122666
122667
122668
122669
122670
122671
122672
122673
122674
122675
122676
122677
122678
122679
122680
122681
122682
122683
122684
122685
122686
122687
122688
122689
122690
122691
122692
122693
122694
122695
122696
122697
122698
122699
122700
122701
122702
122703
122704
122705
122706
122707
122708
122709
122710
122711
122712
122713
122714
122715
122716
122717
122718
122719
122720
122721
122722
122723
122724
122725
122726
122727
122728
122729
122730
122731
122732
122733
122734
122735
122736
122737
122738
122739
122740
122741
122742
122743
122744
122745
122746
122747
122748
122749
122750
122751
122752
122753
122754
122755
122756
122757
122758
122759
122760
122761
122762
122763
122764
122765
122766
122767
122768
122769
122770
122771
122772
122773
122774
122775
122776
122777
122778
122779
122780
122781
122782
122783
122784
122785
122786
122787
122788
122789
122790
122791
122792
122793
122794
122795
122796
122797
122798
122799
122800
122801
122802
122803
122804
122805
122806
122807
122808
122809
122810
122811
122812
122813
122814
122815
122816
122817
122818
122819
122820
122821
122822
122823
122824
122825
122826
122827
122828
122829
122830
122831
122832
122833
122834
122835
122836
122837
122838
122839
122840
122841
122842
122843
122844
122845
122846
122847
122848
122849
122850
122851
122852
122853
122854
122855
122856
122857
122858
122859
122860
122861
122862
122863
122864
122865
122866
122867
122868
122869
122870
122871
122872
122873
122874
122875
122876
122877
122878
122879
122880
122881
122882
122883
122884
122885
122886
122887
122888
122889
122890
122891
122892
122893
122894
122895
122896
122897
122898
122899
122900
122901
122902
122903
122904
122905
122906
122907
122908
122909
122910
122911
122912
122913
122914
122915
122916
122917
122918
122919
122920
122921
122922
122923
122924
122925
122926
122927
122928
122929
122930
122931
122932
122933
122934
122935
122936
122937
122938
122939
122940
122941
122942
122943
122944
122945
122946
122947
122948
122949
122950
122951
122952
122953
122954
122955
122956
122957
122958
122959
122960
122961
122962
122963
122964
122965
122966
122967
122968
122969
122970
122971
122972
122973
122974
122975
122976
122977
122978
122979
122980
122981
122982
122983
122984
122985
122986
122987
122988
122989
122990
122991
122992
122993
122994
122995
122996
122997
122998
122999
123000
123001
123002
123003
123004
123005
123006
123007
123008
123009
123010
123011
123012
123013
123014
123015
123016
123017
123018
123019
123020
123021
123022
123023
123024
123025
123026
123027
123028
123029
123030
123031
123032
123033
123034
123035
123036
123037
123038
123039
123040
123041
123042
123043
123044
123045
123046
123047
123048
123049
123050
123051
123052
123053
123054
123055
123056
123057
123058
123059
123060
123061
123062
123063
123064
123065
123066
123067
123068
123069
123070
123071
123072
123073
123074
123075
123076
123077
123078
123079
123080
123081
123082
123083
123084
123085
123086
123087
123088
123089
123090
123091
123092
123093
123094
123095
123096
123097
123098
123099
123100
123101
123102
123103
123104
123105
123106
123107
123108
123109
123110
123111
123112
123113
123114
123115
123116
123117
123118
123119
123120
123121
123122
123123
123124
123125
123126
123127
123128
123129
123130
123131
123132
123133
123134
123135
123136
123137
123138
123139
123140
123141
123142
123143
123144
123145
123146
123147
123148
123149
123150
123151
123152
123153
123154
123155
123156
123157
123158
123159
123160
123161
123162
123163
123164
123165
123166
123167
123168
123169
123170
123171
123172
123173
123174
123175
123176
123177
123178
123179
123180
123181
123182
123183
123184
123185
123186
123187
123188
123189
123190
123191
123192
123193
123194
123195
123196
123197
123198
123199
123200
123201
123202
123203
123204
123205
123206
123207
123208
123209
123210
123211
123212
123213
123214
123215
123216
123217
123218
123219
123220
123221
123222
123223
123224
123225
123226
123227
123228
123229
123230
123231
123232
123233
123234
123235
123236
123237
123238
123239
123240
123241
123242
123243
123244
123245
123246
123247
123248
123249
123250
123251
123252
123253
123254
123255
123256
123257
123258
123259
123260
123261
123262
123263
123264
123265
123266
123267
123268
123269
123270
123271
123272
123273
123274
123275
123276
123277
123278
123279
123280
123281
123282
123283
123284
123285
123286
123287
123288
123289
123290
123291
123292
123293
123294
123295
123296
123297
123298
123299
123300
123301
123302
123303
123304
123305
123306
123307
123308
123309
123310
123311
123312
123313
123314
123315
123316
123317
123318
123319
123320
123321
123322
123323
123324
123325
123326
123327
123328
123329
123330
123331
123332
123333
123334
123335
123336
123337
123338
123339
123340
123341
123342
123343
123344
123345
123346
123347
123348
123349
123350
123351
123352
123353
123354
123355
123356
123357
123358
123359
123360
123361
123362
123363
123364
123365
123366
123367
123368
123369
123370
123371
123372
123373
123374
123375
123376
123377
123378
123379
123380
123381
123382
123383
123384
123385
123386
123387
123388
123389
123390
123391
123392
123393
123394
123395
123396
123397
123398
123399
123400
123401
123402
123403
123404
123405
123406
123407
123408
123409
123410
123411
123412
123413
123414
123415
123416
123417
123418
123419
123420
123421
123422
123423
123424
123425
123426
123427
123428
123429
123430
123431
123432
123433
123434
123435
123436
123437
123438
123439
123440
123441
123442
123443
123444
123445
123446
123447
123448
123449
123450
123451
123452
123453
123454
123455
123456
123457
123458
123459
123460
123461
123462
123463
123464
123465
123466
123467
123468
123469
123470
123471
123472
123473
123474
123475
123476
123477
123478
123479
123480
123481
123482
123483
123484
123485
123486
123487
123488
123489
123490
123491
123492
123493
123494
123495
123496
123497
123498
123499
123500
123501
123502
123503
123504
123505
123506
123507
123508
123509
123510
123511
123512
123513
123514
123515
123516
123517
123518
123519
123520
123521
123522
123523
123524
123525
123526
123527
123528
123529
123530
123531
123532
123533
123534
123535
123536
123537
123538
123539
123540
123541
123542
123543
123544
123545
123546
123547
123548
123549
123550
123551
123552
123553
123554
123555
123556
123557
123558
123559
123560
123561
123562
123563
123564
123565
123566
123567
123568
123569
123570
123571
123572
123573
123574
123575
123576
123577
123578
123579
123580
123581
123582
123583
123584
123585
123586
123587
123588
123589
123590
123591
123592
123593
123594
123595
123596
123597
123598
123599
123600
123601
123602
123603
123604
123605
123606
123607
123608
123609
123610
123611
123612
123613
123614
123615
123616
123617
123618
123619
123620
123621
123622
123623
123624
123625
123626
123627
123628
123629
123630
123631
123632
123633
123634
123635
123636
123637
123638
123639
123640
123641
123642
123643
123644
123645
123646
123647
123648
123649
123650
123651
123652
123653
123654
123655
123656
123657
123658
123659
123660
123661
123662
123663
123664
123665
123666
123667
123668
123669
123670
123671
123672
123673
123674
123675
123676
123677
123678
123679
123680
123681
123682
123683
123684
123685
123686
123687
123688
123689
123690
123691
123692
123693
123694
123695
123696
123697
123698
123699
123700
123701
123702
123703
123704
123705
123706
123707
123708
123709
123710
123711
123712
123713
123714
123715
123716
123717
123718
123719
123720
123721
123722
123723
123724
123725
123726
123727
123728
123729
123730
123731
123732
123733
123734
123735
123736
123737
123738
123739
123740
123741
123742
123743
123744
123745
123746
123747
123748
123749
123750
123751
123752
123753
123754
123755
123756
123757
123758
123759
123760
123761
123762
123763
123764
123765
123766
123767
123768
123769
123770
123771
123772
123773
123774
123775
123776
123777
123778
123779
123780
123781
123782
123783
123784
123785
123786
123787
123788
123789
123790
123791
123792
123793
123794
123795
123796
123797
123798
123799
123800
123801
123802
123803
123804
123805
123806
123807
123808
123809
123810
123811
123812
123813
123814
123815
123816
123817
123818
123819
123820
123821
123822
123823
123824
123825
123826
123827
123828
123829
123830
123831
123832
123833
123834
123835
123836
123837
123838
123839
123840
123841
123842
123843
123844
123845
123846
123847
123848
123849
123850
123851
123852
123853
123854
123855
123856
123857
123858
123859
123860
123861
123862
123863
123864
123865
123866
123867
123868
123869
123870
123871
123872
123873
123874
123875
123876
123877
123878
123879
123880
123881
123882
123883
123884
123885
123886
123887
123888
123889
123890
123891
123892
123893
123894
123895
123896
123897
123898
123899
123900
123901
123902
123903
123904
123905
123906
123907
123908
123909
123910
123911
123912
123913
123914
123915
123916
123917
123918
123919
123920
123921
123922
123923
123924
123925
123926
123927
123928
123929
123930
123931
123932
123933
123934
123935
123936
123937
123938
123939
123940
123941
123942
123943
123944
123945
123946
123947
123948
123949
123950
123951
123952
123953
123954
123955
123956
123957
123958
123959
123960
123961
123962
123963
123964
123965
123966
123967
123968
123969
123970
123971
123972
123973
123974
123975
123976
123977
123978
123979
123980
123981
123982
123983
123984
123985
123986
123987
123988
123989
123990
123991
123992
123993
123994
123995
123996
123997
123998
123999
124000
124001
124002
124003
124004
124005
124006
124007
124008
124009
124010
124011
124012
124013
124014
124015
124016
124017
124018
124019
124020
124021
124022
124023
124024
124025
124026
124027
124028
124029
124030
124031
124032
124033
124034
124035
124036
124037
124038
124039
124040
124041
124042
124043
124044
124045
124046
124047
124048
124049
124050
124051
124052
124053
124054
124055
124056
124057
124058
124059
124060
124061
124062
124063
124064
124065
124066
124067
124068
124069
124070
124071
124072
124073
124074
124075
124076
124077
124078
124079
124080
124081
124082
124083
124084
124085
124086
124087
124088
124089
124090
124091
124092
124093
124094
124095
124096
124097
124098
124099
124100
124101
124102
124103
124104
124105
124106
124107
124108
124109
124110
124111
124112
124113
124114
124115
124116
124117
124118
124119
124120
124121
124122
124123
124124
124125
124126
124127
124128
124129
124130
124131
124132
124133
124134
124135
124136
124137
124138
124139
124140
124141
124142
124143
124144
124145
124146
124147
124148
124149
124150
124151
124152
124153
124154
124155
124156
124157
124158
124159
124160
124161
124162
124163
124164
124165
124166
124167
124168
124169
124170
124171
124172
124173
124174
124175
124176
124177
124178
124179
124180
124181
124182
124183
124184
124185
124186
124187
124188
124189
124190
124191
124192
124193
124194
124195
124196
124197
124198
124199
124200
124201
124202
124203
124204
124205
124206
124207
124208
124209
124210
124211
124212
124213
124214
124215
124216
124217
124218
124219
124220
124221
124222
124223
124224
124225
124226
124227
124228
124229
124230
124231
124232
124233
124234
124235
124236
124237
124238
124239
124240
124241
124242
124243
124244
124245
124246
124247
124248
124249
124250
124251
124252
124253
124254
124255
124256
124257
124258
124259
124260
124261
124262
124263
124264
124265
124266
124267
124268
124269
124270
124271
124272
124273
124274
124275
124276
124277
124278
124279
124280
124281
124282
124283
124284
124285
124286
124287
124288
124289
124290
124291
124292
124293
124294
124295
124296
124297
124298
124299
124300
124301
124302
124303
124304
124305
124306
124307
124308
124309
124310
124311
124312
124313
124314
124315
124316
124317
124318
124319
124320
124321
124322
124323
124324
124325
124326
124327
124328
124329
124330
124331
124332
124333
124334
124335
124336
124337
124338
124339
124340
124341
124342
124343
124344
124345
124346
124347
124348
124349
124350
124351
124352
124353
124354
124355
124356
124357
124358
124359
124360
124361
124362
124363
124364
124365
124366
124367
124368
124369
124370
124371
124372
124373
124374
124375
124376
124377
124378
124379
124380
124381
124382
124383
124384
124385
124386
124387
124388
124389
124390
124391
124392
124393
124394
124395
124396
124397
124398
124399
124400
124401
124402
124403
124404
124405
124406
124407
124408
124409
124410
124411
124412
124413
124414
124415
124416
124417
124418
124419
124420
124421
124422
124423
124424
124425
124426
124427
124428
124429
124430
124431
124432
124433
124434
124435
124436
124437
124438
124439
124440
124441
124442
124443
124444
124445
124446
124447
124448
124449
124450
124451
124452
124453
124454
124455
124456
124457
124458
124459
124460
124461
124462
124463
124464
124465
124466
124467
124468
124469
124470
124471
124472
124473
124474
124475
124476
124477
124478
124479
124480
124481
124482
124483
124484
124485
124486
124487
124488
124489
124490
124491
124492
124493
124494
124495
124496
124497
124498
124499
124500
124501
124502
124503
124504
124505
124506
124507
124508
124509
124510
124511
124512
124513
124514
124515
124516
124517
124518
124519
124520
124521
124522
124523
124524
124525
124526
124527
124528
124529
124530
124531
124532
124533
124534
124535
124536
124537
124538
124539
124540
124541
124542
124543
124544
124545
124546
124547
124548
124549
124550
124551
124552
124553
124554
124555
124556
124557
124558
124559
124560
124561
124562
124563
124564
124565
124566
124567
124568
124569
124570
124571
124572
124573
124574
124575
124576
124577
124578
124579
124580
124581
124582
124583
124584
124585
124586
124587
124588
124589
124590
124591
124592
124593
124594
124595
124596
124597
124598
124599
124600
124601
124602
124603
124604
124605
124606
124607
124608
124609
124610
124611
124612
124613
124614
124615
124616
124617
124618
124619
124620
124621
124622
124623
124624
124625
124626
124627
124628
124629
124630
124631
124632
124633
124634
124635
124636
124637
124638
124639
124640
124641
124642
124643
124644
124645
124646
124647
124648
124649
124650
124651
124652
124653
124654
124655
124656
124657
124658
124659
124660
124661
124662
124663
124664
124665
124666
124667
124668
124669
124670
124671
124672
124673
124674
124675
124676
124677
124678
124679
124680
124681
124682
124683
124684
124685
124686
124687
124688
124689
124690
124691
124692
124693
124694
124695
124696
124697
124698
124699
124700
124701
124702
124703
124704
124705
124706
124707
124708
124709
124710
124711
124712
124713
124714
124715
124716
124717
124718
124719
124720
124721
124722
124723
124724
124725
124726
124727
124728
124729
124730
124731
124732
124733
124734
124735
124736
124737
124738
124739
124740
124741
124742
124743
124744
124745
124746
124747
124748
124749
124750
124751
124752
124753
124754
124755
124756
124757
124758
124759
124760
124761
124762
124763
124764
124765
124766
124767
124768
124769
124770
124771
124772
124773
124774
124775
124776
124777
124778
124779
124780
124781
124782
124783
124784
124785
124786
124787
124788
124789
124790
124791
124792
124793
124794
124795
124796
124797
124798
124799
124800
124801
124802
124803
124804
124805
124806
124807
124808
124809
124810
124811
124812
124813
124814
124815
124816
124817
124818
124819
124820
124821
124822
124823
124824
124825
124826
124827
124828
124829
124830
124831
124832
124833
124834
124835
124836
124837
124838
124839
124840
124841
124842
124843
124844
124845
124846
124847
124848
124849
124850
124851
124852
124853
124854
124855
124856
124857
124858
124859
124860
124861
124862
124863
124864
124865
124866
124867
124868
124869
124870
124871
124872
124873
124874
124875
124876
124877
124878
124879
124880
124881
124882
124883
124884
124885
124886
124887
124888
124889
124890
124891
124892
124893
124894
124895
124896
124897
124898
124899
124900
124901
124902
124903
124904
124905
124906
124907
124908
124909
124910
124911
124912
124913
124914
124915
124916
124917
124918
124919
124920
124921
124922
124923
124924
124925
124926
124927
124928
124929
124930
124931
124932
124933
124934
124935
124936
124937
124938
124939
124940
124941
124942
124943
124944
124945
124946
124947
124948
124949
124950
124951
124952
124953
124954
124955
124956
124957
124958
124959
124960
124961
124962
124963
124964
124965
124966
124967
124968
124969
124970
124971
124972
124973
124974
124975
124976
124977
124978
124979
124980
124981
124982
124983
124984
124985
124986
124987
124988
124989
124990
124991
124992
124993
124994
124995
124996
124997
124998
124999
125000
125001
125002
125003
125004
125005
125006
125007
125008
125009
125010
125011
125012
125013
125014
125015
125016
125017
125018
125019
125020
125021
125022
125023
125024
125025
125026
125027
125028
125029
125030
125031
125032
125033
125034
125035
125036
125037
125038
125039
125040
125041
125042
125043
125044
125045
125046
125047
125048
125049
125050
125051
125052
125053
125054
125055
125056
125057
125058
125059
125060
125061
125062
125063
125064
125065
125066
125067
125068
125069
125070
125071
125072
125073
125074
125075
125076
125077
125078
125079
125080
125081
125082
125083
125084
125085
125086
125087
125088
125089
125090
125091
125092
125093
125094
125095
125096
125097
125098
125099
125100
125101
125102
125103
125104
125105
125106
125107
125108
125109
125110
125111
125112
125113
125114
125115
125116
125117
125118
125119
125120
125121
125122
125123
125124
125125
125126
125127
125128
125129
125130
125131
125132
125133
125134
125135
125136
125137
125138
125139
125140
125141
125142
125143
125144
125145
125146
125147
125148
125149
125150
125151
125152
125153
125154
125155
125156
125157
125158
125159
125160
125161
125162
125163
125164
125165
125166
125167
125168
125169
125170
125171
125172
125173
125174
125175
125176
125177
125178
125179
125180
125181
125182
125183
125184
125185
125186
125187
125188
125189
125190
125191
125192
125193
125194
125195
125196
125197
125198
125199
125200
125201
125202
125203
125204
125205
125206
125207
125208
125209
125210
125211
125212
125213
125214
125215
125216
125217
125218
125219
125220
125221
125222
125223
125224
125225
125226
125227
125228
125229
125230
125231
125232
125233
125234
125235
125236
125237
125238
125239
125240
125241
125242
125243
125244
125245
125246
125247
125248
125249
125250
125251
125252
125253
125254
125255
125256
125257
125258
125259
125260
125261
125262
125263
125264
125265
125266
125267
125268
125269
125270
125271
125272
125273
125274
125275
125276
125277
125278
125279
125280
125281
125282
125283
125284
125285
125286
125287
125288
125289
125290
125291
125292
125293
125294
125295
125296
125297
125298
125299
125300
125301
125302
125303
125304
125305
125306
125307
125308
125309
125310
125311
125312
125313
125314
125315
125316
125317
125318
125319
125320
125321
125322
125323
125324
125325
125326
125327
125328
125329
125330
125331
125332
125333
125334
125335
125336
125337
125338
125339
125340
125341
125342
125343
125344
125345
125346
125347
125348
125349
125350
125351
125352
125353
125354
125355
125356
125357
125358
125359
125360
125361
125362
125363
125364
125365
125366
125367
125368
125369
125370
125371
125372
125373
125374
125375
125376
125377
125378
125379
125380
125381
125382
125383
125384
125385
125386
125387
125388
125389
125390
125391
125392
125393
125394
125395
125396
125397
125398
125399
125400
125401
125402
125403
125404
125405
125406
125407
125408
125409
125410
125411
125412
125413
125414
125415
125416
125417
125418
125419
125420
125421
125422
125423
125424
125425
125426
125427
125428
125429
125430
125431
125432
125433
125434
125435
125436
125437
125438
125439
125440
125441
125442
125443
125444
125445
125446
125447
125448
125449
125450
125451
125452
125453
125454
125455
125456
125457
125458
125459
125460
125461
125462
125463
125464
125465
125466
125467
125468
125469
125470
125471
125472
125473
125474
125475
125476
125477
125478
125479
125480
125481
125482
125483
125484
125485
125486
125487
125488
125489
125490
125491
125492
125493
125494
125495
125496
125497
125498
125499
125500
125501
125502
125503
125504
125505
125506
125507
125508
125509
125510
125511
125512
125513
125514
125515
125516
125517
125518
125519
125520
125521
125522
125523
125524
125525
125526
125527
125528
125529
125530
125531
125532
125533
125534
125535
125536
125537
125538
125539
125540
125541
125542
125543
125544
125545
125546
125547
125548
125549
125550
125551
125552
125553
125554
125555
125556
125557
125558
125559
125560
125561
125562
125563
125564
125565
125566
125567
125568
125569
125570
125571
125572
125573
125574
125575
125576
125577
125578
125579
125580
125581
125582
125583
125584
125585
125586
125587
125588
125589
125590
125591
125592
125593
125594
125595
125596
125597
125598
125599
125600
125601
125602
125603
125604
125605
125606
125607
125608
125609
125610
125611
125612
125613
125614
125615
125616
125617
125618
125619
125620
125621
125622
125623
125624
125625
125626
125627
125628
125629
125630
125631
125632
125633
125634
125635
125636
125637
125638
125639
125640
125641
125642
125643
125644
125645
125646
125647
125648
125649
125650
125651
125652
125653
125654
125655
125656
125657
125658
125659
125660
125661
125662
125663
125664
125665
125666
125667
125668
125669
125670
125671
125672
125673
125674
125675
125676
125677
125678
125679
125680
125681
125682
125683
125684
125685
125686
125687
125688
125689
125690
125691
125692
125693
125694
125695
125696
125697
125698
125699
125700
125701
125702
125703
125704
125705
125706
125707
125708
125709
125710
125711
125712
125713
125714
125715
125716
125717
125718
125719
125720
125721
125722
125723
125724
125725
125726
125727
125728
125729
125730
125731
125732
125733
125734
125735
125736
125737
125738
125739
125740
125741
125742
125743
125744
125745
125746
125747
125748
125749
125750
125751
125752
125753
125754
125755
125756
125757
125758
125759
125760
125761
125762
125763
125764
125765
125766
125767
125768
125769
125770
125771
125772
125773
125774
125775
125776
125777
125778
125779
125780
125781
125782
125783
125784
125785
125786
125787
125788
125789
125790
125791
125792
125793
125794
125795
125796
125797
125798
125799
125800
125801
125802
125803
125804
125805
125806
125807
125808
125809
125810
125811
125812
125813
125814
125815
125816
125817
125818
125819
125820
125821
125822
125823
125824
125825
125826
125827
125828
125829
125830
125831
125832
125833
125834
125835
125836
125837
125838
125839
125840
125841
125842
125843
125844
125845
125846
125847
125848
125849
125850
125851
125852
125853
125854
125855
125856
125857
125858
125859
125860
125861
125862
125863
125864
125865
125866
125867
125868
125869
125870
125871
125872
125873
125874
125875
125876
125877
125878
125879
125880
125881
125882
125883
125884
125885
125886
125887
125888
125889
125890
125891
125892
125893
125894
125895
125896
125897
125898
125899
125900
125901
125902
125903
125904
125905
125906
125907
125908
125909
125910
125911
125912
125913
125914
125915
125916
125917
125918
125919
125920
125921
125922
125923
125924
125925
125926
125927
125928
125929
125930
125931
125932
125933
125934
125935
125936
125937
125938
125939
125940
125941
125942
125943
125944
125945
125946
125947
125948
125949
125950
125951
125952
125953
125954
125955
125956
125957
125958
125959
125960
125961
125962
125963
125964
125965
125966
125967
125968
125969
125970
125971
125972
125973
125974
125975
125976
125977
125978
125979
125980
125981
125982
125983
125984
125985
125986
125987
125988
125989
125990
125991
125992
125993
125994
125995
125996
125997
125998
125999
126000
126001
126002
126003
126004
126005
126006
126007
126008
126009
126010
126011
126012
126013
126014
126015
126016
126017
126018
126019
126020
126021
126022
126023
126024
126025
126026
126027
126028
126029
126030
126031
126032
126033
126034
126035
126036
126037
126038
126039
126040
126041
126042
126043
126044
126045
126046
126047
126048
126049
126050
126051
126052
126053
126054
126055
126056
126057
126058
126059
126060
126061
126062
126063
126064
126065
126066
126067
126068
126069
126070
126071
126072
126073
126074
126075
126076
126077
126078
126079
126080
126081
126082
126083
126084
126085
126086
126087
126088
126089
126090
126091
126092
126093
126094
126095
126096
126097
126098
126099
126100
126101
126102
126103
126104
126105
126106
126107
126108
126109
126110
126111
126112
126113
126114
126115
126116
126117
126118
126119
126120
126121
126122
126123
126124
126125
126126
126127
126128
126129
126130
126131
126132
126133
126134
126135
126136
126137
126138
126139
126140
126141
126142
126143
126144
126145
126146
126147
126148
126149
126150
126151
126152
126153
126154
126155
126156
126157
126158
126159
126160
126161
126162
126163
126164
126165
126166
126167
126168
126169
126170
126171
126172
126173
126174
126175
126176
126177
126178
126179
126180
126181
126182
126183
126184
126185
126186
126187
126188
126189
126190
126191
126192
126193
126194
126195
126196
126197
126198
126199
126200
126201
126202
126203
126204
126205
126206
126207
126208
126209
126210
126211
126212
126213
126214
126215
126216
126217
126218
126219
126220
126221
126222
126223
126224
126225
126226
126227
126228
126229
126230
126231
126232
126233
126234
126235
126236
126237
126238
126239
126240
126241
126242
126243
126244
126245
126246
126247
126248
126249
126250
126251
126252
126253
126254
126255
126256
126257
126258
126259
126260
126261
126262
126263
126264
126265
126266
126267
126268
126269
126270
126271
126272
126273
126274
126275
126276
126277
126278
126279
126280
126281
126282
126283
126284
126285
126286
126287
126288
126289
126290
126291
126292
126293
126294
126295
126296
126297
126298
126299
126300
126301
126302
126303
126304
126305
126306
126307
126308
126309
126310
126311
126312
126313
126314
126315
126316
126317
126318
126319
126320
126321
126322
126323
126324
126325
126326
126327
126328
126329
126330
126331
126332
126333
126334
126335
126336
126337
126338
126339
126340
126341
126342
126343
126344
126345
126346
126347
126348
126349
126350
126351
126352
126353
126354
126355
126356
126357
126358
126359
126360
126361
126362
126363
126364
126365
126366
126367
126368
126369
126370
126371
126372
126373
126374
126375
126376
126377
126378
126379
126380
126381
126382
126383
126384
126385
126386
126387
126388
126389
126390
126391
126392
126393
126394
126395
126396
126397
126398
126399
126400
126401
126402
126403
126404
126405
126406
126407
126408
126409
126410
126411
126412
126413
126414
126415
126416
126417
126418
126419
126420
126421
126422
126423
126424
126425
126426
126427
126428
126429
126430
126431
126432
126433
126434
126435
126436
126437
126438
126439
126440
126441
126442
126443
126444
126445
126446
126447
126448
126449
126450
126451
126452
126453
126454
126455
126456
126457
126458
126459
126460
126461
126462
126463
126464
126465
126466
126467
126468
126469
126470
126471
126472
126473
126474
126475
126476
126477
126478
126479
126480
126481
126482
126483
126484
126485
126486
126487
126488
126489
126490
126491
126492
126493
126494
126495
126496
126497
126498
126499
126500
126501
126502
126503
126504
126505
126506
126507
126508
126509
126510
126511
126512
126513
126514
126515
126516
126517
126518
126519
126520
126521
126522
126523
126524
126525
126526
126527
126528
126529
126530
126531
126532
126533
126534
126535
126536
126537
126538
126539
126540
126541
126542
126543
126544
126545
126546
126547
126548
126549
126550
126551
126552
126553
126554
126555
126556
126557
126558
126559
126560
126561
126562
126563
126564
126565
126566
126567
126568
126569
126570
126571
126572
126573
126574
126575
126576
126577
126578
126579
126580
126581
126582
126583
126584
126585
126586
126587
126588
126589
126590
126591
126592
126593
126594
126595
126596
126597
126598
126599
126600
126601
126602
126603
126604
126605
126606
126607
126608
126609
126610
126611
126612
126613
126614
126615
126616
126617
126618
126619
126620
126621
126622
126623
126624
126625
126626
126627
126628
126629
126630
126631
126632
126633
126634
126635
126636
126637
126638
126639
126640
126641
126642
126643
126644
126645
126646
126647
126648
126649
126650
126651
126652
126653
126654
126655
126656
126657
126658
126659
126660
126661
126662
126663
126664
126665
126666
126667
126668
126669
126670
126671
126672
126673
126674
126675
126676
126677
126678
126679
126680
126681
126682
126683
126684
126685
126686
126687
126688
126689
126690
126691
126692
126693
126694
126695
126696
126697
126698
126699
126700
126701
126702
126703
126704
126705
126706
126707
126708
126709
126710
126711
126712
126713
126714
126715
126716
126717
126718
126719
126720
126721
126722
126723
126724
126725
126726
126727
126728
126729
126730
126731
126732
126733
126734
126735
126736
126737
126738
126739
126740
126741
126742
126743
126744
126745
126746
126747
126748
126749
126750
126751
126752
126753
126754
126755
126756
126757
126758
126759
126760
126761
126762
126763
126764
126765
126766
126767
126768
126769
126770
126771
126772
126773
126774
126775
126776
126777
126778
126779
126780
126781
126782
126783
126784
126785
126786
126787
126788
126789
126790
126791
126792
126793
126794
126795
126796
126797
126798
126799
126800
126801
126802
126803
126804
126805
126806
126807
126808
126809
126810
126811
126812
126813
126814
126815
126816
126817
126818
126819
126820
126821
126822
126823
126824
126825
126826
126827
126828
126829
126830
126831
126832
126833
126834
126835
126836
126837
126838
126839
126840
126841
126842
126843
126844
126845
126846
126847
126848
126849
126850
126851
126852
126853
126854
126855
126856
126857
126858
126859
126860
126861
126862
126863
126864
126865
126866
126867
126868
126869
126870
126871
126872
126873
126874
126875
126876
126877
126878
126879
126880
126881
126882
126883
126884
126885
126886
126887
126888
126889
126890
126891
126892
126893
126894
126895
126896
126897
126898
126899
126900
126901
126902
126903
126904
126905
126906
126907
126908
126909
126910
126911
126912
126913
126914
126915
126916
126917
126918
126919
126920
126921
126922
126923
126924
126925
126926
126927
126928
126929
126930
126931
126932
126933
126934
126935
126936
126937
126938
126939
126940
126941
126942
126943
126944
126945
126946
126947
126948
126949
126950
126951
126952
126953
126954
126955
126956
126957
126958
126959
126960
126961
126962
126963
126964
126965
126966
126967
126968
126969
126970
126971
126972
126973
126974
126975
126976
126977
126978
126979
126980
126981
126982
126983
126984
126985
126986
126987
126988
126989
126990
126991
126992
126993
126994
126995
126996
126997
126998
126999
127000
127001
127002
127003
127004
127005
127006
127007
127008
127009
127010
127011
127012
127013
127014
127015
127016
127017
127018
127019
127020
127021
127022
127023
127024
127025
127026
127027
127028
127029
127030
127031
127032
127033
127034
127035
127036
127037
127038
127039
127040
127041
127042
127043
127044
127045
127046
127047
127048
127049
127050
127051
127052
127053
127054
127055
127056
127057
127058
127059
127060
127061
127062
127063
127064
127065
127066
127067
127068
127069
127070
127071
127072
127073
127074
127075
127076
127077
127078
127079
127080
127081
127082
127083
127084
127085
127086
127087
127088
127089
127090
127091
127092
127093
127094
127095
127096
127097
127098
127099
127100
127101
127102
127103
127104
127105
127106
127107
127108
127109
127110
127111
127112
127113
127114
127115
127116
127117
127118
127119
127120
127121
127122
127123
127124
127125
127126
127127
127128
127129
127130
127131
127132
127133
127134
127135
127136
127137
127138
127139
127140
127141
127142
127143
127144
127145
127146
127147
127148
127149
127150
127151
127152
127153
127154
127155
127156
127157
127158
127159
127160
127161
127162
127163
127164
127165
127166
127167
127168
127169
127170
127171
127172
127173
127174
127175
127176
127177
127178
127179
127180
127181
127182
127183
127184
127185
127186
127187
127188
127189
127190
127191
127192
127193
127194
127195
127196
127197
127198
127199
127200
127201
127202
127203
127204
127205
127206
127207
127208
127209
127210
127211
127212
127213
127214
127215
127216
127217
127218
127219
127220
127221
127222
127223
127224
127225
127226
127227
127228
127229
127230
127231
127232
127233
127234
127235
127236
127237
127238
127239
127240
127241
127242
127243
127244
127245
127246
127247
127248
127249
127250
127251
127252
127253
127254
127255
127256
127257
127258
127259
127260
127261
127262
127263
127264
127265
127266
127267
127268
127269
127270
127271
127272
127273
127274
127275
127276
127277
127278
127279
127280
127281
127282
127283
127284
127285
127286
127287
127288
127289
127290
127291
127292
127293
127294
127295
127296
127297
127298
127299
127300
127301
127302
127303
127304
127305
127306
127307
127308
127309
127310
127311
127312
127313
127314
127315
127316
127317
127318
127319
127320
127321
127322
127323
127324
127325
127326
127327
127328
127329
127330
127331
127332
127333
127334
127335
127336
127337
127338
127339
127340
127341
127342
127343
127344
127345
127346
127347
127348
127349
127350
127351
127352
127353
127354
127355
127356
127357
127358
127359
127360
127361
127362
127363
127364
127365
127366
127367
127368
127369
127370
127371
127372
127373
127374
127375
127376
127377
127378
127379
127380
127381
127382
127383
127384
127385
127386
127387
127388
127389
127390
127391
127392
127393
127394
127395
127396
127397
127398
127399
127400
127401
127402
127403
127404
127405
127406
127407
127408
127409
127410
127411
127412
127413
127414
127415
127416
127417
127418
127419
127420
127421
127422
127423
127424
127425
127426
127427
127428
127429
127430
127431
127432
127433
127434
127435
127436
127437
127438
127439
127440
127441
127442
127443
127444
127445
127446
127447
127448
127449
127450
127451
127452
127453
127454
127455
127456
127457
127458
127459
127460
127461
127462
127463
127464
127465
127466
127467
127468
127469
127470
127471
127472
127473
127474
127475
127476
127477
127478
127479
127480
127481
127482
127483
127484
127485
127486
127487
127488
127489
127490
127491
127492
127493
127494
127495
127496
127497
127498
127499
127500
127501
127502
127503
127504
127505
127506
127507
127508
127509
127510
127511
127512
127513
127514
127515
127516
127517
127518
127519
127520
127521
127522
127523
127524
127525
127526
127527
127528
127529
127530
127531
127532
127533
127534
127535
127536
127537
127538
127539
127540
127541
127542
127543
127544
127545
127546
127547
127548
127549
127550
127551
127552
127553
127554
127555
127556
127557
127558
127559
127560
127561
127562
127563
127564
127565
127566
127567
127568
127569
127570
127571
127572
127573
127574
127575
127576
127577
127578
127579
127580
127581
127582
127583
127584
127585
127586
127587
127588
127589
127590
127591
127592
127593
127594
127595
127596
127597
127598
127599
127600
127601
127602
127603
127604
127605
127606
127607
127608
127609
127610
127611
127612
127613
127614
127615
127616
127617
127618
127619
127620
127621
127622
127623
127624
127625
127626
127627
127628
127629
127630
127631
127632
127633
127634
127635
127636
127637
127638
127639
127640
127641
127642
127643
127644
127645
127646
127647
127648
127649
127650
127651
127652
127653
127654
127655
127656
127657
127658
127659
127660
127661
127662
127663
127664
127665
127666
127667
127668
127669
127670
127671
127672
127673
127674
127675
127676
127677
127678
127679
127680
127681
127682
127683
127684
127685
127686
127687
127688
127689
127690
127691
127692
127693
127694
127695
127696
127697
127698
127699
127700
127701
127702
127703
127704
127705
127706
127707
127708
127709
127710
127711
127712
127713
127714
127715
127716
127717
127718
127719
127720
127721
127722
127723
127724
127725
127726
127727
127728
127729
127730
127731
127732
127733
127734
127735
127736
127737
127738
127739
127740
127741
127742
127743
127744
127745
127746
127747
127748
127749
127750
127751
127752
127753
127754
127755
127756
127757
127758
127759
127760
127761
127762
127763
127764
127765
127766
127767
127768
127769
127770
127771
127772
127773
127774
127775
127776
127777
127778
127779
127780
127781
127782
127783
127784
127785
127786
127787
127788
127789
127790
127791
127792
127793
127794
127795
127796
127797
127798
127799
127800
127801
127802
127803
127804
127805
127806
127807
127808
127809
127810
127811
127812
127813
127814
127815
127816
127817
127818
127819
127820
127821
127822
127823
127824
127825
127826
127827
127828
127829
127830
127831
127832
127833
127834
127835
127836
127837
127838
127839
127840
127841
127842
127843
127844
127845
127846
127847
127848
127849
127850
127851
127852
127853
127854
127855
127856
127857
127858
127859
127860
127861
127862
127863
127864
127865
127866
127867
127868
127869
127870
127871
127872
127873
127874
127875
127876
127877
127878
127879
127880
127881
127882
127883
127884
127885
127886
127887
127888
127889
127890
127891
127892
127893
127894
127895
127896
127897
127898
127899
127900
127901
127902
127903
127904
127905
127906
127907
127908
127909
127910
127911
127912
127913
127914
127915
127916
127917
127918
127919
127920
127921
127922
127923
127924
127925
127926
127927
127928
127929
127930
127931
127932
127933
127934
127935
127936
127937
127938
127939
127940
127941
127942
127943
127944
127945
127946
127947
127948
127949
127950
127951
127952
127953
127954
127955
127956
127957
127958
127959
127960
127961
127962
127963
127964
127965
127966
127967
127968
127969
127970
127971
127972
127973
127974
127975
127976
127977
127978
127979
127980
127981
127982
127983
127984
127985
127986
127987
127988
127989
127990
127991
127992
127993
127994
127995
127996
127997
127998
127999
128000
128001
128002
128003
128004
128005
128006
128007
128008
128009
128010
128011
128012
128013
128014
128015
128016
128017
128018
128019
128020
128021
128022
128023
128024
128025
128026
128027
128028
128029
128030
128031
128032
128033
128034
128035
128036
128037
128038
128039
128040
128041
128042
128043
128044
128045
128046
128047
128048
128049
128050
128051
128052
128053
128054
128055
128056
128057
128058
128059
128060
128061
128062
128063
128064
128065
128066
128067
128068
128069
128070
128071
128072
128073
128074
128075
128076
128077
128078
128079
128080
128081
128082
128083
128084
128085
128086
128087
128088
128089
128090
128091
128092
128093
128094
128095
128096
128097
128098
128099
128100
128101
128102
128103
128104
128105
128106
128107
128108
128109
128110
128111
128112
128113
128114
128115
128116
128117
128118
128119
128120
128121
128122
128123
128124
128125
128126
128127
128128
128129
128130
128131
128132
128133
128134
128135
128136
128137
128138
128139
128140
128141
128142
128143
128144
128145
128146
128147
128148
128149
128150
128151
128152
128153
128154
128155
128156
128157
128158
128159
128160
128161
128162
128163
128164
128165
128166
128167
128168
128169
128170
128171
128172
128173
128174
128175
128176
128177
128178
128179
128180
128181
128182
128183
128184
128185
128186
128187
128188
128189
128190
128191
128192
128193
128194
128195
128196
128197
128198
128199
128200
128201
128202
128203
128204
128205
128206
128207
128208
128209
128210
128211
128212
128213
128214
128215
128216
128217
128218
128219
128220
128221
128222
128223
128224
128225
128226
128227
128228
128229
128230
128231
128232
128233
128234
128235
128236
128237
128238
128239
128240
128241
128242
128243
128244
128245
128246
128247
128248
128249
128250
128251
128252
128253
128254
128255
128256
128257
128258
128259
128260
128261
128262
128263
128264
128265
128266
128267
128268
128269
128270
128271
128272
128273
128274
128275
128276
128277
128278
128279
128280
128281
128282
128283
128284
128285
128286
128287
128288
128289
128290
128291
128292
128293
128294
128295
128296
128297
128298
128299
128300
128301
128302
128303
128304
128305
128306
128307
128308
128309
128310
128311
128312
128313
128314
128315
128316
128317
128318
128319
128320
128321
128322
128323
128324
128325
128326
128327
128328
128329
128330
128331
128332
128333
128334
128335
128336
128337
128338
128339
128340
128341
128342
128343
128344
128345
128346
128347
128348
128349
128350
128351
128352
128353
128354
128355
128356
128357
128358
128359
128360
128361
128362
128363
128364
128365
128366
128367
128368
128369
128370
128371
128372
128373
128374
128375
128376
128377
128378
128379
128380
128381
128382
128383
128384
128385
128386
128387
128388
128389
128390
128391
128392
128393
128394
128395
128396
128397
128398
128399
128400
128401
128402
128403
128404
128405
128406
128407
128408
128409
128410
128411
128412
128413
128414
128415
128416
128417
128418
128419
128420
128421
128422
128423
128424
128425
128426
128427
128428
128429
128430
128431
128432
128433
128434
128435
128436
128437
128438
128439
128440
128441
128442
128443
128444
128445
128446
128447
128448
128449
128450
128451
128452
128453
128454
128455
128456
128457
128458
128459
128460
128461
128462
128463
128464
128465
128466
128467
128468
128469
128470
128471
128472
128473
128474
128475
128476
128477
128478
128479
128480
128481
128482
128483
128484
128485
128486
128487
128488
128489
128490
128491
128492
128493
128494
128495
128496
128497
128498
128499
128500
128501
128502
128503
128504
128505
128506
128507
128508
128509
128510
128511
128512
128513
128514
128515
128516
128517
128518
128519
128520
128521
128522
128523
128524
128525
128526
128527
128528
128529
128530
128531
128532
128533
128534
128535
128536
128537
128538
128539
128540
128541
128542
128543
128544
128545
128546
128547
128548
128549
128550
128551
128552
128553
128554
128555
128556
128557
128558
128559
128560
128561
128562
128563
128564
128565
128566
128567
128568
128569
128570
128571
128572
128573
128574
128575
128576
128577
128578
128579
128580
128581
128582
128583
128584
128585
128586
128587
128588
128589
128590
128591
128592
128593
128594
128595
128596
128597
128598
128599
128600
128601
128602
128603
128604
128605
128606
128607
128608
128609
128610
128611
128612
128613
128614
128615
128616
128617
128618
128619
128620
128621
128622
128623
128624
128625
128626
128627
128628
128629
128630
128631
128632
128633
128634
128635
128636
128637
128638
128639
128640
128641
128642
128643
128644
128645
128646
128647
128648
128649
128650
128651
128652
128653
128654
128655
128656
128657
128658
128659
128660
128661
128662
128663
128664
128665
128666
128667
128668
128669
128670
128671
128672
128673
128674
128675
128676
128677
128678
128679
128680
128681
128682
128683
128684
128685
128686
128687
128688
128689
128690
128691
128692
128693
128694
128695
128696
128697
128698
128699
128700
128701
128702
128703
128704
128705
128706
128707
128708
128709
128710
128711
128712
128713
128714
128715
128716
128717
128718
128719
128720
128721
128722
128723
128724
128725
128726
128727
128728
128729
128730
128731
128732
128733
128734
128735
128736
128737
128738
128739
128740
128741
128742
128743
128744
128745
128746
128747
128748
128749
128750
128751
128752
128753
128754
128755
128756
128757
128758
128759
128760
128761
128762
128763
128764
128765
128766
128767
128768
128769
128770
128771
128772
128773
128774
128775
128776
128777
128778
128779
128780
128781
128782
128783
128784
128785
128786
128787
128788
128789
128790
128791
128792
128793
128794
128795
128796
128797
128798
128799
128800
128801
128802
128803
128804
128805
128806
128807
128808
128809
128810
128811
128812
128813
128814
128815
128816
128817
128818
128819
128820
128821
128822
128823
128824
128825
128826
128827
128828
128829
128830
128831
128832
128833
128834
128835
128836
128837
128838
128839
128840
128841
128842
128843
128844
128845
128846
128847
128848
128849
128850
128851
128852
128853
128854
128855
128856
128857
128858
128859
128860
128861
128862
128863
128864
128865
128866
128867
128868
128869
128870
128871
128872
128873
128874
128875
128876
128877
128878
128879
128880
128881
128882
128883
128884
128885
128886
128887
128888
128889
128890
128891
128892
128893
128894
128895
128896
128897
128898
128899
128900
128901
128902
128903
128904
128905
128906
128907
128908
128909
128910
128911
128912
128913
128914
128915
128916
128917
128918
128919
128920
128921
128922
128923
128924
128925
128926
128927
128928
128929
128930
128931
128932
128933
128934
128935
128936
128937
128938
128939
128940
128941
128942
128943
128944
128945
128946
128947
128948
128949
128950
128951
128952
128953
128954
128955
128956
128957
128958
128959
128960
128961
128962
128963
128964
128965
128966
128967
128968
128969
128970
128971
128972
128973
128974
128975
128976
128977
128978
128979
128980
128981
128982
128983
128984
128985
128986
128987
128988
128989
128990
128991
128992
128993
128994
128995
128996
128997
128998
128999
129000
129001
129002
129003
129004
129005
129006
129007
129008
129009
129010
129011
129012
129013
129014
129015
129016
129017
129018
129019
129020
129021
129022
129023
129024
129025
129026
129027
129028
129029
129030
129031
129032
129033
129034
129035
129036
129037
129038
129039
129040
129041
129042
129043
129044
129045
129046
129047
129048
129049
129050
129051
129052
129053
129054
129055
129056
129057
129058
129059
129060
129061
129062
129063
129064
129065
129066
129067
129068
129069
129070
129071
129072
129073
129074
129075
129076
129077
129078
129079
129080
129081
129082
129083
129084
129085
129086
129087
129088
129089
129090
129091
129092
129093
129094
129095
129096
129097
129098
129099
129100
129101
129102
129103
129104
129105
129106
129107
129108
129109
129110
129111
129112
129113
129114
129115
129116
129117
129118
129119
129120
129121
129122
129123
129124
129125
129126
129127
129128
129129
129130
129131
129132
129133
129134
129135
129136
129137
129138
129139
129140
129141
129142
129143
129144
129145
129146
129147
129148
129149
129150
129151
129152
129153
129154
129155
129156
129157
129158
129159
129160
129161
129162
129163
129164
129165
129166
129167
129168
129169
129170
129171
129172
129173
129174
129175
129176
129177
129178
129179
129180
129181
129182
129183
129184
129185
129186
129187
129188
129189
129190
129191
129192
129193
129194
129195
129196
129197
129198
129199
129200
129201
129202
129203
129204
129205
129206
129207
129208
129209
129210
129211
129212
129213
129214
129215
129216
129217
129218
129219
129220
129221
129222
129223
129224
129225
129226
129227
129228
129229
129230
129231
129232
129233
129234
129235
129236
129237
129238
129239
129240
129241
129242
129243
129244
129245
129246
129247
129248
129249
129250
129251
129252
129253
129254
129255
129256
129257
129258
129259
129260
129261
129262
129263
129264
129265
129266
129267
129268
129269
129270
129271
129272
129273
129274
129275
129276
129277
129278
129279
129280
129281
129282
129283
129284
129285
129286
129287
129288
129289
129290
129291
129292
129293
129294
129295
129296
129297
129298
129299
129300
129301
129302
129303
129304
129305
129306
129307
129308
129309
129310
129311
129312
129313
129314
129315
129316
129317
129318
129319
129320
129321
129322
129323
129324
129325
129326
129327
129328
129329
129330
129331
129332
129333
129334
129335
129336
129337
129338
129339
129340
129341
129342
129343
129344
129345
129346
129347
129348
129349
129350
129351
129352
129353
129354
129355
129356
129357
129358
129359
129360
129361
129362
129363
129364
129365
129366
129367
129368
129369
129370
129371
129372
129373
129374
129375
129376
129377
129378
129379
129380
129381
129382
129383
129384
129385
129386
129387
129388
129389
129390
129391
129392
129393
129394
129395
129396
129397
129398
129399
129400
129401
129402
129403
129404
129405
129406
129407
129408
129409
129410
129411
129412
129413
129414
129415
129416
129417
129418
129419
129420
129421
129422
129423
129424
129425
129426
129427
129428
129429
129430
129431
129432
129433
129434
129435
129436
129437
129438
129439
129440
129441
129442
129443
129444
129445
129446
129447
129448
129449
129450
129451
129452
129453
129454
129455
129456
129457
129458
129459
129460
129461
129462
129463
129464
129465
129466
129467
129468
129469
129470
129471
129472
129473
129474
129475
129476
129477
129478
129479
129480
129481
129482
129483
129484
129485
129486
129487
129488
129489
129490
129491
129492
129493
129494
129495
129496
129497
129498
129499
129500
129501
129502
129503
129504
129505
129506
129507
129508
129509
129510
129511
129512
129513
129514
129515
129516
129517
129518
129519
129520
129521
129522
129523
129524
129525
129526
129527
129528
129529
129530
129531
129532
129533
129534
129535
129536
129537
129538
129539
129540
129541
129542
129543
129544
129545
129546
129547
129548
129549
129550
129551
129552
129553
129554
129555
129556
129557
129558
129559
129560
129561
129562
129563
129564
129565
129566
129567
129568
129569
129570
129571
129572
129573
129574
129575
129576
129577
129578
129579
129580
129581
129582
129583
129584
129585
129586
129587
129588
129589
129590
129591
129592
129593
129594
129595
129596
129597
129598
129599
129600
129601
129602
129603
129604
129605
129606
129607
129608
129609
129610
129611
129612
129613
129614
129615
129616
129617
129618
129619
129620
129621
129622
129623
129624
129625
129626
129627
129628
129629
129630
129631
129632
129633
129634
129635
129636
129637
129638
129639
129640
129641
129642
129643
129644
129645
129646
129647
129648
129649
129650
129651
129652
129653
129654
129655
129656
129657
129658
129659
129660
129661
129662
129663
129664
129665
129666
129667
129668
129669
129670
129671
129672
129673
129674
129675
129676
129677
129678
129679
129680
129681
129682
129683
129684
129685
129686
129687
129688
129689
129690
129691
129692
129693
129694
129695
129696
129697
129698
129699
129700
129701
129702
129703
129704
129705
129706
129707
129708
129709
129710
129711
129712
129713
129714
129715
129716
129717
129718
129719
129720
129721
129722
129723
129724
129725
129726
129727
129728
129729
129730
129731
129732
129733
129734
129735
129736
129737
129738
129739
129740
129741
129742
129743
129744
129745
129746
129747
129748
129749
129750
129751
129752
129753
129754
129755
129756
129757
129758
129759
129760
129761
129762
129763
129764
129765
129766
129767
129768
129769
129770
129771
129772
129773
129774
129775
129776
129777
129778
129779
129780
129781
129782
129783
129784
129785
129786
129787
129788
129789
129790
129791
129792
129793
129794
129795
129796
129797
129798
129799
129800
129801
129802
129803
129804
129805
129806
129807
129808
129809
129810
129811
129812
129813
129814
129815
129816
129817
129818
129819
129820
129821
129822
129823
129824
129825
129826
129827
129828
129829
129830
129831
129832
129833
129834
129835
129836
129837
129838
129839
129840
129841
129842
129843
129844
129845
129846
129847
129848
129849
129850
129851
129852
129853
129854
129855
129856
129857
129858
129859
129860
129861
129862
129863
129864
129865
129866
129867
129868
129869
129870
129871
129872
129873
129874
129875
129876
129877
129878
129879
129880
129881
129882
129883
129884
129885
129886
129887
129888
129889
129890
129891
129892
129893
129894
129895
129896
129897
129898
129899
129900
129901
129902
129903
129904
129905
129906
129907
129908
129909
129910
129911
129912
129913
129914
129915
129916
129917
129918
129919
129920
129921
129922
129923
129924
129925
129926
129927
129928
129929
129930
129931
129932
129933
129934
129935
129936
129937
129938
129939
129940
129941
129942
129943
129944
129945
129946
129947
129948
129949
129950
129951
129952
129953
129954
129955
129956
129957
129958
129959
129960
129961
129962
129963
129964
129965
129966
129967
129968
129969
129970
129971
129972
129973
129974
129975
129976
129977
129978
129979
129980
129981
129982
129983
129984
129985
129986
129987
129988
129989
129990
129991
129992
129993
129994
129995
129996
129997
129998
129999
130000
130001
130002
130003
130004
130005
130006
130007
130008
130009
130010
130011
130012
130013
130014
130015
130016
130017
130018
130019
130020
130021
130022
130023
130024
130025
130026
130027
130028
130029
130030
130031
130032
130033
130034
130035
130036
130037
130038
130039
130040
130041
130042
130043
130044
130045
130046
130047
130048
130049
130050
130051
130052
130053
130054
130055
130056
130057
130058
130059
130060
130061
130062
130063
130064
130065
130066
130067
130068
130069
130070
130071
130072
130073
130074
130075
130076
130077
130078
130079
130080
130081
130082
130083
130084
130085
130086
130087
130088
130089
130090
130091
130092
130093
130094
130095
130096
130097
130098
130099
130100
130101
130102
130103
130104
130105
130106
130107
130108
130109
130110
130111
130112
130113
130114
130115
130116
130117
130118
130119
130120
130121
130122
130123
130124
130125
130126
130127
130128
130129
130130
130131
130132
130133
130134
130135
130136
130137
130138
130139
130140
130141
130142
130143
130144
130145
130146
130147
130148
130149
130150
130151
130152
130153
130154
130155
130156
130157
130158
130159
130160
130161
130162
130163
130164
130165
130166
130167
130168
130169
130170
130171
130172
130173
130174
130175
130176
130177
130178
130179
130180
130181
130182
130183
130184
130185
130186
130187
130188
130189
130190
130191
130192
130193
130194
130195
130196
130197
130198
130199
130200
130201
130202
130203
130204
130205
130206
130207
130208
